# Blender 5.0.1
# www.blender.org
mtllib morgies_neon_sign.mtl
o morgies_neon_sign
v -0.349063 -0.079090 0.049889
v -0.351813 -0.076340 0.051500
v -0.354563 -0.073590 0.049889
v -0.355702 -0.072451 0.046000
v -0.354563 -0.073590 0.042111
v -0.351813 -0.076340 0.040500
v -0.349063 -0.079090 0.042111
v -0.347924 -0.080229 0.046000
v -0.372713 -0.079090 0.049889
v -0.369963 -0.076340 0.051500
v -0.367213 -0.073590 0.049889
v -0.366074 -0.072451 0.046000
v -0.367213 -0.073590 0.042111
v -0.369963 -0.076340 0.040500
v -0.372713 -0.079090 0.042111
v -0.373852 -0.080229 0.046000
v -0.373852 -0.017174 0.049889
v -0.369963 -0.017178 0.051500
v -0.366074 -0.017181 0.049889
v -0.364463 -0.017183 0.046000
v -0.366074 -0.017181 0.042111
v -0.369963 -0.017178 0.040500
v -0.373852 -0.017174 0.042111
v -0.375463 -0.017173 0.046000
v -0.373851 -0.016361 0.049889
v -0.369962 -0.016374 0.051500
v -0.366073 -0.016388 0.049889
v -0.364462 -0.016393 0.046000
v -0.366073 -0.016388 0.042111
v -0.369962 -0.016374 0.040500
v -0.373851 -0.016361 0.042111
v -0.375462 -0.016355 0.046000
v -0.373847 -0.015544 0.049889
v -0.369958 -0.015571 0.051500
v -0.366069 -0.015597 0.049889
v -0.364458 -0.015609 0.046000
v -0.366069 -0.015597 0.042111
v -0.369958 -0.015571 0.040500
v -0.373847 -0.015544 0.042111
v -0.375458 -0.015533 0.046000
v -0.373840 -0.014727 0.049889
v -0.369951 -0.014767 0.051500
v -0.366062 -0.014807 0.049889
v -0.364451 -0.014824 0.046000
v -0.366062 -0.014807 0.042111
v -0.369951 -0.014767 0.040500
v -0.373840 -0.014727 0.042111
v -0.375451 -0.014710 0.046000
v -0.373830 -0.013910 0.049889
v -0.369941 -0.013963 0.051500
v -0.366052 -0.014017 0.049889
v -0.364442 -0.014039 0.046000
v -0.366052 -0.014017 0.042111
v -0.369941 -0.013963 0.040500
v -0.373830 -0.013910 0.042111
v -0.375441 -0.013888 0.046000
v -0.373817 -0.013075 0.049889
v -0.369929 -0.013160 0.051500
v -0.366041 -0.013245 0.049889
v -0.364430 -0.013280 0.046000
v -0.366041 -0.013245 0.042111
v -0.369929 -0.013160 0.040500
v -0.373817 -0.013075 0.042111
v -0.375427 -0.013040 0.046000
v -0.373778 -0.011704 0.049889
v -0.369891 -0.011827 0.051500
v -0.366004 -0.011950 0.049889
v -0.364394 -0.012001 0.046000
v -0.366004 -0.011950 0.042111
v -0.369891 -0.011827 0.040500
v -0.373778 -0.011704 0.042111
v -0.375389 -0.011653 0.046000
v -0.373693 -0.009293 0.049889
v -0.369807 -0.009436 0.051500
v -0.365920 -0.009578 0.049889
v -0.364310 -0.009638 0.046000
v -0.365920 -0.009578 0.042111
v -0.369807 -0.009436 0.040500
v -0.373693 -0.009293 0.042111
v -0.375303 -0.009234 0.046000
v -0.373561 -0.005834 0.049889
v -0.369675 -0.005986 0.051500
v -0.365789 -0.006137 0.049889
v -0.364179 -0.006199 0.046000
v -0.365789 -0.006137 0.042111
v -0.369675 -0.005986 0.040500
v -0.373561 -0.005834 0.042111
v -0.375171 -0.005772 0.046000
v -0.373382 -0.001321 0.049889
v -0.369496 -0.001477 0.051500
v -0.365610 -0.001633 0.049889
v -0.364001 -0.001698 0.046000
v -0.365610 -0.001633 0.042111
v -0.369496 -0.001477 0.040500
v -0.373382 -0.001321 0.042111
v -0.374992 -0.001257 0.046000
v -0.369853 0.000245 0.049889
v -0.369271 0.004090 0.051500
v -0.368688 0.007935 0.049889
v -0.368446 0.009528 0.046000
v -0.368688 0.007935 0.042111
v -0.369271 0.004090 0.040500
v -0.369853 0.000245 0.042111
v -0.370095 -0.001348 0.046000
v -0.367380 -0.003924 0.049889
v -0.371136 -0.002913 0.051500
v -0.374891 -0.001901 0.049889
v -0.376446 -0.001483 0.046000
v -0.374891 -0.001901 0.042111
v -0.371136 -0.002913 0.040500
v -0.367380 -0.003924 0.042111
v -0.365825 -0.004342 0.046000
v -0.369046 -0.010047 0.049889
v -0.372795 -0.009012 0.051500
v -0.376544 -0.007977 0.049889
v -0.378097 -0.007548 0.046000
v -0.376544 -0.007977 0.042111
v -0.372795 -0.009012 0.040500
v -0.369046 -0.010047 0.042111
v -0.367494 -0.010475 0.046000
v -0.370511 -0.015275 0.049889
v -0.374250 -0.014207 0.051500
v -0.377990 -0.013139 0.049889
v -0.379539 -0.012697 0.046000
v -0.377990 -0.013139 0.042111
v -0.374250 -0.014207 0.040500
v -0.370511 -0.015275 0.042111
v -0.368962 -0.015718 0.046000
v -0.371774 -0.019616 0.049889
v -0.375500 -0.018500 0.051500
v -0.379225 -0.017383 0.049889
v -0.380768 -0.016921 0.046000
v -0.379225 -0.017383 0.042111
v -0.375500 -0.018500 0.040500
v -0.371774 -0.019616 0.042111
v -0.370231 -0.020079 0.046000
v -0.372836 -0.023059 0.049889
v -0.376545 -0.021889 0.051500
v -0.380253 -0.020718 0.049889
v -0.381789 -0.020233 0.046000
v -0.380253 -0.020718 0.042111
v -0.376545 -0.021889 0.040500
v -0.372836 -0.023059 0.042111
v -0.371300 -0.023544 0.046000
v -0.391852 -0.079484 0.049889
v -0.394141 -0.076340 0.051500
v -0.396429 -0.073195 0.049889
v -0.397377 -0.071893 0.046000
v -0.396429 -0.073195 0.042111
v -0.394141 -0.076340 0.040500
v -0.391852 -0.079484 0.042111
v -0.390904 -0.080787 0.046000
v -0.410977 -0.079484 0.049889
v -0.408689 -0.076340 0.051500
v -0.406400 -0.073195 0.049889
v -0.405452 -0.071893 0.046000
v -0.406400 -0.073195 0.042111
v -0.408689 -0.076340 0.040500
v -0.410977 -0.079484 0.042111
v -0.411925 -0.080787 0.046000
v -0.430006 -0.023020 0.049889
v -0.426285 -0.021889 0.051500
v -0.422564 -0.020757 0.049889
v -0.421023 -0.020288 0.046000
v -0.422564 -0.020757 0.042111
v -0.426285 -0.021889 0.040500
v -0.430006 -0.023020 0.042111
v -0.431547 -0.023489 0.046000
v -0.433063 0.000253 0.049889
v -0.433697 0.004090 0.051500
v -0.434332 0.007927 0.049889
v -0.434595 0.009516 0.046000
v -0.434332 0.007927 0.042111
v -0.433697 0.004090 0.040500
v -0.433063 0.000253 0.042111
v -0.432800 -0.001336 0.046000
v -0.429513 -0.001719 0.049889
v -0.433398 -0.001904 0.051500
v -0.437283 -0.002089 0.049889
v -0.438892 -0.002166 0.046000
v -0.437283 -0.002089 0.042111
v -0.433398 -0.001904 0.040500
v -0.429513 -0.001719 0.042111
v -0.427904 -0.001642 0.046000
v -0.429280 -0.006863 0.049889
v -0.433165 -0.007028 0.051500
v -0.437051 -0.007192 0.049889
v -0.438660 -0.007260 0.046000
v -0.437051 -0.007192 0.042111
v -0.433165 -0.007028 0.040500
v -0.429280 -0.006863 0.042111
v -0.427670 -0.006795 0.046000
v -0.429112 -0.011148 0.049889
v -0.432999 -0.011281 0.051500
v -0.436886 -0.011414 0.049889
v -0.438496 -0.011470 0.046000
v -0.436886 -0.011414 0.042111
v -0.432999 -0.011281 0.040500
v -0.429112 -0.011148 0.042111
v -0.427502 -0.011093 0.046000
v -0.429011 -0.014581 0.049889
v -0.432899 -0.014665 0.051500
v -0.436787 -0.014748 0.049889
v -0.438398 -0.014782 0.046000
v -0.436787 -0.014748 0.042111
v -0.432899 -0.014665 0.040500
v -0.429011 -0.014581 0.042111
v -0.427401 -0.014547 0.046000
v -0.428977 -0.017152 0.049889
v -0.432866 -0.017178 0.051500
v -0.436755 -0.017204 0.049889
v -0.438366 -0.017214 0.046000
v -0.436755 -0.017204 0.042111
v -0.432866 -0.017178 0.040500
v -0.428977 -0.017152 0.042111
v -0.427366 -0.017141 0.046000
v -0.430116 -0.079090 0.049889
v -0.432866 -0.076340 0.051500
v -0.435616 -0.073590 0.049889
v -0.436755 -0.072451 0.046000
v -0.435616 -0.073590 0.042111
v -0.432866 -0.076340 0.040500
v -0.430116 -0.079090 0.042111
v -0.428977 -0.080229 0.046000
v -0.453766 -0.079090 0.049889
v -0.451016 -0.076340 0.051500
v -0.448266 -0.073590 0.049889
v -0.447127 -0.072451 0.046000
v -0.448266 -0.073590 0.042111
v -0.451016 -0.076340 0.040500
v -0.453766 -0.079090 0.042111
v -0.454905 -0.080229 0.046000
v -0.453766 0.024020 0.049889
v -0.451016 0.021270 0.051500
v -0.448266 0.018520 0.049889
v -0.447127 0.017381 0.046000
v -0.448266 0.018520 0.042111
v -0.451016 0.021270 0.040500
v -0.453766 0.024020 0.042111
v -0.454905 0.025159 0.046000
v -0.421359 0.024411 0.049889
v -0.423652 0.021270 0.051500
v -0.425946 0.018129 0.049889
v -0.426895 0.016828 0.046000
v -0.425946 0.018129 0.042111
v -0.423652 0.021270 0.040500
v -0.421359 0.024411 0.042111
v -0.420409 0.025712 0.046000
v -0.402474 -0.032186 0.049889
v -0.406195 -0.033319 0.051500
v -0.409915 -0.034452 0.049889
v -0.411456 -0.034922 0.046000
v -0.409915 -0.034452 0.042111
v -0.406195 -0.033319 0.040500
v -0.402474 -0.032186 0.042111
v -0.400933 -0.031717 0.046000
v -0.400918 -0.037565 0.049889
v -0.404671 -0.038584 0.051500
v -0.408424 -0.039604 0.049889
v -0.409978 -0.040026 0.046000
v -0.408424 -0.039604 0.042111
v -0.404671 -0.038584 0.040500
v -0.400918 -0.037565 0.042111
v -0.399363 -0.037142 0.046000
v -0.401300 -0.047789 0.049889
v -0.401345 -0.051677 0.051500
v -0.401390 -0.055566 0.049889
v -0.401409 -0.057177 0.046000
v -0.401390 -0.055566 0.042111
v -0.401345 -0.051677 0.040500
v -0.401300 -0.047789 0.042111
v -0.401282 -0.046178 0.046000
v -0.400710 -0.034917 0.049889
v -0.396981 -0.036021 0.051500
v -0.393252 -0.037124 0.049889
v -0.391707 -0.037581 0.046000
v -0.393252 -0.037124 0.042111
v -0.396981 -0.036021 0.040500
v -0.400710 -0.034918 0.042111
v -0.402255 -0.034460 0.046000
v -0.381341 0.024404 0.049889
v -0.379038 0.021270 0.051500
v -0.376736 0.018136 0.049889
v -0.375782 0.016838 0.046000
v -0.376736 0.018136 0.042111
v -0.379038 0.021270 0.040500
v -0.381341 0.024404 0.042111
v -0.382295 0.025703 0.046000
v -0.349063 0.024020 0.049889
v -0.351813 0.021270 0.051500
v -0.354563 0.018520 0.049889
v -0.355702 0.017381 0.046000
v -0.354563 0.018520 0.042111
v -0.351813 0.021270 0.040500
v -0.349063 0.024020 0.042111
v -0.347924 0.025159 0.046000
v -0.242209 0.012151 0.049889
v -0.244982 0.009424 0.051500
v -0.247754 0.006697 0.049889
v -0.248903 0.005568 0.046000
v -0.247754 0.006697 0.042111
v -0.244982 0.009424 0.040500
v -0.242209 0.012151 0.042111
v -0.241060 0.013281 0.046000
v -0.237071 0.005903 0.049889
v -0.240281 0.003707 0.051500
v -0.243490 0.001512 0.049889
v -0.244820 0.000602 0.046000
v -0.243490 0.001512 0.042111
v -0.240281 0.003707 0.040500
v -0.237071 0.005903 0.042111
v -0.235741 0.006813 0.046000
v -0.233085 -0.001189 0.049889
v -0.236624 -0.002802 0.051500
v -0.240163 -0.004415 0.049889
v -0.241629 -0.005083 0.046000
v -0.240163 -0.004415 0.042111
v -0.236624 -0.002802 0.040500
v -0.233085 -0.001189 0.042111
v -0.231620 -0.000521 0.046000
v -0.230262 -0.009076 0.049889
v -0.234013 -0.010103 0.051500
v -0.237763 -0.011131 0.049889
v -0.239317 -0.011556 0.046000
v -0.237763 -0.011131 0.042111
v -0.234013 -0.010103 0.040500
v -0.230262 -0.009076 0.042111
v -0.228708 -0.008650 0.046000
v -0.228587 -0.017713 0.049889
v -0.232445 -0.018198 0.051500
v -0.236304 -0.018682 0.049889
v -0.237903 -0.018883 0.046000
v -0.236304 -0.018682 0.042111
v -0.232445 -0.018198 0.040500
v -0.228587 -0.017713 0.042111
v -0.226988 -0.017512 0.046000
v -0.228034 -0.027049 0.049889
v -0.231923 -0.027084 0.051500
v -0.235812 -0.027120 0.049889
v -0.237423 -0.027134 0.046000
v -0.235812 -0.027120 0.042111
v -0.231923 -0.027084 0.040500
v -0.228034 -0.027049 0.042111
v -0.226423 -0.027034 0.046000
v -0.228289 -0.033359 0.049889
v -0.232164 -0.033034 0.051500
v -0.236040 -0.032708 0.049889
v -0.237645 -0.032573 0.046000
v -0.236040 -0.032708 0.042111
v -0.232164 -0.033034 0.040500
v -0.228289 -0.033359 0.042111
v -0.226684 -0.033494 0.046000
v -0.229057 -0.039363 0.049889
v -0.232887 -0.038689 0.051500
v -0.236718 -0.038016 0.049889
v -0.238304 -0.037736 0.046000
v -0.236718 -0.038016 0.042111
v -0.232887 -0.038689 0.040500
v -0.229057 -0.039363 0.042111
v -0.227471 -0.039643 0.046000
v -0.230346 -0.045094 0.049889
v -0.234093 -0.044051 0.051500
v -0.237840 -0.043009 0.049889
v -0.239392 -0.042578 0.046000
v -0.237840 -0.043009 0.042111
v -0.234093 -0.044051 0.040500
v -0.230346 -0.045094 0.042111
v -0.228794 -0.045525 0.046000
v -0.232160 -0.050540 0.049889
v -0.235780 -0.049120 0.051500
v -0.239401 -0.047699 0.049889
v -0.240900 -0.047110 0.046000
v -0.239401 -0.047699 0.042111
v -0.235780 -0.049120 0.040500
v -0.232160 -0.050540 0.042111
v -0.230661 -0.051129 0.046000
v -0.234503 -0.055694 0.049889
v -0.237950 -0.053894 0.051500
v -0.241398 -0.052094 0.049889
v -0.242826 -0.051349 0.046000
v -0.241398 -0.052094 0.042111
v -0.237950 -0.053894 0.040500
v -0.234503 -0.055694 0.042111
v -0.233075 -0.056440 0.046000
v -0.237346 -0.060481 0.049889
v -0.240569 -0.058304 0.051500
v -0.243792 -0.056128 0.049889
v -0.245127 -0.055226 0.046000
v -0.243792 -0.056128 0.042111
v -0.240569 -0.058304 0.040500
v -0.237346 -0.060481 0.042111
v -0.236011 -0.061382 0.046000
v -0.240659 -0.064821 0.049889
v -0.243603 -0.062279 0.051500
v -0.246547 -0.059738 0.049889
v -0.247766 -0.058685 0.046000
v -0.246547 -0.059738 0.042111
v -0.243603 -0.062279 0.040500
v -0.240659 -0.064821 0.042111
v -0.239440 -0.065874 0.046000
v -0.244438 -0.068698 0.049889
v -0.247053 -0.065819 0.051500
v -0.249668 -0.062941 0.049889
v -0.250751 -0.061748 0.046000
v -0.249668 -0.062941 0.042111
v -0.247053 -0.065819 0.040500
v -0.244438 -0.068698 0.042111
v -0.243355 -0.069890 0.046000
v -0.248668 -0.072096 0.049889
v -0.250919 -0.068924 0.051500
v -0.253169 -0.065753 0.049889
v -0.254102 -0.064439 0.046000
v -0.253169 -0.065753 0.042111
v -0.250919 -0.068924 0.040500
v -0.248668 -0.072096 0.042111
v -0.247736 -0.073410 0.046000
v -0.253332 -0.075006 0.049889
v -0.255200 -0.071594 0.051500
v -0.257067 -0.068183 0.049889
v -0.257841 -0.066770 0.046000
v -0.257067 -0.068183 0.042111
v -0.255200 -0.071594 0.040500
v -0.253332 -0.075006 0.042111
v -0.252559 -0.076419 0.046000
v -0.258362 -0.077399 0.049889
v -0.259839 -0.073801 0.051500
v -0.261315 -0.070203 0.049889
v -0.261926 -0.068713 0.046000
v -0.261315 -0.070203 0.042111
v -0.259839 -0.073801 0.040500
v -0.258362 -0.077399 0.042111
v -0.257751 -0.078890 0.046000
v -0.263693 -0.079253 0.049889
v -0.264777 -0.075518 0.051500
v -0.265860 -0.071783 0.049889
v -0.266309 -0.070236 0.046000
v -0.265860 -0.071783 0.042111
v -0.264777 -0.075518 0.040500
v -0.263693 -0.079253 0.042111
v -0.263245 -0.080800 0.046000
v -0.269314 -0.080570 0.049889
v -0.270014 -0.076744 0.051500
v -0.270714 -0.072919 0.049889
v -0.271004 -0.071334 0.046000
v -0.270714 -0.072919 0.042111
v -0.270014 -0.076744 0.040500
v -0.269314 -0.080570 0.042111
v -0.269024 -0.082154 0.046000
v -0.275212 -0.081354 0.049889
v -0.275550 -0.077480 0.051500
v -0.275889 -0.073606 0.049889
v -0.276029 -0.072001 0.046000
v -0.275889 -0.073606 0.042111
v -0.275550 -0.077480 0.040500
v -0.275212 -0.081354 0.042111
v -0.275072 -0.082959 0.046000
v -0.281424 -0.081614 0.049889
v -0.281386 -0.077725 0.051500
v -0.281348 -0.073836 0.049889
v -0.281333 -0.072225 0.046000
v -0.281348 -0.073836 0.042111
v -0.281386 -0.077725 0.040500
v -0.281424 -0.081614 0.042111
v -0.281440 -0.083225 0.046000
v -0.290696 -0.081039 0.049889
v -0.290188 -0.077183 0.051500
v -0.289681 -0.073328 0.049889
v -0.289471 -0.071730 0.046000
v -0.289681 -0.073328 0.042111
v -0.290188 -0.077183 0.040500
v -0.290696 -0.081039 0.042111
v -0.290906 -0.082636 0.046000
v -0.299269 -0.079296 0.049889
v -0.298195 -0.075558 0.051500
v -0.297121 -0.071820 0.049889
v -0.296677 -0.070272 0.046000
v -0.297121 -0.071820 0.042111
v -0.298195 -0.075558 0.040500
v -0.299269 -0.079296 0.042111
v -0.299714 -0.080844 0.046000
v -0.307087 -0.076357 0.049889
v -0.305407 -0.072849 0.051500
v -0.303728 -0.069342 0.049889
v -0.303032 -0.067889 0.046000
v -0.303728 -0.069342 0.042111
v -0.305407 -0.072849 0.040500
v -0.307087 -0.076357 0.042111
v -0.307782 -0.077810 0.046000
v -0.314096 -0.072213 0.049889
v -0.311823 -0.069057 0.051500
v -0.309551 -0.065901 0.049889
v -0.308609 -0.064594 0.046000
v -0.309551 -0.065901 0.042111
v -0.311823 -0.069057 0.040500
v -0.314096 -0.072213 0.042111
v -0.315038 -0.073520 0.046000
v -0.320242 -0.066883 0.049889
v -0.317444 -0.064182 0.051500
v -0.314647 -0.061480 0.049889
v -0.313488 -0.060361 0.046000
v -0.314647 -0.061480 0.042111
v -0.317444 -0.064182 0.040500
v -0.320242 -0.066883 0.042111
v -0.321401 -0.068002 0.046000
v -0.325372 -0.060535 0.049889
v -0.322146 -0.058364 0.051500
v -0.318919 -0.056193 0.049889
v -0.317582 -0.055294 0.046000
v -0.318919 -0.056193 0.042111
v -0.322146 -0.058364 0.040500
v -0.325372 -0.060535 0.042111
v -0.326709 -0.061434 0.046000
v -0.329350 -0.053337 0.049889
v -0.325802 -0.051745 0.051500
v -0.322253 -0.050154 0.049889
v -0.320783 -0.049495 0.046000
v -0.322253 -0.050154 0.042111
v -0.325802 -0.051745 0.040500
v -0.329350 -0.053337 0.042111
v -0.330820 -0.053996 0.046000
v -0.332169 -0.045338 0.049889
v -0.328414 -0.044326 0.051500
v -0.324659 -0.043313 0.049889
v -0.323103 -0.042894 0.046000
v -0.324659 -0.043313 0.042111
v -0.328414 -0.044326 0.040500
v -0.332169 -0.045338 0.042111
v -0.333724 -0.045758 0.046000
v -0.333840 -0.036583 0.049889
v -0.329981 -0.036105 0.051500
v -0.326121 -0.035628 0.049889
v -0.324522 -0.035430 0.046000
v -0.326121 -0.035628 0.042111
v -0.329981 -0.036105 0.040500
v -0.333840 -0.036583 0.042111
v -0.335439 -0.036781 0.046000
v -0.334392 -0.027084 0.049889
v -0.330503 -0.027084 0.051500
v -0.326614 -0.027085 0.049889
v -0.325003 -0.027085 0.046000
v -0.326614 -0.027085 0.042111
v -0.330503 -0.027084 0.040500
v -0.334392 -0.027084 0.042111
v -0.336003 -0.027084 0.046000
v -0.333841 -0.017624 0.049889
v -0.329982 -0.018103 0.051500
v -0.326123 -0.018583 0.049889
v -0.324524 -0.018782 0.046000
v -0.326123 -0.018583 0.042111
v -0.329982 -0.018103 0.040500
v -0.333841 -0.017624 0.042111
v -0.335440 -0.017425 0.046000
v -0.332172 -0.008928 0.049889
v -0.328419 -0.009948 0.051500
v -0.324666 -0.010968 0.049889
v -0.323112 -0.011391 0.046000
v -0.324666 -0.010968 0.042111
v -0.328419 -0.009948 0.040500
v -0.332172 -0.008928 0.042111
v -0.333727 -0.008506 0.046000
v -0.329355 -0.001011 0.049889
v -0.325814 -0.002619 0.051500
v -0.322273 -0.004227 0.049889
v -0.320807 -0.004893 0.046000
v -0.322273 -0.004227 0.042111
v -0.325814 -0.002619 0.040500
v -0.329355 -0.001011 0.042111
v -0.330822 -0.000345 0.046000
v -0.325376 0.006083 0.049889
v -0.322168 0.003885 0.051500
v -0.318959 0.001687 0.049889
v -0.317630 0.000776 0.046000
v -0.318959 0.001687 0.042111
v -0.322168 0.003885 0.040500
v -0.325376 0.006083 0.042111
v -0.326705 0.006993 0.046000
v -0.320244 0.012298 0.049889
v -0.317479 0.009563 0.051500
v -0.314715 0.006827 0.049889
v -0.313570 0.005694 0.046000
v -0.314715 0.006827 0.042111
v -0.317479 0.009563 0.040500
v -0.320244 0.012298 0.042111
v -0.321389 0.013431 0.046000
v -0.314092 0.017488 0.049889
v -0.311862 0.014301 0.051500
v -0.309632 0.011115 0.049889
v -0.308709 0.009795 0.046000
v -0.309632 0.011115 0.042111
v -0.311862 0.014301 0.040500
v -0.314092 0.017488 0.042111
v -0.315015 0.018807 0.046000
v -0.307067 0.021515 0.049889
v -0.305431 0.017987 0.051500
v -0.303794 0.014459 0.049889
v -0.303116 0.012998 0.046000
v -0.303794 0.014459 0.042111
v -0.305431 0.017987 0.040500
v -0.307067 0.021515 0.042111
v -0.307745 0.022976 0.046000
v -0.299225 0.024366 0.049889
v -0.298184 0.020619 0.051500
v -0.297143 0.016872 0.049889
v -0.296712 0.015320 0.046000
v -0.297143 0.016872 0.042111
v -0.298184 0.020619 0.040500
v -0.299225 0.024366 0.042111
v -0.299657 0.025918 0.046000
v -0.290614 0.026057 0.049889
v -0.290123 0.022199 0.051500
v -0.289633 0.018341 0.049889
v -0.289430 0.016743 0.046000
v -0.289633 0.018341 0.042111
v -0.290123 0.022199 0.040500
v -0.290614 0.026057 0.042111
v -0.290817 0.027655 0.046000
v -0.281247 0.026614 0.049889
v -0.281248 0.022725 0.051500
v -0.281249 0.018836 0.049889
v -0.281249 0.017225 0.046000
v -0.281249 0.018836 0.042111
v -0.281248 0.022725 0.040500
v -0.281247 0.026614 0.042111
v -0.281246 0.028225 0.046000
v -0.271876 0.026051 0.049889
v -0.272371 0.022193 0.051500
v -0.272866 0.018336 0.049889
v -0.273071 0.016738 0.046000
v -0.272866 0.018336 0.042111
v -0.272371 0.022193 0.040500
v -0.271876 0.026051 0.042111
v -0.271671 0.027648 0.046000
v -0.263255 0.024342 0.049889
v -0.264306 0.020597 0.051500
v -0.265356 0.016852 0.049889
v -0.265791 0.015301 0.046000
v -0.265356 0.016852 0.042111
v -0.264306 0.020597 0.040500
v -0.263255 0.024342 0.042111
v -0.262820 0.025893 0.046000
v -0.255403 0.021459 0.049889
v -0.257052 0.017937 0.051500
v -0.258701 0.014415 0.049889
v -0.259384 0.012956 0.046000
v -0.258701 0.014415 0.042111
v -0.257052 0.017937 0.040500
v -0.255403 0.021459 0.042111
v -0.254720 0.022918 0.046000
v -0.248369 0.017390 0.049889
v -0.250611 0.014213 0.051500
v -0.252853 0.011035 0.049889
v -0.253782 0.009719 0.046000
v -0.252853 0.011035 0.042111
v -0.250611 0.014213 0.040500
v -0.248369 0.017390 0.042111
v -0.247440 0.018706 0.046000
v -0.263215 -0.050164 0.049889
v -0.260222 -0.052647 0.051500
v -0.257229 -0.055131 0.049889
v -0.255990 -0.056159 0.046000
v -0.257229 -0.055131 0.042111
v -0.260222 -0.052647 0.040500
v -0.263215 -0.050164 0.042111
v -0.264455 -0.049135 0.046000
v -0.260921 -0.046819 0.049889
v -0.257541 -0.048743 0.051500
v -0.254162 -0.050667 0.049889
v -0.252762 -0.051464 0.046000
v -0.254162 -0.050667 0.042111
v -0.257541 -0.048743 0.040500
v -0.260921 -0.046819 0.042111
v -0.262321 -0.046022 0.046000
v -0.259098 -0.042870 0.049889
v -0.255456 -0.044234 0.051500
v -0.251814 -0.045598 0.049889
v -0.250306 -0.046163 0.046000
v -0.251814 -0.045598 0.042111
v -0.255456 -0.044234 0.040500
v -0.259098 -0.042870 0.042111
v -0.260607 -0.042305 0.046000
v -0.257763 -0.038276 0.049889
v -0.253967 -0.039122 0.051500
v -0.250171 -0.039968 0.049889
v -0.248599 -0.040318 0.046000
v -0.250171 -0.039968 0.042111
v -0.253967 -0.039122 0.040500
v -0.257763 -0.038276 0.042111
v -0.259335 -0.037925 0.046000
v -0.256942 -0.033013 0.049889
v -0.253073 -0.033405 0.051500
v -0.249204 -0.033798 0.049889
v -0.247601 -0.033960 0.046000
v -0.249204 -0.033798 0.042111
v -0.253073 -0.033405 0.040500
v -0.256942 -0.033013 0.042111
v -0.258545 -0.032850 0.046000
v -0.256664 -0.027089 0.049889
v -0.252775 -0.027084 0.051500
v -0.248886 -0.027080 0.049889
v -0.247275 -0.027078 0.046000
v -0.248886 -0.027080 0.042111
v -0.252775 -0.027084 0.040500
v -0.256664 -0.027089 0.042111
v -0.258275 -0.027091 0.046000
v -0.256942 -0.021449 0.049889
v -0.253075 -0.021039 0.051500
v -0.249207 -0.020629 0.049889
v -0.247605 -0.020459 0.046000
v -0.249207 -0.020629 0.042111
v -0.253075 -0.021039 0.040500
v -0.256942 -0.021449 0.042111
v -0.258544 -0.021619 0.046000
v -0.257761 -0.016418 0.049889
v -0.253972 -0.015540 0.051500
v -0.250184 -0.014663 0.049889
v -0.248614 -0.014299 0.046000
v -0.250184 -0.014663 0.042111
v -0.253972 -0.015540 0.040500
v -0.257761 -0.016418 0.042111
v -0.259331 -0.016781 0.046000
v -0.259097 -0.011988 0.049889
v -0.255469 -0.010587 0.051500
v -0.251841 -0.009186 0.049889
v -0.250338 -0.008606 0.046000
v -0.251841 -0.009186 0.042111
v -0.255469 -0.010587 0.040500
v -0.259097 -0.011988 0.042111
v -0.260599 -0.012568 0.046000
v -0.260926 -0.008134 0.049889
v -0.257564 -0.006180 0.051500
v -0.254201 -0.004226 0.049889
v -0.252808 -0.003416 0.046000
v -0.254201 -0.004226 0.042111
v -0.257564 -0.006180 0.040500
v -0.260926 -0.008134 0.042111
v -0.262319 -0.008943 0.046000
v -0.263238 -0.004816 0.049889
v -0.260257 -0.002318 0.051500
v -0.257276 0.000180 0.049889
v -0.256042 0.001215 0.046000
v -0.257276 0.000180 0.042111
v -0.260257 -0.002318 0.040500
v -0.263238 -0.004816 0.042111
v -0.264472 -0.005851 0.046000
v -0.265965 -0.002089 0.049889
v -0.263491 0.000912 0.051500
v -0.261017 0.003912 0.049889
v -0.259992 0.005155 0.046000
v -0.261017 0.003912 0.042111
v -0.263491 0.000912 0.040500
v -0.265965 -0.002089 0.042111
v -0.266990 -0.003332 0.046000
v -0.269068 0.000009 0.049889
v -0.267207 0.003423 0.051500
v -0.265345 0.006838 0.049889
v -0.264574 0.008252 0.046000
v -0.265345 0.006838 0.042111
v -0.267207 0.003423 0.040500
v -0.269068 0.000009 0.042111
v -0.269840 -0.001405 0.046000
v -0.272610 0.001520 0.049889
v -0.271405 0.005218 0.051500
v -0.270200 0.008915 0.049889
v -0.269701 0.010447 0.046000
v -0.270200 0.008915 0.042111
v -0.271405 0.005218 0.040500
v -0.272610 0.001520 0.042111
v -0.273109 -0.000012 0.046000
v -0.276658 0.002448 0.049889
v -0.276085 0.006294 0.051500
v -0.275513 0.010141 0.049889
v -0.275276 0.011734 0.046000
v -0.275513 0.010141 0.042111
v -0.276085 0.006294 0.040500
v -0.276658 0.002448 0.042111
v -0.276895 0.000854 0.046000
v -0.281251 0.002764 0.049889
v -0.281248 0.006653 0.051500
v -0.281245 0.010542 0.049889
v -0.281244 0.012153 0.046000
v -0.281245 0.010542 0.042111
v -0.281248 0.006653 0.040500
v -0.281251 0.002764 0.042111
v -0.281252 0.001153 0.046000
v -0.285924 0.002449 0.049889
v -0.286485 0.006297 0.051500
v -0.287046 0.010145 0.049889
v -0.287279 0.011739 0.046000
v -0.287046 0.010145 0.042111
v -0.286485 0.006297 0.040500
v -0.285924 0.002449 0.042111
v -0.285691 0.000855 0.046000
v -0.290038 0.001525 0.049889
v -0.291223 0.005229 0.051500
v -0.292409 0.008933 0.049889
v -0.292899 0.010467 0.046000
v -0.292409 0.008933 0.042111
v -0.291223 0.005229 0.040500
v -0.290038 0.001525 0.042111
v -0.289547 -0.000010 0.046000
v -0.293624 0.000022 0.049889
v -0.295463 0.003448 0.051500
v -0.297303 0.006875 0.049889
v -0.298064 0.008294 0.046000
v -0.297303 0.006875 0.042111
v -0.295463 0.003448 0.040500
v -0.293624 0.000022 0.042111
v -0.292862 -0.001398 0.046000
v -0.296748 -0.002059 0.049889
v -0.299204 0.000956 0.051500
v -0.301661 0.003971 0.049889
v -0.302678 0.005220 0.046000
v -0.301661 0.003971 0.042111
v -0.299204 0.000956 0.040500
v -0.296748 -0.002059 0.042111
v -0.295730 -0.003308 0.046000
v -0.299475 -0.004758 0.049889
v -0.302446 -0.002249 0.051500
v -0.305417 0.000260 0.049889
v -0.306648 0.001300 0.046000
v -0.305417 0.000260 0.042111
v -0.302446 -0.002249 0.040500
v -0.299475 -0.004758 0.042111
v -0.298244 -0.005798 0.046000
v -0.301780 -0.008049 0.049889
v -0.305140 -0.006091 0.051500
v -0.308500 -0.004133 0.049889
v -0.309891 -0.003321 0.046000
v -0.308500 -0.004133 0.042111
v -0.305140 -0.006091 0.040500
v -0.301780 -0.008049 0.042111
v -0.300388 -0.008860 0.046000
v -0.303606 -0.011896 0.049889
v -0.307235 -0.010495 0.051500
v -0.310863 -0.009095 0.049889
v -0.312366 -0.008515 0.046000
v -0.310863 -0.009095 0.042111
v -0.307235 -0.010495 0.040500
v -0.303606 -0.011896 0.042111
v -0.302103 -0.012476 0.046000
v -0.304941 -0.016337 0.049889
v -0.308731 -0.015463 0.051500
v -0.312520 -0.014588 0.049889
v -0.314090 -0.014226 0.046000
v -0.312520 -0.014588 0.042111
v -0.308731 -0.015463 0.040500
v -0.304941 -0.016337 0.042111
v -0.303372 -0.016699 0.046000
v -0.305761 -0.021400 0.049889
v -0.309629 -0.020992 0.051500
v -0.313496 -0.020585 0.049889
v -0.315098 -0.020416 0.046000
v -0.313496 -0.020585 0.042111
v -0.309629 -0.020992 0.040500
v -0.305761 -0.021400 0.042111
v -0.304159 -0.021569 0.046000
v -0.306039 -0.027083 0.049889
v -0.309928 -0.027084 0.051500
v -0.313817 -0.027086 0.049889
v -0.315428 -0.027086 0.046000
v -0.313817 -0.027086 0.042111
v -0.309928 -0.027084 0.040500
v -0.306039 -0.027083 0.042111
v -0.304428 -0.027083 0.046000
v -0.305755 -0.032829 0.049889
v -0.309622 -0.033240 0.051500
v -0.313489 -0.033652 0.049889
v -0.315091 -0.033822 0.046000
v -0.313489 -0.033652 0.042111
v -0.309622 -0.033240 0.040500
v -0.305755 -0.032829 0.042111
v -0.304153 -0.032658 0.046000
v -0.304915 -0.037971 0.049889
v -0.308703 -0.038850 0.051500
v -0.312492 -0.039729 0.049889
v -0.314061 -0.040093 0.046000
v -0.312492 -0.039729 0.042111
v -0.308703 -0.038850 0.040500
v -0.304915 -0.037971 0.042111
v -0.303345 -0.037607 0.046000
v -0.303544 -0.042514 0.049889
v -0.307172 -0.043914 0.051500
v -0.310801 -0.045314 0.049889
v -0.312303 -0.045894 0.046000
v -0.310801 -0.045314 0.042111
v -0.307172 -0.043914 0.040500
v -0.303544 -0.042514 0.042111
v -0.302041 -0.041934 0.046000
v -0.301663 -0.046484 0.049889
v -0.305029 -0.048432 0.051500
v -0.308395 -0.050381 0.049889
v -0.309789 -0.051188 0.046000
v -0.308395 -0.050381 0.042111
v -0.305029 -0.048432 0.040500
v -0.301663 -0.046484 0.042111
v -0.300269 -0.045677 0.046000
v -0.299280 -0.049921 0.049889
v -0.302273 -0.052405 0.051500
v -0.305266 -0.054888 0.049889
v -0.306506 -0.055917 0.046000
v -0.305266 -0.054888 0.042111
v -0.302273 -0.052405 0.040500
v -0.299280 -0.049921 0.042111
v -0.298040 -0.048893 0.046000
v -0.296484 -0.052758 0.049889
v -0.298988 -0.055734 0.051500
v -0.301492 -0.058710 0.049889
v -0.302529 -0.059943 0.046000
v -0.301492 -0.058710 0.042111
v -0.298988 -0.055734 0.040500
v -0.296484 -0.052758 0.042111
v -0.295447 -0.051525 0.046000
v -0.293352 -0.054933 0.049889
v -0.295257 -0.058324 0.051500
v -0.297161 -0.061715 0.049889
v -0.297950 -0.063119 0.046000
v -0.297161 -0.061715 0.042111
v -0.295257 -0.058324 0.040500
v -0.293352 -0.054933 0.042111
v -0.292563 -0.053528 0.046000
v -0.289833 -0.056489 0.049889
v -0.291079 -0.060173 0.051500
v -0.292326 -0.063857 0.049889
v -0.292842 -0.065383 0.046000
v -0.292326 -0.063857 0.042111
v -0.291079 -0.060173 0.040500
v -0.289833 -0.056489 0.042111
v -0.289317 -0.054963 0.046000
v -0.285859 -0.057440 0.049889
v -0.286456 -0.061283 0.051500
v -0.287053 -0.065126 0.049889
v -0.287301 -0.066718 0.046000
v -0.287053 -0.065126 0.042111
v -0.286456 -0.061283 0.040500
v -0.285859 -0.057440 0.042111
v -0.285611 -0.055848 0.046000
v -0.281378 -0.057764 0.049889
v -0.281386 -0.061653 0.051500
v -0.281394 -0.065542 0.049889
v -0.281398 -0.067153 0.046000
v -0.281394 -0.065542 0.042111
v -0.281386 -0.061653 0.040500
v -0.281378 -0.057764 0.042111
v -0.281375 -0.056153 0.046000
v -0.276718 -0.057445 0.049889
v -0.276150 -0.061293 0.051500
v -0.275582 -0.065140 0.049889
v -0.275347 -0.066734 0.046000
v -0.275582 -0.065140 0.042111
v -0.276150 -0.061293 0.040500
v -0.276718 -0.057445 0.042111
v -0.276954 -0.055852 0.046000
v -0.272615 -0.056512 0.049889
v -0.271416 -0.060212 0.051500
v -0.270217 -0.063912 0.049889
v -0.269721 -0.065444 0.046000
v -0.270217 -0.063912 0.042111
v -0.271416 -0.060212 0.040500
v -0.272615 -0.056512 0.042111
v -0.273112 -0.054980 0.046000
v -0.269042 -0.054995 0.049889
v -0.267183 -0.058411 0.051500
v -0.265325 -0.061827 0.049889
v -0.264555 -0.063242 0.046000
v -0.265325 -0.061827 0.042111
v -0.267183 -0.058411 0.040500
v -0.269042 -0.054995 0.042111
v -0.269812 -0.053580 0.046000
v -0.265930 -0.052892 0.049889
v -0.263452 -0.055889 0.051500
v -0.260974 -0.058887 0.049889
v -0.259948 -0.060128 0.046000
v -0.260974 -0.058887 0.042111
v -0.263452 -0.055889 0.040500
v -0.265930 -0.052892 0.042111
v -0.266957 -0.051650 0.046000
v -0.117002 -0.078202 0.049889
v -0.120416 -0.076340 0.051500
v -0.123830 -0.074477 0.049889
v -0.125244 -0.073705 0.046000
v -0.123830 -0.074477 0.042111
v -0.120416 -0.076340 0.040500
v -0.117002 -0.078202 0.042111
v -0.115588 -0.078974 0.046000
v -0.145318 -0.079732 0.049889
v -0.143415 -0.076340 0.051500
v -0.141513 -0.072948 0.049889
v -0.140725 -0.071542 0.046000
v -0.141513 -0.072948 0.042111
v -0.143415 -0.076340 0.040500
v -0.145318 -0.079732 0.042111
v -0.146106 -0.081137 0.046000
v -0.167971 -0.042669 0.049889
v -0.166069 -0.039277 0.051500
v -0.164166 -0.035885 0.049889
v -0.163378 -0.034480 0.046000
v -0.164166 -0.035885 0.042111
v -0.166069 -0.039277 0.040500
v -0.167971 -0.042669 0.042111
v -0.168759 -0.044074 0.046000
v -0.187288 -0.042027 0.049889
v -0.190038 -0.039277 0.051500
v -0.192788 -0.036527 0.049889
v -0.193927 -0.035388 0.046000
v -0.192788 -0.036527 0.042111
v -0.190038 -0.039277 0.040500
v -0.187288 -0.042027 0.042111
v -0.186149 -0.043166 0.046000
v -0.187288 -0.079090 0.049889
v -0.190038 -0.076340 0.051500
v -0.192788 -0.073590 0.049889
v -0.193927 -0.072451 0.046000
v -0.192788 -0.073590 0.042111
v -0.190038 -0.076340 0.040500
v -0.187288 -0.079090 0.042111
v -0.186149 -0.080229 0.046000
v -0.213225 -0.079090 0.049889
v -0.210475 -0.076340 0.051500
v -0.207725 -0.073590 0.049889
v -0.206585 -0.072451 0.046000
v -0.207725 -0.073590 0.042111
v -0.210475 -0.076340 0.040500
v -0.213225 -0.079090 0.042111
v -0.214364 -0.080229 0.046000
v -0.213225 0.024020 0.049889
v -0.210475 0.021270 0.051500
v -0.207725 0.018520 0.049889
v -0.206586 0.017381 0.046000
v -0.207725 0.018520 0.042111
v -0.210475 0.021270 0.040500
v -0.213225 0.024020 0.042111
v -0.214364 0.025159 0.046000
v -0.161617 0.025158 0.049889
v -0.161704 0.021270 0.051500
v -0.161792 0.017382 0.049889
v -0.161828 0.015772 0.046000
v -0.161792 0.017382 0.042111
v -0.161704 0.021270 0.040500
v -0.161617 0.025158 0.042111
v -0.161580 0.026769 0.046000
v -0.154664 0.024841 0.049889
v -0.155040 0.020970 0.051500
v -0.155416 0.017099 0.049889
v -0.155572 0.015495 0.046000
v -0.155416 0.017099 0.042111
v -0.155040 0.020970 0.040500
v -0.154664 0.024841 0.042111
v -0.154508 0.026444 0.046000
v -0.148201 0.023871 0.049889
v -0.149013 0.020068 0.051500
v -0.149825 0.016264 0.049889
v -0.150161 0.014689 0.046000
v -0.149825 0.016264 0.042111
v -0.149013 0.020068 0.040500
v -0.148201 0.023871 0.042111
v -0.147865 0.025447 0.046000
v -0.142310 0.022225 0.049889
v -0.143623 0.018564 0.051500
v -0.144936 0.014904 0.049889
v -0.145480 0.013387 0.046000
v -0.144936 0.014904 0.042111
v -0.143623 0.018564 0.040500
v -0.142310 0.022225 0.042111
v -0.141766 0.023741 0.046000
v -0.137009 0.019874 0.049889
v -0.138871 0.016460 0.051500
v -0.140733 0.013046 0.049889
v -0.141504 0.011631 0.046000
v -0.140733 0.013046 0.042111
v -0.138871 0.016460 0.040500
v -0.137009 0.019874 0.042111
v -0.136237 0.021288 0.046000
v -0.132333 0.016796 0.049889
v -0.134756 0.013754 0.051500
v -0.137178 0.010711 0.049889
v -0.138182 0.009451 0.046000
v -0.137178 0.010711 0.042111
v -0.134756 0.013754 0.040500
v -0.132333 0.016796 0.042111
v -0.131330 0.018057 0.046000
v -0.128388 0.013019 0.049889
v -0.131339 0.010485 0.051500
v -0.134290 0.007952 0.049889
v -0.135512 0.006903 0.046000
v -0.134290 0.007952 0.042111
v -0.131339 0.010485 0.040500
v -0.128388 0.013019 0.042111
v -0.127166 0.014068 0.046000
v -0.125293 0.008601 0.049889
v -0.128682 0.006693 0.051500
v -0.132071 0.004785 0.049889
v -0.133474 0.003995 0.046000
v -0.132071 0.004785 0.042111
v -0.128682 0.006693 0.040500
v -0.125293 0.008601 0.042111
v -0.123889 0.009392 0.046000
v -0.123095 0.003611 0.049889
v -0.126784 0.002377 0.051500
v -0.130472 0.001144 0.049889
v -0.132000 0.000633 0.046000
v -0.130472 0.001144 0.042111
v -0.126784 0.002377 0.040500
v -0.123095 0.003611 0.042111
v -0.121568 0.004122 0.046000
v -0.121800 -0.001878 0.049889
v -0.125645 -0.002462 0.051500
v -0.129490 -0.003047 0.049889
v -0.131082 -0.003289 0.046000
v -0.129490 -0.003047 0.042111
v -0.125645 -0.002462 0.040500
v -0.121800 -0.001878 0.042111
v -0.120207 -0.001635 0.046000
v -0.121376 -0.007802 0.049889
v -0.125265 -0.007826 0.051500
v -0.129154 -0.007850 0.049889
v -0.130765 -0.007860 0.046000
v -0.129154 -0.007850 0.042111
v -0.125265 -0.007826 0.040500
v -0.121376 -0.007802 0.042111
v -0.119765 -0.007792 0.046000
v -0.121637 -0.012283 0.049889
v -0.125498 -0.011815 0.051500
v -0.129359 -0.011346 0.049889
v -0.130958 -0.011151 0.046000
v -0.129359 -0.011346 0.042111
v -0.125498 -0.011815 0.040500
v -0.121637 -0.012283 0.042111
v -0.120038 -0.012478 0.046000
v -0.122428 -0.016543 0.049889
v -0.126196 -0.015579 0.051500
v -0.129964 -0.014615 0.049889
v -0.131524 -0.014215 0.046000
v -0.129964 -0.014615 0.042111
v -0.126196 -0.015579 0.040500
v -0.122428 -0.016543 0.042111
v -0.120868 -0.016942 0.046000
v -0.123759 -0.020588 0.049889
v -0.127360 -0.019119 0.051500
v -0.130961 -0.017650 0.049889
v -0.132453 -0.017042 0.046000
v -0.130961 -0.017650 0.042111
v -0.127360 -0.019119 0.040500
v -0.123759 -0.020588 0.042111
v -0.122267 -0.021196 0.046000
v -0.125626 -0.024388 0.049889
v -0.128989 -0.022435 0.051500
v -0.132352 -0.020481 0.049889
v -0.133745 -0.019672 0.046000
v -0.132352 -0.020481 0.042111
v -0.128989 -0.022435 0.040500
v -0.125626 -0.024388 0.042111
v -0.124233 -0.025197 0.046000
v -0.128020 -0.027921 0.049889
v -0.131084 -0.025526 0.051500
v -0.134148 -0.023130 0.049889
v -0.135417 -0.022138 0.046000
v -0.134148 -0.023130 0.042111
v -0.131084 -0.025526 0.040500
v -0.128020 -0.027921 0.042111
v -0.126751 -0.028913 0.046000
v -0.130871 -0.031095 0.049889
v -0.133575 -0.028301 0.051500
v -0.136280 -0.025506 0.049889
v -0.137400 -0.024349 0.046000
v -0.136280 -0.025506 0.042111
v -0.133575 -0.028301 0.040500
v -0.130871 -0.031095 0.042111
v -0.129750 -0.032253 0.046000
v -0.134108 -0.033816 0.049889
v -0.136394 -0.030669 0.051500
v -0.138679 -0.027522 0.049889
v -0.139625 -0.026218 0.046000
v -0.138679 -0.027522 0.042111
v -0.136394 -0.030669 0.040500
v -0.134108 -0.033816 0.042111
v -0.133162 -0.035119 0.046000
v -0.137712 -0.036062 0.049889
v -0.139539 -0.032629 0.051500
v -0.141366 -0.029196 0.049889
v -0.142122 -0.027774 0.046000
v -0.141366 -0.029196 0.042111
v -0.139539 -0.032629 0.040500
v -0.137712 -0.036062 0.042111
v -0.136955 -0.037485 0.046000
v -0.141653 -0.037827 0.049889
v -0.143011 -0.034182 0.051500
v -0.144369 -0.030538 0.049889
v -0.144932 -0.029029 0.046000
v -0.144369 -0.030538 0.042111
v -0.143011 -0.034182 0.040500
v -0.141653 -0.037827 0.042111
v -0.141090 -0.039336 0.046000
v -0.143161 -0.036673 0.049889
v -0.146810 -0.035328 0.051500
v -0.150459 -0.033984 0.049889
v -0.151971 -0.033427 0.046000
v -0.150459 -0.033984 0.042111
v -0.146810 -0.035328 0.040500
v -0.143161 -0.036673 0.042111
v -0.141649 -0.037230 0.046000
v -0.152829 -0.016602 0.049889
v -0.150274 -0.019533 0.051500
v -0.147718 -0.022465 0.049889
v -0.146660 -0.023679 0.046000
v -0.147718 -0.022465 0.042111
v -0.150274 -0.019533 0.040500
v -0.152829 -0.016602 0.042111
v -0.153888 -0.015387 0.046000
v -0.151734 -0.015452 0.049889
v -0.148678 -0.017857 0.051500
v -0.145621 -0.020262 0.049889
v -0.144355 -0.021258 0.046000
v -0.145621 -0.020262 0.042111
v -0.148678 -0.017857 0.040500
v -0.151734 -0.015452 0.042111
v -0.153000 -0.014456 0.046000
v -0.150886 -0.014136 0.049889
v -0.147436 -0.015931 0.051500
v -0.143986 -0.017726 0.049889
v -0.142557 -0.018470 0.046000
v -0.143986 -0.017726 0.042111
v -0.147436 -0.015931 0.040500
v -0.150886 -0.014136 0.042111
v -0.152315 -0.013392 0.046000
v -0.150263 -0.012601 0.049889
v -0.146549 -0.013756 0.051500
v -0.142836 -0.014911 0.049889
v -0.141298 -0.015389 0.046000
v -0.142836 -0.014911 0.042111
v -0.146549 -0.013756 0.040500
v -0.150263 -0.012601 0.042111
v -0.151801 -0.012122 0.046000
v -0.149868 -0.010784 0.049889
v -0.146017 -0.011331 0.051500
v -0.142167 -0.011878 0.049889
v -0.140572 -0.012105 0.046000
v -0.142167 -0.011878 0.042111
v -0.146017 -0.011331 0.040500
v -0.149868 -0.010784 0.042111
v -0.151463 -0.010557 0.046000
v -0.149726 -0.008803 0.049889
v -0.145840 -0.008657 0.051500
v -0.141954 -0.008511 0.049889
v -0.140344 -0.008450 0.046000
v -0.141954 -0.008511 0.042111
v -0.145840 -0.008657 0.040500
v -0.149726 -0.008803 0.042111
v -0.151336 -0.008863 0.046000
v -0.150250 -0.004824 0.049889
v -0.146561 -0.003594 0.051500
v -0.142871 -0.002365 0.049889
v -0.141343 -0.001855 0.046000
v -0.142871 -0.002365 0.042111
v -0.146561 -0.003594 0.040500
v -0.150250 -0.004824 0.042111
v -0.151778 -0.005333 0.046000
v -0.151684 -0.002177 0.049889
v -0.148722 0.000343 0.051500
v -0.145760 0.002864 0.049889
v -0.144533 0.003907 0.046000
v -0.145760 0.002864 0.042111
v -0.148722 0.000343 0.040500
v -0.151684 -0.002177 0.042111
v -0.152911 -0.003221 0.046000
v -0.154165 -0.000270 0.049889
v -0.152324 0.003156 0.051500
v -0.150484 0.006582 0.049889
v -0.149722 0.008001 0.046000
v -0.150484 0.006582 0.042111
v -0.152324 0.003156 0.040500
v -0.154165 -0.000270 0.042111
v -0.154927 -0.001689 0.046000
v -0.158158 0.001036 0.049889
v -0.157368 0.004844 0.051500
v -0.156577 0.008651 0.049889
v -0.156249 0.010229 0.046000
v -0.156577 0.008651 0.042111
v -0.157368 0.004844 0.040500
v -0.158158 0.001036 0.042111
v -0.158486 -0.000542 0.046000
v -0.164020 0.001521 0.049889
v -0.163852 0.005406 0.051500
v -0.163684 0.009292 0.049889
v -0.163614 0.010901 0.046000
v -0.163684 0.009292 0.042111
v -0.163852 0.005406 0.040500
v -0.164020 0.001521 0.042111
v -0.164090 -0.000089 0.046000
v -0.187288 0.002656 0.049889
v -0.190038 0.005406 0.051500
v -0.192788 0.008156 0.049889
v -0.193927 0.009295 0.046000
v -0.192788 0.008156 0.042111
v -0.190038 0.005406 0.040500
v -0.187288 0.002656 0.042111
v -0.186149 0.001517 0.046000
v -0.187288 -0.020663 0.049889
v -0.190038 -0.023413 0.051500
v -0.192788 -0.026163 0.049889
v -0.193927 -0.027302 0.046000
v -0.192788 -0.026163 0.042111
v -0.190038 -0.023413 0.040500
v -0.187288 -0.020663 0.042111
v -0.186149 -0.019524 0.046000
v -0.163390 -0.019525 0.049889
v -0.163298 -0.023413 0.051500
v -0.163205 -0.027301 0.049889
v -0.163167 -0.028911 0.046000
v -0.163205 -0.027301 0.042111
v -0.163298 -0.023413 0.040500
v -0.163390 -0.019525 0.042111
v -0.163428 -0.017914 0.046000
v -0.160425 -0.019389 0.049889
v -0.160028 -0.023258 0.051500
v -0.159631 -0.027126 0.049889
v -0.159466 -0.028729 0.046000
v -0.159631 -0.027126 0.042111
v -0.160028 -0.023258 0.040500
v -0.160425 -0.019389 0.042111
v -0.160589 -0.017786 0.046000
v -0.157952 -0.019000 0.049889
v -0.157090 -0.022792 0.051500
v -0.156229 -0.026584 0.049889
v -0.155872 -0.028155 0.046000
v -0.156229 -0.026584 0.042111
v -0.157090 -0.022792 0.040500
v -0.157952 -0.019000 0.042111
v -0.158309 -0.017429 0.046000
v -0.155884 -0.018387 0.049889
v -0.154486 -0.022016 0.051500
v -0.153088 -0.025645 0.049889
v -0.152509 -0.027148 0.046000
v -0.153088 -0.025645 0.042111
v -0.154486 -0.022016 0.040500
v -0.155884 -0.018387 0.042111
v -0.156463 -0.016884 0.046000
v -0.154196 -0.017584 0.049889
v -0.152213 -0.020930 0.051500
v -0.150231 -0.024276 0.049889
v -0.149409 -0.025661 0.046000
v -0.150231 -0.024276 0.042111
v -0.152213 -0.020930 0.040500
v -0.154196 -0.017584 0.042111
v -0.155017 -0.016198 0.046000
v -0.074433 -0.050153 0.049889
v -0.077388 -0.052682 0.051500
v -0.080342 -0.055211 0.049889
v -0.081566 -0.056258 0.046000
v -0.080342 -0.055211 0.042111
v -0.077388 -0.052682 0.040500
v -0.074433 -0.050153 0.042111
v -0.073209 -0.049106 0.046000
v -0.071609 -0.052906 0.049889
v -0.074047 -0.055936 0.051500
v -0.076485 -0.058967 0.049889
v -0.077495 -0.060222 0.046000
v -0.076485 -0.058967 0.042111
v -0.074047 -0.055936 0.040500
v -0.071609 -0.052906 0.042111
v -0.070600 -0.051651 0.046000
v -0.068380 -0.055034 0.049889
v -0.070205 -0.058468 0.051500
v -0.072030 -0.061902 0.049889
v -0.072786 -0.063324 0.046000
v -0.072030 -0.061902 0.042111
v -0.070205 -0.058468 0.040500
v -0.068380 -0.055034 0.042111
v -0.067624 -0.053611 0.046000
v -0.064685 -0.056569 0.049889
v -0.065862 -0.060276 0.051500
v -0.067038 -0.063983 0.049889
v -0.067526 -0.065518 0.046000
v -0.067038 -0.063983 0.042111
v -0.065862 -0.060276 0.040500
v -0.064685 -0.056569 0.042111
v -0.064198 -0.055034 0.046000
v -0.060459 -0.057512 0.049889
v -0.061016 -0.061361 0.051500
v -0.061574 -0.065210 0.049889
v -0.061805 -0.066804 0.046000
v -0.061574 -0.065210 0.042111
v -0.061016 -0.061361 0.040500
v -0.060459 -0.057512 0.042111
v -0.060228 -0.055918 0.046000
v -0.055595 -0.057834 0.049889
v -0.055670 -0.061722 0.051500
v -0.055744 -0.065611 0.049889
v -0.055775 -0.067221 0.046000
v -0.055744 -0.065611 0.042111
v -0.055670 -0.061722 0.040500
v -0.055595 -0.057834 0.042111
v -0.055564 -0.056223 0.046000
v -0.052732 -0.057747 0.049889
v -0.052502 -0.061630 0.051500
v -0.052273 -0.065512 0.049889
v -0.052178 -0.067120 0.046000
v -0.052273 -0.065512 0.042111
v -0.052502 -0.061630 0.040500
v -0.052732 -0.057747 0.042111
v -0.052827 -0.056139 0.046000
v -0.049835 -0.057489 0.049889
v -0.049374 -0.061351 0.051500
v -0.048912 -0.065213 0.049889
v -0.048721 -0.066812 0.046000
v -0.048912 -0.065213 0.042111
v -0.049374 -0.061351 0.040500
v -0.049835 -0.057489 0.042111
v -0.050026 -0.055890 0.046000
v -0.046978 -0.057060 0.049889
v -0.046284 -0.060887 0.051500
v -0.045590 -0.064714 0.049889
v -0.045302 -0.066299 0.046000
v -0.045590 -0.064714 0.042111
v -0.046284 -0.060887 0.040500
v -0.046978 -0.057060 0.042111
v -0.047266 -0.055475 0.046000
v -0.044158 -0.056460 0.049889
v -0.043233 -0.060237 0.051500
v -0.042308 -0.064015 0.049889
v -0.041925 -0.065579 0.046000
v -0.042308 -0.064015 0.042111
v -0.043233 -0.060237 0.040500
v -0.044158 -0.056460 0.042111
v -0.044542 -0.054895 0.046000
v -0.041372 -0.055687 0.049889
v -0.040221 -0.059402 0.051500
v -0.039070 -0.063117 0.049889
v -0.038593 -0.064655 0.046000
v -0.039070 -0.063117 0.042111
v -0.040221 -0.059402 0.040500
v -0.041372 -0.055687 0.042111
v -0.041849 -0.054148 0.046000
v -0.038746 -0.054787 0.049889
v -0.037364 -0.058422 0.051500
v -0.035982 -0.062057 0.049889
v -0.035409 -0.063563 0.046000
v -0.035982 -0.062057 0.042111
v -0.037364 -0.058422 0.040500
v -0.038746 -0.054787 0.042111
v -0.039319 -0.053281 0.046000
v -0.036417 -0.053813 0.049889
v -0.034779 -0.057340 0.051500
v -0.033141 -0.060867 0.049889
v -0.032462 -0.062328 0.046000
v -0.033141 -0.060867 0.042111
v -0.034779 -0.057340 0.040500
v -0.036417 -0.053813 0.042111
v -0.037095 -0.052352 0.046000
v -0.034390 -0.052776 0.049889
v -0.032465 -0.056155 0.051500
v -0.030540 -0.059535 0.049889
v -0.029743 -0.060934 0.046000
v -0.030540 -0.059535 0.042111
v -0.032465 -0.056155 0.040500
v -0.034390 -0.052776 0.042111
v -0.035187 -0.051376 0.046000
v -0.032663 -0.051689 0.049889
v -0.030423 -0.054868 0.051500
v -0.028182 -0.058047 0.049889
v -0.027254 -0.059364 0.046000
v -0.028182 -0.058047 0.042111
v -0.030423 -0.054868 0.040500
v -0.032663 -0.051689 0.042111
v -0.033591 -0.050372 0.046000
v -0.032149 -0.051777 0.049889
v -0.028652 -0.053479 0.051500
v -0.025155 -0.055180 0.049889
v -0.023706 -0.055884 0.046000
v -0.025155 -0.055180 0.042111
v -0.028652 -0.053479 0.040500
v -0.032149 -0.051777 0.042111
v -0.033598 -0.051073 0.046000
v -0.031402 -0.042720 0.049889
v -0.028652 -0.039970 0.051500
v -0.025902 -0.037220 0.049889
v -0.024763 -0.036081 0.046000
v -0.025902 -0.037220 0.042111
v -0.028652 -0.039970 0.040500
v -0.031402 -0.042720 0.042111
v -0.032541 -0.043859 0.046000
v -0.055233 -0.042720 0.049889
v -0.052483 -0.039970 0.051500
v -0.049733 -0.037220 0.049889
v -0.048594 -0.036081 0.046000
v -0.049733 -0.037220 0.042111
v -0.052483 -0.039970 0.040500
v -0.055233 -0.042720 0.042111
v -0.056372 -0.043859 0.046000
v -0.055233 -0.022118 0.049889
v -0.052483 -0.024868 0.051500
v -0.049733 -0.027618 0.049889
v -0.048594 -0.028757 0.046000
v -0.049733 -0.027618 0.042111
v -0.052483 -0.024868 0.040500
v -0.055233 -0.022118 0.042111
v -0.056372 -0.020978 0.046000
v -0.007197 -0.022118 0.049889
v -0.009947 -0.024868 0.051500
v -0.012697 -0.027618 0.049889
v -0.013836 -0.028757 0.046000
v -0.012697 -0.027618 0.042111
v -0.009947 -0.024868 0.040500
v -0.007197 -0.022118 0.042111
v -0.006058 -0.020978 0.046000
v -0.006383 -0.062309 0.049889
v -0.009947 -0.060753 0.051500
v -0.013511 -0.059196 0.049889
v -0.014988 -0.058551 0.046000
v -0.013511 -0.059196 0.042111
v -0.009947 -0.060753 0.040500
v -0.006383 -0.062309 0.042111
v -0.004907 -0.062954 0.046000
v -0.010741 -0.066782 0.049889
v -0.013238 -0.063801 0.051500
v -0.015735 -0.060819 0.049889
v -0.016770 -0.059584 0.046000
v -0.015735 -0.060819 0.042111
v -0.013238 -0.063801 0.040500
v -0.010741 -0.066782 0.042111
v -0.009706 -0.068017 0.046000
v -0.014706 -0.069781 0.049889
v -0.016903 -0.066572 0.051500
v -0.019100 -0.063363 0.049889
v -0.020010 -0.062033 0.046000
v -0.019100 -0.063363 0.042111
v -0.016903 -0.066572 0.040500
v -0.014706 -0.069781 0.042111
v -0.013796 -0.071110 0.046000
v -0.019045 -0.072461 0.049889
v -0.020942 -0.069066 0.051500
v -0.022838 -0.065670 0.049889
v -0.023623 -0.064264 0.046000
v -0.022838 -0.065670 0.042111
v -0.020942 -0.069066 0.040500
v -0.019045 -0.072461 0.042111
v -0.018260 -0.073867 0.046000
v -0.023750 -0.074825 0.049889
v -0.025354 -0.071282 0.051500
v -0.026959 -0.067740 0.049889
v -0.027623 -0.066272 0.046000
v -0.026959 -0.067740 0.042111
v -0.025354 -0.071282 0.040500
v -0.023750 -0.074825 0.042111
v -0.023085 -0.076293 0.046000
v -0.028813 -0.076877 0.049889
v -0.030141 -0.073222 0.051500
v -0.031470 -0.069567 0.049889
v -0.032020 -0.068053 0.046000
v -0.031470 -0.069567 0.042111
v -0.030141 -0.073222 0.040500
v -0.028813 -0.076877 0.042111
v -0.028263 -0.078391 0.046000
v -0.034101 -0.078584 0.049889
v -0.035164 -0.074843 0.051500
v -0.036227 -0.071102 0.049889
v -0.036667 -0.069553 0.046000
v -0.036227 -0.071102 0.042111
v -0.035164 -0.074843 0.040500
v -0.034101 -0.078584 0.042111
v -0.033661 -0.080134 0.046000
v -0.039487 -0.079911 0.049889
v -0.040283 -0.076104 0.051500
v -0.041080 -0.072297 0.049889
v -0.041410 -0.070721 0.046000
v -0.041080 -0.072297 0.042111
v -0.040283 -0.076104 0.040500
v -0.039487 -0.079911 0.042111
v -0.039157 -0.081488 0.046000
v -0.044972 -0.080858 0.049889
v -0.045500 -0.077005 0.051500
v -0.046028 -0.073152 0.049889
v -0.046246 -0.071556 0.046000
v -0.046028 -0.073152 0.042111
v -0.045500 -0.077005 0.040500
v -0.044972 -0.080858 0.042111
v -0.044753 -0.082454 0.046000
v -0.050552 -0.081425 0.049889
v -0.050813 -0.077545 0.051500
v -0.051075 -0.073665 0.049889
v -0.051183 -0.072057 0.046000
v -0.051075 -0.073665 0.042111
v -0.050813 -0.077545 0.040500
v -0.050552 -0.081425 0.042111
v -0.050443 -0.083033 0.046000
v -0.056272 -0.081614 0.049889
v -0.056224 -0.077725 0.051500
v -0.056176 -0.073836 0.049889
v -0.056156 -0.072226 0.046000
v -0.056176 -0.073836 0.042111
v -0.056224 -0.077725 0.040500
v -0.056272 -0.081614 0.042111
v -0.056292 -0.083225 0.046000
v -0.065798 -0.081056 0.049889
v -0.065316 -0.077197 0.051500
v -0.064834 -0.073338 0.049889
v -0.064634 -0.071740 0.046000
v -0.064834 -0.073338 0.042111
v -0.065316 -0.077197 0.040500
v -0.065798 -0.081056 0.042111
v -0.065997 -0.082655 0.046000
v -0.074556 -0.079364 0.049889
v -0.073526 -0.075614 0.051500
v -0.072496 -0.071863 0.049889
v -0.072069 -0.070310 0.046000
v -0.072496 -0.071863 0.042111
v -0.073526 -0.075614 0.040500
v -0.074556 -0.079364 0.042111
v -0.074983 -0.080917 0.046000
v -0.082488 -0.076504 0.049889
v -0.080856 -0.072974 0.051500
v -0.079224 -0.069444 0.049889
v -0.078548 -0.067982 0.046000
v -0.079224 -0.069444 0.042111
v -0.080856 -0.072974 0.040500
v -0.082488 -0.076504 0.042111
v -0.083163 -0.077967 0.046000
v -0.089543 -0.072459 0.049889
v -0.087304 -0.069279 0.051500
v -0.085065 -0.066099 0.049889
v -0.084138 -0.064782 0.046000
v -0.085065 -0.066099 0.042111
v -0.087304 -0.069279 0.040500
v -0.089543 -0.072459 0.042111
v -0.090470 -0.073776 0.046000
v -0.095659 -0.067240 0.049889
v -0.092871 -0.064528 0.051500
v -0.090083 -0.061817 0.049889
v -0.088928 -0.060693 0.046000
v -0.090083 -0.061817 0.042111
v -0.092871 -0.064528 0.040500
v -0.095659 -0.067240 0.042111
v -0.096814 -0.068363 0.046000
v -0.100720 -0.060965 0.049889
v -0.097485 -0.058807 0.051500
v -0.094249 -0.056649 0.049889
v -0.092909 -0.055756 0.046000
v -0.094249 -0.056649 0.042111
v -0.097485 -0.058807 0.040500
v -0.100720 -0.060965 0.042111
v -0.102060 -0.061859 0.046000
v -0.104634 -0.053766 0.049889
v -0.101073 -0.052202 0.051500
v -0.097512 -0.050639 0.049889
v -0.096037 -0.049991 0.046000
v -0.097512 -0.050639 0.042111
v -0.101073 -0.052202 0.040500
v -0.104634 -0.053766 0.042111
v -0.106109 -0.054414 0.046000
v -0.107399 -0.045697 0.049889
v -0.103636 -0.044714 0.051500
v -0.099874 -0.043730 0.049889
v -0.098315 -0.043323 0.046000
v -0.099874 -0.043730 0.042111
v -0.103636 -0.044714 0.040500
v -0.107399 -0.045697 0.042111
v -0.108958 -0.046105 0.046000
v -0.109036 -0.036801 0.049889
v -0.105174 -0.036341 0.051500
v -0.101312 -0.035881 0.049889
v -0.099713 -0.035691 0.046000
v -0.101312 -0.035881 0.042111
v -0.105174 -0.036341 0.040500
v -0.109036 -0.036801 0.042111
v -0.110636 -0.036991 0.046000
v -0.109576 -0.027083 0.049889
v -0.105687 -0.027084 0.051500
v -0.101798 -0.027086 0.049889
v -0.100187 -0.027086 0.046000
v -0.101798 -0.027086 0.042111
v -0.105687 -0.027084 0.040500
v -0.109576 -0.027083 0.042111
v -0.111187 -0.027082 0.046000
v -0.109033 -0.017425 0.049889
v -0.105172 -0.017891 0.051500
v -0.101310 -0.018358 0.049889
v -0.099711 -0.018551 0.046000
v -0.101310 -0.018358 0.042111
v -0.105172 -0.017891 0.040500
v -0.109033 -0.017425 0.042111
v -0.110632 -0.017232 0.046000
v -0.107384 -0.008600 0.049889
v -0.103625 -0.009599 0.051500
v -0.099867 -0.010599 0.049889
v -0.098310 -0.011013 0.046000
v -0.099867 -0.010599 0.042111
v -0.103625 -0.009599 0.040500
v -0.107384 -0.008600 0.042111
v -0.108941 -0.008186 0.046000
v -0.104597 -0.000617 0.049889
v -0.101048 -0.002207 0.051500
v -0.097499 -0.003798 0.049889
v -0.096029 -0.004457 0.046000
v -0.097499 -0.003798 0.042111
v -0.101048 -0.002207 0.040500
v -0.104597 -0.000617 0.042111
v -0.106067 0.000042 0.046000
v -0.100650 0.006480 0.049889
v -0.097440 0.004284 0.051500
v -0.094230 0.002088 0.049889
v -0.092901 0.001179 0.046000
v -0.094230 0.002088 0.042111
v -0.097440 0.004284 0.040500
v -0.100650 0.006480 0.042111
v -0.101980 0.007389 0.046000
v -0.095548 0.012628 0.049889
v -0.092802 0.009874 0.051500
v -0.090055 0.007121 0.049889
v -0.088918 0.005980 0.046000
v -0.090055 0.007121 0.042111
v -0.092802 0.009874 0.040500
v -0.095548 0.012628 0.042111
v -0.096685 0.013769 0.046000
v -0.089384 0.017716 0.049889
v -0.087196 0.014501 0.051500
v -0.085008 0.011285 0.049889
v -0.084102 0.009953 0.046000
v -0.085008 0.011285 0.042111
v -0.087196 0.014501 0.040500
v -0.089384 0.017716 0.042111
v -0.090290 0.019048 0.046000
v -0.082270 0.021651 0.049889
v -0.080687 0.018099 0.051500
v -0.079103 0.014547 0.049889
v -0.078447 0.013075 0.046000
v -0.079103 0.014547 0.042111
v -0.080687 0.018099 0.040500
v -0.082270 0.021651 0.042111
v -0.082926 0.023122 0.046000
v -0.074268 0.024429 0.049889
v -0.073274 0.020669 0.051500
v -0.072280 0.016909 0.049889
v -0.071868 0.015352 0.046000
v -0.072280 0.016909 0.042111
v -0.073274 0.020669 0.040500
v -0.074268 0.024429 0.042111
v -0.074680 0.025986 0.046000
v -0.065422 0.026072 0.049889
v -0.064958 0.022211 0.051500
v -0.064494 0.018350 0.049889
v -0.064302 0.016750 0.046000
v -0.064494 0.018350 0.042111
v -0.064958 0.022211 0.040500
v -0.065422 0.026072 0.042111
v -0.065614 0.027672 0.046000
v -0.055692 0.026614 0.049889
v -0.055739 0.022725 0.051500
v -0.055785 0.018836 0.049889
v -0.055805 0.017226 0.046000
v -0.055785 0.018836 0.042111
v -0.055739 0.022725 0.040500
v -0.055692 0.026614 0.042111
v -0.055673 0.028225 0.046000
v -0.042306 0.025536 0.049889
v -0.042995 0.021708 0.051500
v -0.043684 0.017881 0.049889
v -0.043970 0.016295 0.046000
v -0.043684 0.017881 0.042111
v -0.042995 0.021708 0.040500
v -0.042306 0.025536 0.042111
v -0.042020 0.027121 0.046000
v -0.030731 0.022237 0.049889
v -0.032252 0.018657 0.051500
v -0.033772 0.015078 0.049889
v -0.034402 0.013595 0.046000
v -0.033772 0.015078 0.042111
v -0.032252 0.018657 0.040500
v -0.030731 0.022237 0.042111
v -0.030101 0.023719 0.046000
v -0.021095 0.016622 0.049889
v -0.023509 0.013572 0.051500
v -0.025923 0.010523 0.049889
v -0.026923 0.009260 0.046000
v -0.025923 0.010523 0.042111
v -0.023509 0.013572 0.040500
v -0.021095 0.016622 0.042111
v -0.020095 0.017884 0.046000
v -0.013597 0.008707 0.049889
v -0.016767 0.006454 0.051500
v -0.019937 0.004200 0.049889
v -0.021249 0.003266 0.046000
v -0.019937 0.004200 0.042111
v -0.016767 0.006454 0.040500
v -0.013597 0.008707 0.042111
v -0.012284 0.009641 0.046000
v -0.008444 -0.004214 0.049889
v -0.012026 -0.002699 0.051500
v -0.015608 -0.001185 0.049889
v -0.017091 -0.000557 0.046000
v -0.015608 -0.001185 0.042111
v -0.012026 -0.002699 0.040500
v -0.008444 -0.004214 0.042111
v -0.006960 -0.004841 0.046000
v -0.032436 -0.011939 0.049889
v -0.030869 -0.008380 0.051500
v -0.029302 -0.004820 0.049889
v -0.028653 -0.003346 0.046000
v -0.029302 -0.004820 0.042111
v -0.030869 -0.008380 0.040500
v -0.032436 -0.011939 0.042111
v -0.033085 -0.013414 0.046000
v -0.035619 -0.007461 0.049889
v -0.032227 -0.005559 0.051500
v -0.028834 -0.003657 0.049889
v -0.027429 -0.002870 0.046000
v -0.028834 -0.003657 0.042111
v -0.032227 -0.005559 0.040500
v -0.035619 -0.007461 0.042111
v -0.037024 -0.008248 0.046000
v -0.036982 -0.005347 0.049889
v -0.033862 -0.003026 0.051500
v -0.030741 -0.000706 0.049889
v -0.029448 0.000256 0.046000
v -0.030741 -0.000706 0.042111
v -0.033862 -0.003026 0.040500
v -0.036982 -0.005347 0.042111
v -0.038275 -0.006308 0.046000
v -0.038556 -0.003499 0.049889
v -0.035774 -0.000782 0.051500
v -0.032991 0.001936 0.049889
v -0.031839 0.003061 0.046000
v -0.032991 0.001936 0.042111
v -0.035774 -0.000782 0.040500
v -0.038556 -0.003499 0.042111
v -0.039708 -0.004624 0.046000
v -0.040353 -0.001893 0.049889
v -0.037963 0.001175 0.051500
v -0.035572 0.004242 0.049889
v -0.034582 0.005513 0.046000
v -0.035572 0.004242 0.042111
v -0.037963 0.001175 0.040500
v -0.040353 -0.001893 0.042111
v -0.041344 -0.003163 0.046000
v -0.042404 -0.000507 0.049889
v -0.040429 0.002843 0.051500
v -0.038454 0.006193 0.049889
v -0.037636 0.007581 0.046000
v -0.038454 0.006193 0.042111
v -0.040429 0.002843 0.040500
v -0.042404 -0.000507 0.042111
v -0.043222 -0.001895 0.046000
v -0.044685 0.000652 0.049889
v -0.043125 0.004215 0.051500
v -0.041565 0.007777 0.049889
v -0.040919 0.009253 0.046000
v -0.041565 0.007777 0.042111
v -0.043125 0.004215 0.040500
v -0.044685 0.000652 0.042111
v -0.045331 -0.000824 0.046000
v -0.047151 0.001565 0.049889
v -0.046004 0.005281 0.051500
v -0.044857 0.008998 0.049889
v -0.044382 0.010537 0.046000
v -0.044857 0.008998 0.042111
v -0.046004 0.005281 0.040500
v -0.047151 0.001565 0.042111
v -0.047626 0.000026 0.046000
v -0.049808 0.002226 0.049889
v -0.049066 0.006043 0.051500
v -0.048324 0.009861 0.049889
v -0.048017 0.011442 0.046000
v -0.048324 0.009861 0.042111
v -0.049066 0.006043 0.040500
v -0.049808 0.002226 0.042111
v -0.050115 0.000644 0.046000
v -0.052669 0.002628 0.049889
v -0.052311 0.006501 0.051500
v -0.051953 0.010373 0.049889
v -0.051805 0.011977 0.046000
v -0.051953 0.010373 0.042111
v -0.052311 0.006501 0.040500
v -0.052669 0.002628 0.042111
v -0.052818 0.001024 0.046000
v -0.055702 0.002764 0.049889
v -0.055739 0.006653 0.051500
v -0.055776 0.010542 0.049889
v -0.055791 0.012153 0.046000
v -0.055776 0.010542 0.042111
v -0.055739 0.006653 0.040500
v -0.055702 0.002764 0.042111
v -0.055686 0.001153 0.046000
v -0.060697 0.002451 0.049889
v -0.061226 0.006304 0.051500
v -0.061754 0.010157 0.049889
v -0.061973 0.011753 0.046000
v -0.061754 0.010157 0.042111
v -0.061226 0.006304 0.040500
v -0.060697 0.002451 0.042111
v -0.060478 0.000855 0.046000
v -0.065030 0.001535 0.049889
v -0.066158 0.005256 0.051500
v -0.067286 0.008978 0.049889
v -0.067754 0.010520 0.046000
v -0.067286 0.008978 0.042111
v -0.066158 0.005257 0.040500
v -0.065030 0.001535 0.042111
v -0.064562 -0.000007 0.046000
v -0.068761 0.000051 0.049889
v -0.070536 0.003511 0.051500
v -0.072312 0.006971 0.049889
v -0.073047 0.008404 0.046000
v -0.072312 0.006971 0.042111
v -0.070536 0.003511 0.040500
v -0.068761 0.000051 0.042111
v -0.068026 -0.001383 0.046000
v -0.071954 -0.001989 0.049889
v -0.074360 0.001067 0.051500
v -0.076767 0.004122 0.049889
v -0.077763 0.005388 0.046000
v -0.076767 0.004122 0.042111
v -0.074360 0.001067 0.040500
v -0.071954 -0.001989 0.042111
v -0.070957 -0.003254 0.046000
v -0.074684 -0.004615 0.049889
v -0.077630 -0.002076 0.051500
v -0.080576 0.000463 0.049889
v -0.081796 0.001515 0.046000
v -0.080576 0.000463 0.042111
v -0.077630 -0.002076 0.040500
v -0.074684 -0.004615 0.042111
v -0.073464 -0.005666 0.046000
v -0.076970 -0.007839 0.049889
v -0.080324 -0.005869 0.051500
v -0.083677 -0.003900 0.049889
v -0.085066 -0.003084 0.046000
v -0.083677 -0.003900 0.042111
v -0.080324 -0.005869 0.040500
v -0.076970 -0.007839 0.042111
v -0.075581 -0.008654 0.046000
v -0.078789 -0.011665 0.049889
v -0.082418 -0.010267 0.051500
v -0.086048 -0.008869 0.049889
v -0.087551 -0.008290 0.046000
v -0.086048 -0.008869 0.042111
v -0.082418 -0.010267 0.040500
v -0.078789 -0.011665 0.042111
v -0.077286 -0.012244 0.046000
v -0.080124 -0.016135 0.049889
v -0.083915 -0.015269 0.051500
v -0.087706 -0.014402 0.049889
v -0.089277 -0.014043 0.046000
v -0.087706 -0.014402 0.042111
v -0.083915 -0.015269 0.040500
v -0.080124 -0.016135 0.042111
v -0.078553 -0.016494 0.046000
v -0.080944 -0.021276 0.049889
v -0.084813 -0.020874 0.051500
v -0.088681 -0.020473 0.049889
v -0.090283 -0.020306 0.046000
v -0.088681 -0.020473 0.042111
v -0.084813 -0.020874 0.040500
v -0.080944 -0.021276 0.042111
v -0.079342 -0.021443 0.046000
v -0.081223 -0.027083 0.049889
v -0.085112 -0.027084 0.051500
v -0.089001 -0.027086 0.049889
v -0.090612 -0.027086 0.046000
v -0.089001 -0.027086 0.042111
v -0.085112 -0.027084 0.040500
v -0.081223 -0.027083 0.042111
v -0.079612 -0.027082 0.046000
v -0.080935 -0.033000 0.049889
v -0.084803 -0.033406 0.051500
v -0.088671 -0.033813 0.049889
v -0.090273 -0.033981 0.046000
v -0.088671 -0.033813 0.042111
v -0.084803 -0.033406 0.040500
v -0.080935 -0.033000 0.042111
v -0.079333 -0.032832 0.046000
v -0.080087 -0.038253 0.049889
v -0.083876 -0.039127 0.051500
v -0.087665 -0.040002 0.049889
v -0.089235 -0.040364 0.046000
v -0.087665 -0.040002 0.042111
v -0.083876 -0.039127 0.040500
v -0.080087 -0.038253 0.042111
v -0.078517 -0.037890 0.046000
v -0.078705 -0.042841 0.049889
v -0.082331 -0.044247 0.051500
v -0.085957 -0.045652 0.049889
v -0.087459 -0.046234 0.046000
v -0.085957 -0.045652 0.042111
v -0.082331 -0.044247 0.040500
v -0.078705 -0.042841 0.042111
v -0.077203 -0.042259 0.046000
v -0.076817 -0.046793 0.049889
v -0.080168 -0.048765 0.051500
v -0.083520 -0.050737 0.049889
v -0.084909 -0.051554 0.046000
v -0.083520 -0.050737 0.042111
v -0.080168 -0.048765 0.040500
v -0.076817 -0.046793 0.042111
v -0.075428 -0.045975 0.046000
v 0.037528 -0.079090 0.049889
v 0.034778 -0.076340 0.051500
v 0.032028 -0.073590 0.049889
v 0.030889 -0.072451 0.046000
v 0.032028 -0.073590 0.042111
v 0.034778 -0.076340 0.040500
v 0.037528 -0.079090 0.042111
v 0.038667 -0.080229 0.046000
v 0.011591 -0.079090 0.049889
v 0.014341 -0.076340 0.051500
v 0.017091 -0.073590 0.049889
v 0.018231 -0.072451 0.046000
v 0.017091 -0.073590 0.042111
v 0.014341 -0.076340 0.040500
v 0.011591 -0.079090 0.042111
v 0.010452 -0.080229 0.046000
v 0.011591 0.024020 0.049889
v 0.014341 0.021270 0.051500
v 0.017091 0.018520 0.049889
v 0.018231 0.017381 0.046000
v 0.017091 0.018520 0.042111
v 0.014341 0.021270 0.040500
v 0.011591 0.024020 0.042111
v 0.010452 0.025159 0.046000
v 0.037528 0.024020 0.049889
v 0.034778 0.021270 0.051500
v 0.032028 0.018520 0.049889
v 0.030889 0.017381 0.046000
v 0.032028 0.018520 0.042111
v 0.034778 0.021270 0.040500
v 0.037528 0.024020 0.042111
v 0.038667 0.025159 0.046000
v 0.142108 -0.079090 0.049889
v 0.139358 -0.076340 0.051500
v 0.136608 -0.073590 0.049889
v 0.135469 -0.072451 0.046000
v 0.136608 -0.073590 0.042111
v 0.139358 -0.076340 0.040500
v 0.142108 -0.079090 0.042111
v 0.143247 -0.080229 0.046000
v 0.057010 -0.079090 0.049889
v 0.059760 -0.076340 0.051500
v 0.062510 -0.073590 0.049889
v 0.063649 -0.072451 0.046000
v 0.062510 -0.073590 0.042111
v 0.059760 -0.076340 0.040500
v 0.057010 -0.079090 0.042111
v 0.055870 -0.080229 0.046000
v 0.057010 0.024020 0.049889
v 0.059760 0.021270 0.051500
v 0.062510 0.018520 0.049889
v 0.063649 0.017381 0.046000
v 0.062510 0.018520 0.042111
v 0.059760 0.021270 0.040500
v 0.057010 0.024020 0.042111
v 0.055870 0.025159 0.046000
v 0.139267 0.024020 0.049889
v 0.136517 0.021270 0.051500
v 0.133767 0.018520 0.049889
v 0.132628 0.017381 0.046000
v 0.133767 0.018520 0.042111
v 0.136517 0.021270 0.040500
v 0.139267 0.024020 0.042111
v 0.140407 0.025159 0.046000
v 0.139267 0.002725 0.049889
v 0.136517 0.005475 0.051500
v 0.133767 0.008225 0.049889
v 0.132628 0.009364 0.046000
v 0.133767 0.008225 0.042111
v 0.136517 0.005475 0.040500
v 0.139267 0.002725 0.042111
v 0.140407 0.001586 0.046000
v 0.082946 0.002725 0.049889
v 0.080196 0.005475 0.051500
v 0.077446 0.008225 0.049889
v 0.076307 0.009364 0.046000
v 0.077446 0.008225 0.042111
v 0.080196 0.005475 0.040500
v 0.082946 0.002725 0.042111
v 0.084085 0.001586 0.046000
v 0.082946 -0.016298 0.049889
v 0.080196 -0.019048 0.051500
v 0.077446 -0.021798 0.049889
v 0.076307 -0.022937 0.046000
v 0.077446 -0.021798 0.042111
v 0.080196 -0.019048 0.040500
v 0.082946 -0.016298 0.042111
v 0.084085 -0.015159 0.046000
v 0.135042 -0.016298 0.049889
v 0.132292 -0.019048 0.051500
v 0.129542 -0.021798 0.049889
v 0.128402 -0.022937 0.046000
v 0.129542 -0.021798 0.042111
v 0.132292 -0.019048 0.040500
v 0.135042 -0.016298 0.042111
v 0.136181 -0.015159 0.046000
v 0.135042 -0.037593 0.049889
v 0.132292 -0.034843 0.051500
v 0.129542 -0.032093 0.049889
v 0.128402 -0.030954 0.046000
v 0.129542 -0.032093 0.042111
v 0.132292 -0.034843 0.040500
v 0.135042 -0.037593 0.042111
v 0.136181 -0.038732 0.046000
v 0.082946 -0.037593 0.049889
v 0.080196 -0.034843 0.051500
v 0.077446 -0.032093 0.049889
v 0.076307 -0.030954 0.046000
v 0.077446 -0.032093 0.042111
v 0.080196 -0.034843 0.040500
v 0.082946 -0.037593 0.042111
v 0.084085 -0.038732 0.046000
v 0.082946 -0.057795 0.049889
v 0.080196 -0.060545 0.051500
v 0.077446 -0.063295 0.049889
v 0.076307 -0.064434 0.046000
v 0.077446 -0.063295 0.042111
v 0.080196 -0.060545 0.040500
v 0.082946 -0.057795 0.042111
v 0.084085 -0.056656 0.046000
v 0.142108 -0.057795 0.049889
v 0.139358 -0.060545 0.051500
v 0.136608 -0.063295 0.049889
v 0.135469 -0.064434 0.046000
v 0.136608 -0.063295 0.042111
v 0.139358 -0.060545 0.040500
v 0.142108 -0.057795 0.042111
v 0.143247 -0.056656 0.046000
v 0.183439 0.024020 0.049889
v 0.180689 0.021270 0.051500
v 0.177939 0.018520 0.049889
v 0.176799 0.017381 0.046000
v 0.177939 0.018520 0.042111
v 0.180689 0.021270 0.040500
v 0.183439 0.024020 0.042111
v 0.184578 0.025159 0.046000
v 0.184577 0.007721 0.049889
v 0.180689 0.007762 0.051500
v 0.176800 0.007802 0.049889
v 0.175189 0.007819 0.046000
v 0.176800 0.007802 0.042111
v 0.180689 0.007762 0.040500
v 0.184577 0.007721 0.042111
v 0.186188 0.007704 0.046000
v 0.184506 0.004329 0.049889
v 0.180621 0.004497 0.051500
v 0.176735 0.004666 0.049889
v 0.175126 0.004736 0.046000
v 0.176735 0.004666 0.042111
v 0.180621 0.004497 0.040500
v 0.184506 0.004329 0.042111
v 0.186115 0.004259 0.046000
v 0.184290 0.001057 0.049889
v 0.180417 0.001410 0.051500
v 0.176544 0.001764 0.049889
v 0.174940 0.001910 0.046000
v 0.176544 0.001764 0.042111
v 0.180417 0.001410 0.040500
v 0.184290 0.001057 0.042111
v 0.185894 0.000910 0.046000
v 0.183926 -0.002058 0.049889
v 0.180078 -0.001499 0.051500
v 0.176229 -0.000941 0.049889
v 0.174635 -0.000709 0.046000
v 0.176229 -0.000941 0.042111
v 0.180078 -0.001499 0.040500
v 0.183926 -0.002058 0.042111
v 0.185520 -0.002290 0.046000
v 0.183411 -0.005017 0.049889
v 0.179602 -0.004232 0.051500
v 0.175793 -0.003446 0.049889
v 0.174216 -0.003120 0.046000
v 0.175793 -0.003446 0.042111
v 0.179602 -0.004232 0.040500
v 0.183411 -0.005017 0.042111
v 0.184989 -0.005343 0.046000
v 0.182739 -0.007827 0.049889
v 0.178991 -0.006786 0.051500
v 0.175244 -0.005746 0.049889
v 0.173692 -0.005315 0.046000
v 0.175244 -0.005746 0.042111
v 0.178991 -0.006786 0.040500
v 0.182739 -0.007827 0.042111
v 0.184291 -0.008258 0.046000
v 0.181875 -0.010552 0.049889
v 0.178214 -0.009239 0.051500
v 0.174553 -0.007926 0.049889
v 0.173037 -0.007382 0.046000
v 0.174553 -0.007926 0.042111
v 0.178214 -0.009239 0.040500
v 0.181875 -0.010552 0.042111
v 0.183391 -0.011096 0.046000
v 0.180794 -0.013243 0.049889
v 0.177240 -0.011663 0.051500
v 0.173686 -0.010084 0.049889
v 0.172214 -0.009430 0.046000
v 0.173686 -0.010084 0.042111
v 0.177240 -0.011663 0.040500
v 0.180794 -0.013243 0.042111
v 0.182266 -0.013897 0.046000
v 0.179503 -0.015887 0.049889
v 0.176069 -0.014060 0.051500
v 0.172636 -0.012234 0.049889
v 0.171214 -0.011477 0.046000
v 0.172636 -0.012234 0.042111
v 0.176069 -0.014060 0.040500
v 0.179503 -0.015887 0.042111
v 0.180925 -0.016644 0.046000
v 0.178005 -0.018483 0.049889
v 0.174702 -0.016430 0.051500
v 0.171399 -0.014376 0.049889
v 0.170031 -0.013526 0.046000
v 0.171399 -0.014376 0.042111
v 0.174702 -0.016430 0.040500
v 0.178005 -0.018483 0.042111
v 0.179373 -0.019334 0.046000
v 0.174971 -0.022201 0.049889
v 0.173137 -0.018771 0.051500
v 0.171304 -0.015341 0.049889
v 0.170545 -0.013921 0.046000
v 0.171304 -0.015341 0.042111
v 0.173137 -0.018771 0.040500
v 0.174971 -0.022201 0.042111
v 0.175730 -0.023622 0.046000
v 0.157074 -0.020556 0.049889
v 0.160529 -0.018771 0.051500
v 0.163984 -0.016986 0.049889
v 0.165415 -0.016247 0.046000
v 0.163984 -0.016986 0.042111
v 0.160529 -0.018771 0.040500
v 0.157074 -0.020556 0.042111
v 0.155643 -0.021296 0.046000
v 0.160512 -0.012083 0.049889
v 0.163796 -0.014166 0.051500
v 0.167080 -0.016249 0.049889
v 0.168441 -0.017112 0.046000
v 0.167080 -0.016249 0.042111
v 0.163796 -0.014166 0.040500
v 0.160512 -0.012083 0.042111
v 0.159152 -0.011220 0.046000
v 0.162839 -0.007961 0.049889
v 0.166337 -0.009660 0.051500
v 0.169836 -0.011359 0.049889
v 0.171285 -0.012063 0.046000
v 0.169836 -0.011359 0.042111
v 0.166337 -0.009660 0.040500
v 0.162839 -0.007961 0.042111
v 0.161390 -0.007257 0.046000
v 0.164460 -0.004034 0.049889
v 0.168152 -0.005254 0.051500
v 0.171845 -0.006475 0.049889
v 0.173374 -0.006980 0.046000
v 0.171845 -0.006475 0.042111
v 0.168152 -0.005254 0.040500
v 0.164460 -0.004034 0.042111
v 0.162930 -0.003528 0.046000
v 0.165406 -0.000302 0.049889
v 0.169241 -0.000948 0.051500
v 0.173076 -0.001594 0.049889
v 0.174665 -0.001862 0.046000
v 0.173076 -0.001594 0.042111
v 0.169241 -0.000948 0.040500
v 0.165406 -0.000302 0.042111
v 0.163818 -0.000034 0.046000
v 0.166739 0.000629 0.049889
v 0.169604 0.003259 0.051500
v 0.172470 0.005888 0.049889
v 0.173657 0.006977 0.046000
v 0.172470 0.005888 0.042111
v 0.169604 0.003259 0.040500
v 0.166739 0.000629 0.042111
v 0.165552 -0.000460 0.046000
v 0.158056 0.000509 0.049889
v 0.160806 0.003259 0.051500
v 0.163556 0.006009 0.049889
v 0.164695 0.007148 0.046000
v 0.163556 0.006009 0.042111
v 0.160806 0.003259 0.040500
v 0.158056 0.000509 0.042111
v 0.156917 -0.000631 0.046000
v 0.158056 0.024020 0.049889
v 0.160806 0.021270 0.051500
v 0.163556 0.018520 0.049889
v 0.164695 0.017381 0.046000
v 0.163556 0.018520 0.042111
v 0.160806 0.021270 0.040500
v 0.158056 0.024020 0.042111
v 0.156917 0.025159 0.046000
v 0.287150 -0.036003 0.049889
v 0.283536 -0.037441 0.051500
v 0.279923 -0.038879 0.049889
v 0.278426 -0.039475 0.046000
v 0.279923 -0.038879 0.042111
v 0.283536 -0.037441 0.040500
v 0.287150 -0.036003 0.042111
v 0.288647 -0.035408 0.046000
v 0.287932 -0.038243 0.049889
v 0.284210 -0.039368 0.051500
v 0.280487 -0.040494 0.049889
v 0.278945 -0.040960 0.046000
v 0.280487 -0.040494 0.042111
v 0.284210 -0.039368 0.040500
v 0.287932 -0.038243 0.042111
v 0.289474 -0.037776 0.046000
v 0.288536 -0.040593 0.049889
v 0.284734 -0.041409 0.051500
v 0.280931 -0.042226 0.049889
v 0.279356 -0.042564 0.046000
v 0.280931 -0.042226 0.042111
v 0.284734 -0.041409 0.040500
v 0.288536 -0.040593 0.042111
v 0.290111 -0.040254 0.046000
v 0.288961 -0.043039 0.049889
v 0.285108 -0.043564 0.051500
v 0.281254 -0.044088 0.049889
v 0.279658 -0.044305 0.046000
v 0.281254 -0.044088 0.042111
v 0.285108 -0.043564 0.040500
v 0.288961 -0.043039 0.042111
v 0.290557 -0.042822 0.046000
v 0.289213 -0.045579 0.049889
v 0.285332 -0.045832 0.051500
v 0.281451 -0.046085 0.049889
v 0.279844 -0.046189 0.046000
v 0.281451 -0.046085 0.042111
v 0.285332 -0.045832 0.040500
v 0.289213 -0.045579 0.042111
v 0.290820 -0.045474 0.046000
v 0.289295 -0.048303 0.049889
v 0.285407 -0.048214 0.051500
v 0.281519 -0.048124 0.049889
v 0.279908 -0.048086 0.046000
v 0.281519 -0.048124 0.042111
v 0.285407 -0.048214 0.040500
v 0.289295 -0.048303 0.042111
v 0.290905 -0.048341 0.046000
v 0.288817 -0.054320 0.049889
v 0.284982 -0.053679 0.051500
v 0.281146 -0.053038 0.049889
v 0.279557 -0.052773 0.046000
v 0.281146 -0.053038 0.042111
v 0.284982 -0.053679 0.040500
v 0.288817 -0.054320 0.042111
v 0.290406 -0.054586 0.046000
v 0.287355 -0.059948 0.049889
v 0.283706 -0.058605 0.051500
v 0.280056 -0.057262 0.049889
v 0.278544 -0.056706 0.046000
v 0.280056 -0.057262 0.042111
v 0.283706 -0.058605 0.040500
v 0.287355 -0.059948 0.042111
v 0.288867 -0.060504 0.046000
v 0.284884 -0.065040 0.049889
v 0.281579 -0.062990 0.051500
v 0.278274 -0.060940 0.049889
v 0.276905 -0.060091 0.046000
v 0.278274 -0.060940 0.042111
v 0.281579 -0.062990 0.040500
v 0.284884 -0.065040 0.042111
v 0.286252 -0.065890 0.046000
v 0.281423 -0.069511 0.049889
v 0.278601 -0.066835 0.051500
v 0.275779 -0.064159 0.049889
v 0.274610 -0.063051 0.046000
v 0.275779 -0.064159 0.042111
v 0.278601 -0.066835 0.040500
v 0.281423 -0.069511 0.042111
v 0.282592 -0.070619 0.046000
v 0.277037 -0.073301 0.049889
v 0.274773 -0.070139 0.051500
v 0.272509 -0.066978 0.049889
v 0.271571 -0.065668 0.046000
v 0.272509 -0.066978 0.042111
v 0.274773 -0.070139 0.040500
v 0.277037 -0.073301 0.042111
v 0.277975 -0.074611 0.046000
v 0.271818 -0.076370 0.049889
v 0.270122 -0.072870 0.051500
v 0.268425 -0.069371 0.049889
v 0.267723 -0.067921 0.046000
v 0.268425 -0.069371 0.042111
v 0.270122 -0.072870 0.040500
v 0.271818 -0.076370 0.042111
v 0.272521 -0.077819 0.046000
v 0.265844 -0.078704 0.049889
v 0.264675 -0.074994 0.051500
v 0.263507 -0.071285 0.049889
v 0.263023 -0.069748 0.046000
v 0.263507 -0.071285 0.042111
v 0.264675 -0.074994 0.040500
v 0.265844 -0.078704 0.042111
v 0.266328 -0.080240 0.046000
v 0.259143 -0.080335 0.049889
v 0.258434 -0.076511 0.051500
v 0.257724 -0.072688 0.049889
v 0.257430 -0.071104 0.046000
v 0.257724 -0.072688 0.042111
v 0.258434 -0.076511 0.040500
v 0.259143 -0.080335 0.042111
v 0.259437 -0.081919 0.046000
v 0.251722 -0.081297 0.049889
v 0.251397 -0.077422 0.051500
v 0.251071 -0.073546 0.049889
v 0.250937 -0.071941 0.046000
v 0.251071 -0.073546 0.042111
v 0.251397 -0.077422 0.040500
v 0.251722 -0.081297 0.042111
v 0.251856 -0.082902 0.046000
v 0.243567 -0.081614 0.049889
v 0.243564 -0.077725 0.051500
v 0.243561 -0.073836 0.049889
v 0.243559 -0.072225 0.046000
v 0.243561 -0.073836 0.042111
v 0.243564 -0.077725 0.040500
v 0.243567 -0.081614 0.042111
v 0.243569 -0.083225 0.046000
v 0.236071 -0.081336 0.049889
v 0.236379 -0.077459 0.051500
v 0.236687 -0.073582 0.049889
v 0.236814 -0.071976 0.046000
v 0.236687 -0.073582 0.042111
v 0.236379 -0.077459 0.040500
v 0.236071 -0.081336 0.042111
v 0.235943 -0.082942 0.046000
v 0.229177 -0.080493 0.049889
v 0.229842 -0.076661 0.051500
v 0.230507 -0.072829 0.049889
v 0.230782 -0.071242 0.046000
v 0.230507 -0.072829 0.042111
v 0.229842 -0.076661 0.040500
v 0.229177 -0.080493 0.042111
v 0.228902 -0.082080 0.046000
v 0.222872 -0.079067 0.049889
v 0.223954 -0.075331 0.051500
v 0.225035 -0.071595 0.049889
v 0.225483 -0.070048 0.046000
v 0.225035 -0.071595 0.042111
v 0.223954 -0.075331 0.040500
v 0.222872 -0.079067 0.042111
v 0.222424 -0.080614 0.046000
v 0.217160 -0.077034 0.049889
v 0.218713 -0.073469 0.051500
v 0.220267 -0.069904 0.049889
v 0.220911 -0.068427 0.046000
v 0.220267 -0.069904 0.042111
v 0.218713 -0.073469 0.040500
v 0.217160 -0.077034 0.042111
v 0.216516 -0.078511 0.046000
v 0.212059 -0.074372 0.049889
v 0.214122 -0.071075 0.051500
v 0.216184 -0.067778 0.049889
v 0.217039 -0.066412 0.046000
v 0.216184 -0.067778 0.042111
v 0.214122 -0.071075 0.040500
v 0.212059 -0.074372 0.042111
v 0.211205 -0.075737 0.046000
v 0.207592 -0.071062 0.049889
v 0.210159 -0.068140 0.051500
v 0.212726 -0.065219 0.049889
v 0.213790 -0.064009 0.046000
v 0.212726 -0.065219 0.042111
v 0.210159 -0.068140 0.040500
v 0.207592 -0.071062 0.042111
v 0.206529 -0.072272 0.046000
v 0.203787 -0.067108 0.049889
v 0.206806 -0.064657 0.051500
v 0.209826 -0.062206 0.049889
v 0.211076 -0.061190 0.046000
v 0.209826 -0.062206 0.042111
v 0.206806 -0.064657 0.040500
v 0.203787 -0.067108 0.042111
v 0.202536 -0.068123 0.046000
v 0.200682 -0.062546 0.049889
v 0.204063 -0.060625 0.051500
v 0.207444 -0.058704 0.049889
v 0.208845 -0.057908 0.046000
v 0.207444 -0.058704 0.042111
v 0.204063 -0.060625 0.040500
v 0.200682 -0.062546 0.042111
v 0.199281 -0.063342 0.046000
v 0.198293 -0.057423 0.049889
v 0.201929 -0.056045 0.051500
v 0.205566 -0.054666 0.049889
v 0.207072 -0.054095 0.046000
v 0.205566 -0.054666 0.042111
v 0.201929 -0.056045 0.040500
v 0.198293 -0.057423 0.042111
v 0.196786 -0.057994 0.046000
v 0.197109 -0.048852 0.049889
v 0.200405 -0.050915 0.051500
v 0.203702 -0.052979 0.049889
v 0.205067 -0.053833 0.046000
v 0.203702 -0.052979 0.042111
v 0.200405 -0.050915 0.040500
v 0.197109 -0.048852 0.042111
v 0.195743 -0.047997 0.046000
v 0.222169 -0.044336 0.049889
v 0.220149 -0.047659 0.051500
v 0.218129 -0.050983 0.049889
v 0.217292 -0.052359 0.046000
v 0.218129 -0.050983 0.042111
v 0.220149 -0.047659 0.040500
v 0.222169 -0.044336 0.042111
v 0.223005 -0.042959 0.046000
v 0.224711 -0.049136 0.049889
v 0.221105 -0.050592 0.051500
v 0.217499 -0.052049 0.049889
v 0.216005 -0.052652 0.046000
v 0.217499 -0.052049 0.042111
v 0.221105 -0.050592 0.040500
v 0.224711 -0.049136 0.042111
v 0.226205 -0.048533 0.046000
v 0.225721 -0.051218 0.049889
v 0.222366 -0.053185 0.051500
v 0.219010 -0.055151 0.049889
v 0.217621 -0.055966 0.046000
v 0.219010 -0.055151 0.042111
v 0.222366 -0.053185 0.040500
v 0.225721 -0.051218 0.042111
v 0.227111 -0.050404 0.046000
v 0.226928 -0.052957 0.049889
v 0.223931 -0.055436 0.051500
v 0.220935 -0.057915 0.049889
v 0.219694 -0.058942 0.046000
v 0.220935 -0.057915 0.042111
v 0.223931 -0.055436 0.040500
v 0.226928 -0.052957 0.042111
v 0.228169 -0.051930 0.046000
v 0.228338 -0.054399 0.049889
v 0.225802 -0.057347 0.051500
v 0.223265 -0.060295 0.049889
v 0.222214 -0.061516 0.046000
v 0.223265 -0.060295 0.042111
v 0.225802 -0.057347 0.040500
v 0.228338 -0.054399 0.042111
v 0.229389 -0.053178 0.046000
v 0.229994 -0.055592 0.049889
v 0.227977 -0.058917 0.051500
v 0.225960 -0.062242 0.049889
v 0.225125 -0.063619 0.046000
v 0.225960 -0.062242 0.042111
v 0.227977 -0.058917 0.040500
v 0.229994 -0.055592 0.042111
v 0.230830 -0.054214 0.046000
v 0.231990 -0.056590 0.049889
v 0.230485 -0.060176 0.051500
v 0.228980 -0.063762 0.049889
v 0.228357 -0.065248 0.046000
v 0.228980 -0.063762 0.042111
v 0.230485 -0.060176 0.040500
v 0.231990 -0.056590 0.042111
v 0.232613 -0.055104 0.046000
v 0.234395 -0.057409 0.049889
v 0.233353 -0.061156 0.051500
v 0.232311 -0.064903 0.049889
v 0.231879 -0.066455 0.046000
v 0.232311 -0.064903 0.042111
v 0.233353 -0.061156 0.040500
v 0.234395 -0.057409 0.042111
v 0.234827 -0.055857 0.046000
v 0.237220 -0.058019 0.049889
v 0.236581 -0.061855 0.051500
v 0.235943 -0.065692 0.049889
v 0.235678 -0.067281 0.046000
v 0.235943 -0.065692 0.042111
v 0.236581 -0.061855 0.040500
v 0.237220 -0.058019 0.042111
v 0.237484 -0.056430 0.046000
v 0.240465 -0.058397 0.049889
v 0.240170 -0.062275 0.051500
v 0.239875 -0.066153 0.049889
v 0.239752 -0.067759 0.046000
v 0.239875 -0.066153 0.042111
v 0.240170 -0.062275 0.040500
v 0.240465 -0.058397 0.042111
v 0.240587 -0.056791 0.046000
v 0.244056 -0.058527 0.049889
v 0.244118 -0.062415 0.051500
v 0.244181 -0.066304 0.049889
v 0.244207 -0.067914 0.046000
v 0.244181 -0.066304 0.042111
v 0.244118 -0.062415 0.040500
v 0.244056 -0.058527 0.042111
v 0.244030 -0.056916 0.046000
v 0.251200 -0.058056 0.049889
v 0.251825 -0.061894 0.051500
v 0.252449 -0.065733 0.049889
v 0.252708 -0.067323 0.046000
v 0.252449 -0.065733 0.042111
v 0.251825 -0.061894 0.040500
v 0.251200 -0.058056 0.042111
v 0.250941 -0.056466 0.046000
v 0.256301 -0.056750 0.049889
v 0.257818 -0.060331 0.051500
v 0.259336 -0.063912 0.049889
v 0.259964 -0.065395 0.046000
v 0.259336 -0.063912 0.042111
v 0.257818 -0.060331 0.040500
v 0.256301 -0.056750 0.042111
v 0.255672 -0.055267 0.046000
v 0.259443 -0.054886 0.049889
v 0.262100 -0.057727 0.051500
v 0.264756 -0.060567 0.049889
v 0.265856 -0.061744 0.046000
v 0.264756 -0.060567 0.042111
v 0.262100 -0.057727 0.040500
v 0.259443 -0.054886 0.042111
v 0.258343 -0.053709 0.046000
v 0.261082 -0.052576 0.049889
v 0.264668 -0.054080 0.051500
v 0.268255 -0.055584 0.049889
v 0.269740 -0.056207 0.046000
v 0.268255 -0.055584 0.042111
v 0.264668 -0.054080 0.040500
v 0.261082 -0.052576 0.042111
v 0.259596 -0.051952 0.046000
v 0.261642 -0.049159 0.049889
v 0.265525 -0.049391 0.051500
v 0.269407 -0.049623 0.049889
v 0.271015 -0.049719 0.046000
v 0.269407 -0.049623 0.042111
v 0.265525 -0.049391 0.040500
v 0.261642 -0.049159 0.042111
v 0.260034 -0.049063 0.046000
v 0.261569 -0.048285 0.049889
v 0.265426 -0.047787 0.051500
v 0.269283 -0.047288 0.049889
v 0.270881 -0.047082 0.046000
v 0.269283 -0.047288 0.042111
v 0.265426 -0.047787 0.040500
v 0.261569 -0.048285 0.042111
v 0.259972 -0.048492 0.046000
v 0.261383 -0.047336 0.049889
v 0.265131 -0.046299 0.051500
v 0.268879 -0.045261 0.049889
v 0.270432 -0.044832 0.046000
v 0.268879 -0.045261 0.042111
v 0.265131 -0.046299 0.040500
v 0.261383 -0.047336 0.042111
v 0.259831 -0.047766 0.046000
v 0.261093 -0.046524 0.049889
v 0.264639 -0.044927 0.051500
v 0.268186 -0.043331 0.049889
v 0.269655 -0.042669 0.046000
v 0.268186 -0.043331 0.042111
v 0.264639 -0.044927 0.040500
v 0.261093 -0.046524 0.042111
v 0.259624 -0.047185 0.046000
v 0.260700 -0.045807 0.049889
v 0.263951 -0.043672 0.051500
v 0.267201 -0.041536 0.049889
v 0.268547 -0.040652 0.046000
v 0.267201 -0.041536 0.042111
v 0.263951 -0.043672 0.040500
v 0.260700 -0.045807 0.042111
v 0.259354 -0.046692 0.046000
v 0.260161 -0.045120 0.049889
v 0.263065 -0.042533 0.051500
v 0.265969 -0.039946 0.049889
v 0.267172 -0.038875 0.046000
v 0.265969 -0.039946 0.042111
v 0.263065 -0.042533 0.040500
v 0.260161 -0.045120 0.042111
v 0.258958 -0.046191 0.046000
v 0.259426 -0.044403 0.049889
v 0.262001 -0.041488 0.051500
v 0.264576 -0.038574 0.049889
v 0.265643 -0.037367 0.046000
v 0.264576 -0.038574 0.042111
v 0.262001 -0.041488 0.040500
v 0.259426 -0.044403 0.042111
v 0.258359 -0.045610 0.046000
v 0.258505 -0.043672 0.049889
v 0.260776 -0.040516 0.051500
v 0.263048 -0.037359 0.049889
v 0.263989 -0.036051 0.046000
v 0.263048 -0.037359 0.042111
v 0.260776 -0.040516 0.040500
v 0.258505 -0.043672 0.042111
v 0.257564 -0.044980 0.046000
v 0.257411 -0.042962 0.049889
v 0.259391 -0.039615 0.051500
v 0.261371 -0.036268 0.049889
v 0.262191 -0.034881 0.046000
v 0.261371 -0.036268 0.042111
v 0.259391 -0.039615 0.040500
v 0.257411 -0.042962 0.042111
v 0.256591 -0.044349 0.046000
v 0.256137 -0.042281 0.049889
v 0.257845 -0.038786 0.051500
v 0.259552 -0.035292 0.049889
v 0.260260 -0.033845 0.046000
v 0.259552 -0.035292 0.042111
v 0.257845 -0.038786 0.040500
v 0.256137 -0.042281 0.042111
v 0.255430 -0.043728 0.046000
v 0.254698 -0.041643 0.049889
v 0.256138 -0.038030 0.051500
v 0.257577 -0.034417 0.049889
v 0.258173 -0.032921 0.046000
v 0.257577 -0.034417 0.042111
v 0.256138 -0.038030 0.040500
v 0.254698 -0.041643 0.042111
v 0.254102 -0.043139 0.046000
v 0.252825 -0.040979 0.049889
v 0.254022 -0.037279 0.051500
v 0.255219 -0.033579 0.049889
v 0.255715 -0.032046 0.046000
v 0.255219 -0.033579 0.042111
v 0.254022 -0.037279 0.040500
v 0.252825 -0.040979 0.042111
v 0.252329 -0.042512 0.046000
v 0.250223 -0.040218 0.049889
v 0.251250 -0.036467 0.051500
v 0.252276 -0.032716 0.049889
v 0.252701 -0.031162 0.046000
v 0.252276 -0.032716 0.042111
v 0.251250 -0.036467 0.040500
v 0.250223 -0.040218 0.042111
v 0.249798 -0.041772 0.046000
v 0.246907 -0.039375 0.049889
v 0.247820 -0.035594 0.051500
v 0.248733 -0.031814 0.049889
v 0.249112 -0.030248 0.046000
v 0.248733 -0.031814 0.042111
v 0.247820 -0.035594 0.040500
v 0.246907 -0.039375 0.042111
v 0.246529 -0.040941 0.046000
v 0.242902 -0.038459 0.049889
v 0.243735 -0.034660 0.051500
v 0.244567 -0.030861 0.049889
v 0.244912 -0.029288 0.046000
v 0.244567 -0.030861 0.042111
v 0.243735 -0.034660 0.040500
v 0.242902 -0.038459 0.042111
v 0.242557 -0.040033 0.046000
v 0.238140 -0.037460 0.049889
v 0.238992 -0.033666 0.051500
v 0.239844 -0.029871 0.049889
v 0.240197 -0.028299 0.046000
v 0.239844 -0.029871 0.042111
v 0.238992 -0.033666 0.040500
v 0.238140 -0.037460 0.042111
v 0.237787 -0.039032 0.046000
v 0.233950 -0.036457 0.049889
v 0.234880 -0.032680 0.051500
v 0.235809 -0.028904 0.049889
v 0.236194 -0.027340 0.046000
v 0.235809 -0.028904 0.042111
v 0.234880 -0.032680 0.040500
v 0.233950 -0.036457 0.042111
v 0.233565 -0.038021 0.046000
v 0.230315 -0.035538 0.049889
v 0.231300 -0.031776 0.051500
v 0.232284 -0.028013 0.049889
v 0.232691 -0.026455 0.046000
v 0.232284 -0.028013 0.042111
v 0.231300 -0.031776 0.040500
v 0.230315 -0.035538 0.042111
v 0.229908 -0.037097 0.046000
v 0.227192 -0.034693 0.049889
v 0.228251 -0.030951 0.051500
v 0.229311 -0.027209 0.049889
v 0.229749 -0.025659 0.046000
v 0.229311 -0.027209 0.042111
v 0.228251 -0.030951 0.040500
v 0.227192 -0.034693 0.042111
v 0.226754 -0.036243 0.046000
v 0.224567 -0.033917 0.049889
v 0.225735 -0.030207 0.051500
v 0.226904 -0.026498 0.049889
v 0.227388 -0.024961 0.046000
v 0.226904 -0.026498 0.042111
v 0.225735 -0.030207 0.040500
v 0.224567 -0.033917 0.042111
v 0.224083 -0.035453 0.046000
v 0.222438 -0.033204 0.049889
v 0.223751 -0.029544 0.051500
v 0.225064 -0.025883 0.049889
v 0.225608 -0.024367 0.046000
v 0.225064 -0.025883 0.042111
v 0.223751 -0.029544 0.040500
v 0.222438 -0.033204 0.042111
v 0.221894 -0.034721 0.046000
v 0.220608 -0.032503 0.049889
v 0.222066 -0.028898 0.051500
v 0.223525 -0.025293 0.049889
v 0.224129 -0.023800 0.046000
v 0.223525 -0.025293 0.042111
v 0.222066 -0.028898 0.040500
v 0.220608 -0.032503 0.042111
v 0.220003 -0.033996 0.046000
v 0.218853 -0.031755 0.049889
v 0.220448 -0.028208 0.051500
v 0.222043 -0.024661 0.049889
v 0.222703 -0.023192 0.046000
v 0.222043 -0.024661 0.042111
v 0.220448 -0.028208 0.040500
v 0.218853 -0.031755 0.042111
v 0.218193 -0.033224 0.046000
v 0.217161 -0.030954 0.049889
v 0.218896 -0.027474 0.051500
v 0.220631 -0.023993 0.049889
v 0.221350 -0.022551 0.046000
v 0.220631 -0.023993 0.042111
v 0.218896 -0.027474 0.040500
v 0.217161 -0.030954 0.042111
v 0.216443 -0.032396 0.046000
v 0.215532 -0.030100 0.049889
v 0.217411 -0.026695 0.051500
v 0.219290 -0.023290 0.049889
v 0.220068 -0.021880 0.046000
v 0.219290 -0.023290 0.042111
v 0.217411 -0.026695 0.040500
v 0.215532 -0.030100 0.042111
v 0.214754 -0.031510 0.046000
v 0.213951 -0.029182 0.049889
v 0.215992 -0.025872 0.051500
v 0.218034 -0.022562 0.049889
v 0.218879 -0.021191 0.046000
v 0.218034 -0.022562 0.042111
v 0.215992 -0.025872 0.040500
v 0.213951 -0.029182 0.042111
v 0.213105 -0.030553 0.046000
v 0.212413 -0.028174 0.049889
v 0.214648 -0.024992 0.051500
v 0.216884 -0.021810 0.049889
v 0.217810 -0.020492 0.046000
v 0.216884 -0.021810 0.042111
v 0.214648 -0.024992 0.040500
v 0.212413 -0.028174 0.042111
v 0.211487 -0.029493 0.046000
v 0.210945 -0.027069 0.049889
v 0.213387 -0.024043 0.051500
v 0.215830 -0.021017 0.049889
v 0.216842 -0.019763 0.046000
v 0.215830 -0.021017 0.042111
v 0.213387 -0.024043 0.040500
v 0.210945 -0.027069 0.042111
v 0.209933 -0.028323 0.046000
v 0.209566 -0.025877 0.049889
v 0.212210 -0.023025 0.051500
v 0.214854 -0.020173 0.049889
v 0.215949 -0.018991 0.046000
v 0.214854 -0.020173 0.042111
v 0.212210 -0.023025 0.040500
v 0.209566 -0.025877 0.042111
v 0.208470 -0.027058 0.046000
v 0.208279 -0.024598 0.049889
v 0.211115 -0.021937 0.051500
v 0.213952 -0.019276 0.049889
v 0.215126 -0.018174 0.046000
v 0.213952 -0.019276 0.042111
v 0.211115 -0.021937 0.040500
v 0.208279 -0.024598 0.042111
v 0.207104 -0.025700 0.046000
v 0.207083 -0.023230 0.049889
v 0.210104 -0.020780 0.051500
v 0.213124 -0.018330 0.049889
v 0.214375 -0.017315 0.046000
v 0.213124 -0.018330 0.042111
v 0.210104 -0.020780 0.040500
v 0.207083 -0.023230 0.042111
v 0.205832 -0.024245 0.046000
v 0.205982 -0.021764 0.049889
v 0.209177 -0.019547 0.051500
v 0.212372 -0.017330 0.049889
v 0.213696 -0.016412 0.046000
v 0.212372 -0.017330 0.042111
v 0.209177 -0.019547 0.040500
v 0.205982 -0.021764 0.042111
v 0.204658 -0.022682 0.046000
v 0.204984 -0.020203 0.049889
v 0.208336 -0.018231 0.051500
v 0.211688 -0.016259 0.049889
v 0.213077 -0.015442 0.046000
v 0.211688 -0.016259 0.042111
v 0.208336 -0.018231 0.040500
v 0.204984 -0.020203 0.042111
v 0.203595 -0.021019 0.046000
v 0.204095 -0.018556 0.049889
v 0.207581 -0.016831 0.051500
v 0.211067 -0.015107 0.049889
v 0.212510 -0.014393 0.046000
v 0.211067 -0.015107 0.042111
v 0.207581 -0.016831 0.040500
v 0.204095 -0.018556 0.042111
v 0.202651 -0.019270 0.046000
v 0.203315 -0.016829 0.049889
v 0.206912 -0.015349 0.051500
v 0.210508 -0.013869 0.049889
v 0.211998 -0.013256 0.046000
v 0.210508 -0.013869 0.042111
v 0.206912 -0.015349 0.040500
v 0.203315 -0.016829 0.042111
v 0.201825 -0.017442 0.046000
v 0.202638 -0.015011 0.049889
v 0.206328 -0.013783 0.051500
v 0.210018 -0.012555 0.049889
v 0.211547 -0.012047 0.046000
v 0.210018 -0.012555 0.042111
v 0.206328 -0.013783 0.040500
v 0.202638 -0.015011 0.042111
v 0.201110 -0.015520 0.046000
v 0.202073 -0.013089 0.049889
v 0.205842 -0.012129 0.051500
v 0.209611 -0.011169 0.049889
v 0.211172 -0.010771 0.046000
v 0.209611 -0.011169 0.042111
v 0.205842 -0.012129 0.040500
v 0.202073 -0.013089 0.042111
v 0.200512 -0.013487 0.046000
v 0.201637 -0.011074 0.049889
v 0.205464 -0.010380 0.051500
v 0.209290 -0.009687 0.049889
v 0.210876 -0.009400 0.046000
v 0.209290 -0.009687 0.042111
v 0.205464 -0.010380 0.040500
v 0.201637 -0.011074 0.042111
v 0.200052 -0.011361 0.046000
v 0.201330 -0.008982 0.049889
v 0.205194 -0.008538 0.051500
v 0.209057 -0.008093 0.049889
v 0.210657 -0.007909 0.046000
v 0.209057 -0.008093 0.042111
v 0.205194 -0.008538 0.040500
v 0.201330 -0.008982 0.042111
v 0.199730 -0.009166 0.046000
v 0.201148 -0.006815 0.049889
v 0.205031 -0.006601 0.051500
v 0.208915 -0.006387 0.049889
v 0.210523 -0.006298 0.046000
v 0.208915 -0.006387 0.042111
v 0.205031 -0.006601 0.040500
v 0.201148 -0.006815 0.042111
v 0.199540 -0.006903 0.046000
v 0.201090 -0.004468 0.049889
v 0.204977 -0.004570 0.051500
v 0.208865 -0.004671 0.049889
v 0.210476 -0.004713 0.046000
v 0.208865 -0.004671 0.042111
v 0.204977 -0.004570 0.040500
v 0.201090 -0.004468 0.042111
v 0.199479 -0.004426 0.046000
v 0.201540 0.001124 0.049889
v 0.205375 0.000475 0.051500
v 0.209210 -0.000174 0.049889
v 0.210798 -0.000442 0.046000
v 0.209210 -0.000174 0.042111
v 0.205375 0.000475 0.040500
v 0.201540 0.001124 0.042111
v 0.199952 0.001392 0.046000
v 0.202923 0.006380 0.049889
v 0.206568 0.005024 0.051500
v 0.210213 0.003667 0.049889
v 0.211723 0.003105 0.046000
v 0.210213 0.003667 0.042111
v 0.206568 0.005024 0.040500
v 0.202923 0.006380 0.042111
v 0.201413 0.006942 0.046000
v 0.205261 0.011142 0.049889
v 0.208556 0.009076 0.051500
v 0.211851 0.007010 0.049889
v 0.213216 0.006154 0.046000
v 0.211851 0.007010 0.042111
v 0.208556 0.009076 0.040500
v 0.205261 0.011142 0.042111
v 0.203897 0.011998 0.046000
v 0.208531 0.015323 0.049889
v 0.211340 0.012633 0.051500
v 0.214149 0.009943 0.049889
v 0.215312 0.008829 0.046000
v 0.214149 0.009943 0.042111
v 0.211340 0.012633 0.040500
v 0.208531 0.015323 0.042111
v 0.207367 0.016437 0.046000
v 0.212666 0.018864 0.049889
v 0.214919 0.015694 0.051500
v 0.217171 0.012524 0.049889
v 0.218105 0.011210 0.046000
v 0.217171 0.012524 0.042111
v 0.214919 0.015694 0.040500
v 0.212666 0.018864 0.042111
v 0.211732 0.020177 0.046000
v 0.217566 0.021728 0.049889
v 0.219257 0.018225 0.051500
v 0.220947 0.014722 0.049889
v 0.221647 0.013272 0.046000
v 0.220947 0.014722 0.042111
v 0.219257 0.018225 0.040500
v 0.217566 0.021728 0.042111
v 0.216866 0.023178 0.046000
v 0.223151 0.023904 0.049889
v 0.224318 0.020194 0.051500
v 0.225485 0.016484 0.049889
v 0.225968 0.014947 0.046000
v 0.225485 0.016484 0.042111
v 0.224318 0.020194 0.040500
v 0.223151 0.023904 0.042111
v 0.222668 0.025440 0.046000
v 0.229392 0.025424 0.049889
v 0.230102 0.021600 0.051500
v 0.230813 0.017776 0.049889
v 0.231107 0.016193 0.046000
v 0.230813 0.017776 0.042111
v 0.230102 0.021600 0.040500
v 0.229392 0.025424 0.042111
v 0.229098 0.027008 0.046000
v 0.236284 0.026319 0.049889
v 0.236610 0.022444 0.051500
v 0.236936 0.018568 0.049889
v 0.237071 0.016963 0.046000
v 0.236936 0.018568 0.042111
v 0.236610 0.022444 0.040500
v 0.236284 0.026319 0.042111
v 0.236149 0.027925 0.046000
v 0.243830 0.026614 0.049889
v 0.243841 0.022725 0.051500
v 0.243853 0.018836 0.049889
v 0.243858 0.017225 0.046000
v 0.243853 0.018836 0.042111
v 0.243841 0.022725 0.040500
v 0.243830 0.026614 0.042111
v 0.243825 0.028225 0.046000
v 0.251017 0.026377 0.049889
v 0.250740 0.022498 0.051500
v 0.250462 0.018619 0.049889
v 0.250347 0.017012 0.046000
v 0.250462 0.018619 0.042111
v 0.250740 0.022498 0.040500
v 0.251017 0.026377 0.042111
v 0.251132 0.027984 0.046000
v 0.257526 0.025657 0.049889
v 0.256915 0.021816 0.051500
v 0.256304 0.017975 0.049889
v 0.256051 0.016384 0.046000
v 0.256304 0.017975 0.042111
v 0.256915 0.021816 0.040500
v 0.257526 0.025657 0.042111
v 0.257779 0.027248 0.046000
v 0.263386 0.024433 0.049889
v 0.262367 0.020680 0.051500
v 0.261349 0.016927 0.049889
v 0.260927 0.015372 0.046000
v 0.261349 0.016927 0.042111
v 0.262367 0.020680 0.040500
v 0.263386 0.024433 0.042111
v 0.263807 0.025988 0.046000
v 0.268604 0.022674 0.049889
v 0.267096 0.019090 0.051500
v 0.265588 0.015505 0.049889
v 0.264963 0.014020 0.046000
v 0.265588 0.015505 0.042111
v 0.267096 0.019090 0.040500
v 0.268604 0.022674 0.042111
v 0.269229 0.024159 0.046000
v 0.273169 0.020338 0.049889
v 0.271101 0.017045 0.051500
v 0.269034 0.013751 0.049889
v 0.268177 0.012386 0.046000
v 0.269034 0.013751 0.042111
v 0.271101 0.017045 0.040500
v 0.273169 0.020338 0.042111
v 0.274026 0.021703 0.046000
v 0.277114 0.017343 0.049889
v 0.274486 0.014476 0.051500
v 0.271859 0.011608 0.049889
v 0.270771 0.010421 0.046000
v 0.271859 0.011608 0.042111
v 0.274486 0.014476 0.040500
v 0.277114 0.017343 0.042111
v 0.278202 0.018531 0.046000
v 0.280454 0.013661 0.049889
v 0.277353 0.011314 0.051500
v 0.274251 0.008967 0.049889
v 0.272967 0.007996 0.046000
v 0.274251 0.008967 0.042111
v 0.277353 0.011314 0.040500
v 0.280454 0.013661 0.042111
v 0.281739 0.014632 0.046000
v 0.283153 0.009351 0.049889
v 0.279701 0.007559 0.051500
v 0.276249 0.005768 0.049889
v 0.274820 0.005026 0.046000
v 0.276249 0.005768 0.042111
v 0.279701 0.007559 0.040500
v 0.283153 0.009351 0.042111
v 0.284583 0.010093 0.046000
v 0.285212 0.004468 0.049889
v 0.281532 0.003211 0.051500
v 0.277851 0.001955 0.049889
v 0.276327 0.001434 0.046000
v 0.277851 0.001955 0.042111
v 0.281532 0.003211 0.040500
v 0.285212 0.004468 0.042111
v 0.286737 0.004989 0.046000
v 0.286080 -0.003886 0.049889
v 0.282844 -0.001729 0.051500
v 0.279607 0.000427 0.049889
v 0.278267 0.001321 0.046000
v 0.279607 0.000427 0.042111
v 0.282844 -0.001729 0.040500
v 0.286080 -0.003886 0.042111
v 0.287420 -0.004779 0.046000
v 0.260936 -0.007708 0.049889
v 0.263031 -0.004431 0.051500
v 0.265125 -0.001154 0.049889
v 0.265993 0.000203 0.046000
v 0.265125 -0.001154 0.042111
v 0.263031 -0.004431 0.040500
v 0.260936 -0.007708 0.042111
v 0.260069 -0.009065 0.046000
v 0.258661 -0.003420 0.049889
v 0.262295 -0.002034 0.051500
v 0.265929 -0.000648 0.049889
v 0.267434 -0.000074 0.046000
v 0.265929 -0.000648 0.042111
v 0.262295 -0.002034 0.040500
v 0.258661 -0.003420 0.042111
v 0.257156 -0.003995 0.046000
v 0.257903 -0.001768 0.049889
v 0.261307 0.000113 0.051500
v 0.264711 0.001995 0.049889
v 0.266121 0.002774 0.046000
v 0.264711 0.001995 0.042111
v 0.261307 0.000113 0.040500
v 0.257903 -0.001768 0.042111
v 0.256493 -0.002547 0.046000
v 0.256988 -0.000364 0.049889
v 0.260067 0.002012 0.051500
v 0.263146 0.004387 0.049889
v 0.264422 0.005371 0.046000
v 0.263146 0.004387 0.042111
v 0.260067 0.002012 0.040500
v 0.256988 -0.000364 0.042111
v 0.255712 -0.001348 0.046000
v 0.255908 0.000830 0.049889
v 0.258575 0.003660 0.051500
v 0.261242 0.006491 0.049889
v 0.262347 0.007663 0.046000
v 0.261242 0.006491 0.042111
v 0.258575 0.003660 0.040500
v 0.255908 0.000830 0.042111
v 0.254803 -0.000343 0.046000
v 0.254651 0.001839 0.049889
v 0.256831 0.005060 0.051500
v 0.259010 0.008281 0.049889
v 0.259913 0.009615 0.046000
v 0.259010 0.008281 0.042111
v 0.256831 0.005060 0.040500
v 0.254651 0.001839 0.042111
v 0.253748 0.000505 0.046000
v 0.253149 0.002685 0.049889
v 0.254798 0.006207 0.051500
v 0.256447 0.009729 0.049889
v 0.257130 0.011188 0.046000
v 0.256447 0.009729 0.042111
v 0.254798 0.006207 0.040500
v 0.253149 0.002685 0.042111
v 0.252466 0.001226 0.046000
v 0.251301 0.003381 0.049889
v 0.252441 0.007099 0.051500
v 0.253582 0.010817 0.049889
v 0.254054 0.012357 0.046000
v 0.253582 0.010817 0.042111
v 0.252441 0.007099 0.040500
v 0.251301 0.003381 0.042111
v 0.250828 0.001841 0.046000
v 0.249064 0.003910 0.049889
v 0.249760 0.007737 0.051500
v 0.250456 0.011563 0.049889
v 0.250745 0.013148 0.046000
v 0.250456 0.011563 0.042111
v 0.249760 0.007737 0.040500
v 0.249064 0.003910 0.042111
v 0.248776 0.002325 0.046000
v 0.246435 0.004243 0.049889
v 0.246755 0.008119 0.051500
v 0.247075 0.011995 0.049889
v 0.247208 0.013600 0.046000
v 0.247075 0.011995 0.042111
v 0.246755 0.008119 0.040500
v 0.246435 0.004243 0.042111
v 0.246302 0.002638 0.046000
v 0.243486 0.004358 0.049889
v 0.243426 0.008246 0.051500
v 0.243365 0.012135 0.049889
v 0.243340 0.013746 0.046000
v 0.243365 0.012135 0.042111
v 0.243426 0.008246 0.040500
v 0.243486 0.004358 0.042111
v 0.243512 0.002747 0.046000
v 0.237384 0.003945 0.049889
v 0.236742 0.007781 0.051500
v 0.236099 0.011617 0.049889
v 0.235833 0.013205 0.046000
v 0.236099 0.011617 0.042111
v 0.236742 0.007781 0.040500
v 0.237384 0.003945 0.042111
v 0.237651 0.002357 0.046000
v 0.233098 0.002819 0.049889
v 0.231543 0.006384 0.051500
v 0.229989 0.009949 0.049889
v 0.229345 0.011426 0.046000
v 0.229989 0.009949 0.042111
v 0.231543 0.006384 0.040500
v 0.233098 0.002819 0.042111
v 0.233742 0.001343 0.046000
v 0.230525 0.001253 0.049889
v 0.227830 0.004057 0.051500
v 0.225135 0.006861 0.049889
v 0.224019 0.008022 0.046000
v 0.225135 0.006861 0.042111
v 0.227830 0.004057 0.040500
v 0.230525 0.001253 0.042111
v 0.231641 0.000091 0.046000
v 0.229203 -0.000672 0.049889
v 0.225602 0.000798 0.051500
v 0.222002 0.002268 0.049889
v 0.220510 0.002876 0.046000
v 0.222002 0.002268 0.042111
v 0.225602 0.000798 0.040500
v 0.229203 -0.000672 0.042111
v 0.230694 -0.001281 0.046000
v 0.228742 -0.003628 0.049889
v 0.224860 -0.003392 0.051500
v 0.220978 -0.003155 0.049889
v 0.219370 -0.003057 0.046000
v 0.220978 -0.003155 0.042111
v 0.224860 -0.003392 0.040500
v 0.228742 -0.003628 0.042111
v 0.230349 -0.003726 0.046000
v 0.228803 -0.004421 0.049889
v 0.224939 -0.004861 0.051500
v 0.221074 -0.005300 0.049889
v 0.219474 -0.005482 0.046000
v 0.221074 -0.005300 0.042111
v 0.224939 -0.004861 0.040500
v 0.228803 -0.004421 0.042111
v 0.230403 -0.004239 0.046000
v 0.228953 -0.005295 0.049889
v 0.225176 -0.006218 0.051500
v 0.221398 -0.007142 0.049889
v 0.219833 -0.007524 0.046000
v 0.221398 -0.007142 0.042111
v 0.225176 -0.006218 0.040500
v 0.228953 -0.005295 0.042111
v 0.230518 -0.004913 0.046000
v 0.229182 -0.006024 0.049889
v 0.225570 -0.007465 0.051500
v 0.221958 -0.008907 0.049889
v 0.220462 -0.009504 0.046000
v 0.221958 -0.008907 0.042111
v 0.225570 -0.007465 0.040500
v 0.229182 -0.006024 0.042111
v 0.230679 -0.005427 0.046000
v 0.229480 -0.006637 0.049889
v 0.226123 -0.008601 0.051500
v 0.222767 -0.010566 0.049889
v 0.221376 -0.011380 0.046000
v 0.222767 -0.010566 0.042111
v 0.226123 -0.008601 0.040500
v 0.229480 -0.006637 0.042111
v 0.230870 -0.005823 0.046000
v 0.229870 -0.007196 0.049889
v 0.226834 -0.009627 0.051500
v 0.223798 -0.012057 0.049889
v 0.222540 -0.013064 0.046000
v 0.223798 -0.012057 0.042111
v 0.226834 -0.009627 0.040500
v 0.229870 -0.007196 0.042111
v 0.231128 -0.006189 0.046000
v 0.230408 -0.007777 0.049889
v 0.227700 -0.010568 0.051500
v 0.224991 -0.013358 0.049889
v 0.223870 -0.014514 0.046000
v 0.224991 -0.013358 0.042111
v 0.227700 -0.010568 0.040500
v 0.230408 -0.007777 0.042111
v 0.231530 -0.006621 0.046000
v 0.231114 -0.008387 0.049889
v 0.228718 -0.011450 0.051500
v 0.226322 -0.014513 0.049889
v 0.225330 -0.015782 0.046000
v 0.226322 -0.014513 0.042111
v 0.228718 -0.011450 0.040500
v 0.231114 -0.008387 0.042111
v 0.232107 -0.007118 0.046000
v 0.231985 -0.008999 0.049889
v 0.229889 -0.012275 0.051500
v 0.227793 -0.015550 0.049889
v 0.226925 -0.016907 0.046000
v 0.227793 -0.015550 0.042111
v 0.229889 -0.012275 0.040500
v 0.231985 -0.008999 0.042111
v 0.232853 -0.007642 0.046000
v 0.233029 -0.009602 0.049889
v 0.231212 -0.013041 0.051500
v 0.229395 -0.016479 0.049889
v 0.228643 -0.017904 0.046000
v 0.229395 -0.016479 0.042111
v 0.231212 -0.013041 0.040500
v 0.233029 -0.009602 0.042111
v 0.233782 -0.008178 0.046000
v 0.234226 -0.010177 0.049889
v 0.232688 -0.013749 0.051500
v 0.231149 -0.017320 0.049889
v 0.230512 -0.018800 0.046000
v 0.231149 -0.017321 0.042111
v 0.232688 -0.013749 0.040500
v 0.234226 -0.010177 0.042111
v 0.234864 -0.008697 0.046000
v 0.235838 -0.010793 0.049889
v 0.234558 -0.014466 0.051500
v 0.233277 -0.018138 0.049889
v 0.232746 -0.019659 0.046000
v 0.233277 -0.018138 0.042111
v 0.234558 -0.014466 0.040500
v 0.235838 -0.010793 0.042111
v 0.236369 -0.009272 0.046000
v 0.238160 -0.011523 0.049889
v 0.237064 -0.015255 0.051500
v 0.235968 -0.018986 0.049889
v 0.235514 -0.020532 0.046000
v 0.235968 -0.018986 0.042111
v 0.237064 -0.015255 0.040500
v 0.238160 -0.011523 0.042111
v 0.238614 -0.009978 0.046000
v 0.241179 -0.012346 0.049889
v 0.240208 -0.016112 0.051500
v 0.239237 -0.019878 0.049889
v 0.238835 -0.021438 0.046000
v 0.239237 -0.019878 0.042111
v 0.240208 -0.016112 0.040500
v 0.241179 -0.012346 0.042111
v 0.241581 -0.010786 0.046000
v 0.244870 -0.013243 0.049889
v 0.243991 -0.017032 0.051500
v 0.243112 -0.020820 0.049889
v 0.242748 -0.022389 0.046000
v 0.243112 -0.020820 0.042111
v 0.243991 -0.017032 0.040500
v 0.244870 -0.013243 0.042111
v 0.245234 -0.011674 0.046000
v 0.249253 -0.014212 0.049889
v 0.248413 -0.018009 0.051500
v 0.247574 -0.021807 0.049889
v 0.247226 -0.023379 0.046000
v 0.247574 -0.021807 0.042111
v 0.248413 -0.018009 0.040500
v 0.249253 -0.014212 0.042111
v 0.249601 -0.012639 0.046000
v 0.254599 -0.015395 0.049889
v 0.253719 -0.019183 0.051500
v 0.252838 -0.022971 0.049889
v 0.252473 -0.024540 0.046000
v 0.252838 -0.022971 0.042111
v 0.253719 -0.019183 0.040500
v 0.254599 -0.015395 0.042111
v 0.254964 -0.013826 0.046000
v 0.259358 -0.016555 0.049889
v 0.258384 -0.020320 0.051500
v 0.257410 -0.024085 0.049889
v 0.257006 -0.025645 0.046000
v 0.257410 -0.024085 0.042111
v 0.258384 -0.020320 0.040500
v 0.259358 -0.016555 0.042111
v 0.259761 -0.014996 0.046000
v 0.263506 -0.017691 0.049889
v 0.262409 -0.021422 0.051500
v 0.261311 -0.025153 0.049889
v 0.260857 -0.026698 0.046000
v 0.261311 -0.025153 0.042111
v 0.262409 -0.021422 0.040500
v 0.263506 -0.017691 0.042111
v 0.263961 -0.016145 0.046000
v 0.267061 -0.018810 0.049889
v 0.265793 -0.022487 0.051500
v 0.264526 -0.026164 0.049889
v 0.264001 -0.027687 0.046000
v 0.264526 -0.026164 0.042111
v 0.265793 -0.022487 0.040500
v 0.267061 -0.018810 0.042111
v 0.267586 -0.017287 0.046000
v 0.270019 -0.019921 0.049889
v 0.268538 -0.023517 0.051500
v 0.267057 -0.027113 0.049889
v 0.266444 -0.028602 0.046000
v 0.267057 -0.027113 0.042111
v 0.268538 -0.023517 0.040500
v 0.270019 -0.019921 0.042111
v 0.270633 -0.018431 0.046000
v 0.272562 -0.021064 0.049889
v 0.270862 -0.024561 0.051500
v 0.269161 -0.028059 0.049889
v 0.268457 -0.029508 0.046000
v 0.269161 -0.028059 0.042111
v 0.270862 -0.024561 0.040500
v 0.272562 -0.021064 0.042111
v 0.273267 -0.019615 0.046000
v 0.274903 -0.022291 0.049889
v 0.272983 -0.025672 0.051500
v 0.271062 -0.029054 0.049889
v 0.270267 -0.030455 0.046000
v 0.271062 -0.029054 0.042111
v 0.272983 -0.025672 0.040500
v 0.274903 -0.022291 0.042111
v 0.275699 -0.020890 0.046000
v 0.277062 -0.023616 0.049889
v 0.274902 -0.026850 0.051500
v 0.272742 -0.030084 0.049889
v 0.271847 -0.031424 0.046000
v 0.272742 -0.030084 0.042111
v 0.274902 -0.026850 0.040500
v 0.277062 -0.023616 0.042111
v 0.277956 -0.022276 0.046000
v 0.279034 -0.025047 0.049889
v 0.276619 -0.028094 0.051500
v 0.274203 -0.031142 0.049889
v 0.273202 -0.032404 0.046000
v 0.274203 -0.031142 0.042111
v 0.276619 -0.028094 0.040500
v 0.279034 -0.025047 0.042111
v 0.280035 -0.023784 0.046000
v 0.280808 -0.026582 0.049889
v 0.278133 -0.029405 0.051500
v 0.275458 -0.032228 0.049889
v 0.274350 -0.033397 0.046000
v 0.275458 -0.032228 0.042111
v 0.278133 -0.029405 0.040500
v 0.280808 -0.026582 0.042111
v 0.281916 -0.025413 0.046000
v 0.282395 -0.028227 0.049889
v 0.279480 -0.030802 0.051500
v 0.276565 -0.033376 0.049889
v 0.275357 -0.034443 0.046000
v 0.276565 -0.033376 0.042111
v 0.279480 -0.030802 0.040500
v 0.282395 -0.028227 0.042111
v 0.283602 -0.027161 0.046000
v 0.283822 -0.029994 0.049889
v 0.280693 -0.032304 0.051500
v 0.277564 -0.034613 0.049889
v 0.276268 -0.035570 0.046000
v 0.277564 -0.034613 0.042111
v 0.280693 -0.032304 0.040500
v 0.283822 -0.029994 0.042111
v 0.285119 -0.029037 0.046000
v 0.285092 -0.031882 0.049889
v 0.281774 -0.033911 0.051500
v 0.278456 -0.035939 0.049889
v 0.277082 -0.036780 0.046000
v 0.278456 -0.035939 0.042111
v 0.281774 -0.033911 0.040500
v 0.285092 -0.031882 0.042111
v 0.286467 -0.031042 0.046000
v 0.286201 -0.033885 0.049889
v 0.282722 -0.035623 0.051500
v 0.279243 -0.037362 0.049889
v 0.277802 -0.038082 0.046000
v 0.279243 -0.037362 0.042111
v 0.282722 -0.035623 0.040500
v 0.286201 -0.033885 0.042111
v 0.287642 -0.033165 0.046000
v 0.390905 0.065043 0.049182
v 0.390905 0.068225 0.050500
v 0.390905 0.071407 0.049182
v 0.390905 0.072725 0.046000
v 0.390905 0.071407 0.042818
v 0.390905 0.068225 0.041500
v 0.390905 0.065043 0.042818
v 0.390905 0.063725 0.046000
v 0.386286 0.069496 0.049182
v 0.389113 0.070956 0.050500
v 0.391941 0.072415 0.049182
v 0.393112 0.073020 0.046000
v 0.391941 0.072415 0.042818
v 0.389113 0.070956 0.041500
v 0.386286 0.069496 0.042818
v 0.385115 0.068892 0.046000
v 0.384157 0.074934 0.049182
v 0.387010 0.076343 0.050500
v 0.389864 0.077751 0.049182
v 0.391046 0.078334 0.046000
v 0.389864 0.077751 0.042818
v 0.387010 0.076343 0.041500
v 0.384157 0.074934 0.042818
v 0.382975 0.074351 0.046000
v 0.382564 0.077775 0.049182
v 0.384732 0.080104 0.050500
v 0.386899 0.082434 0.049182
v 0.387797 0.083399 0.046000
v 0.386899 0.082434 0.042818
v 0.384732 0.080104 0.041500
v 0.382564 0.077775 0.042818
v 0.381666 0.076810 0.046000
v 0.382057 0.078084 0.049182
v 0.382529 0.081230 0.050500
v 0.383001 0.084377 0.049182
v 0.383196 0.085681 0.046000
v 0.383001 0.084377 0.042818
v 0.382529 0.081230 0.041500
v 0.382057 0.078084 0.042818
v 0.381862 0.076780 0.046000
v 0.381422 0.077831 0.049182
v 0.380461 0.080865 0.050500
v 0.379501 0.083898 0.049182
v 0.379103 0.085155 0.046000
v 0.379501 0.083898 0.042818
v 0.380461 0.080865 0.041500
v 0.381422 0.077831 0.042818
v 0.381820 0.076575 0.046000
v 0.380008 0.077144 0.049182
v 0.378494 0.079943 0.050500
v 0.376980 0.082741 0.049182
v 0.376353 0.083901 0.046000
v 0.376980 0.082741 0.042818
v 0.378494 0.079943 0.041500
v 0.380008 0.077144 0.042818
v 0.380635 0.075985 0.046000
v 0.378401 0.076149 0.049182
v 0.376609 0.078779 0.050500
v 0.374818 0.081409 0.049182
v 0.374076 0.082498 0.046000
v 0.374818 0.081409 0.042818
v 0.376609 0.078779 0.041500
v 0.378401 0.076149 0.042818
v 0.379142 0.075059 0.046000
v 0.376827 0.074971 0.049182
v 0.374812 0.077433 0.050500
v 0.372797 0.079896 0.049182
v 0.371962 0.080916 0.046000
v 0.372797 0.079896 0.042818
v 0.374812 0.077433 0.041500
v 0.376827 0.074971 0.042818
v 0.377661 0.073950 0.046000
v 0.375333 0.073637 0.049182
v 0.373113 0.075916 0.050500
v 0.370892 0.078195 0.049182
v 0.369973 0.079139 0.046000
v 0.370892 0.078195 0.042818
v 0.373113 0.075916 0.041500
v 0.375333 0.073637 0.042818
v 0.376253 0.072693 0.046000
v 0.373935 0.072151 0.049182
v 0.371525 0.074229 0.050500
v 0.369115 0.076307 0.049182
v 0.368117 0.077167 0.046000
v 0.369115 0.076307 0.042818
v 0.371525 0.074229 0.041500
v 0.373935 0.072151 0.042818
v 0.374933 0.071291 0.046000
v 0.372645 0.070516 0.049182
v 0.370062 0.072374 0.050500
v 0.367480 0.074233 0.049182
v 0.366410 0.075003 0.046000
v 0.367480 0.074233 0.042818
v 0.370062 0.072374 0.041500
v 0.372645 0.070516 0.042818
v 0.373714 0.069746 0.046000
v 0.371475 0.068730 0.049182
v 0.368738 0.070353 0.050500
v 0.366002 0.071977 0.049182
v 0.364868 0.072650 0.046000
v 0.366002 0.071977 0.042818
v 0.368738 0.070353 0.041500
v 0.371475 0.068730 0.042818
v 0.372608 0.068057 0.046000
v 0.370439 0.066793 0.049182
v 0.367568 0.068166 0.050500
v 0.364698 0.069539 0.049182
v 0.363509 0.070107 0.046000
v 0.364698 0.069539 0.042818
v 0.367568 0.068166 0.041500
v 0.370439 0.066793 0.042818
v 0.371628 0.066225 0.046000
v 0.369553 0.064704 0.049182
v 0.366570 0.065810 0.050500
v 0.363586 0.066917 0.049182
v 0.362351 0.067375 0.046000
v 0.363586 0.066917 0.042818
v 0.366570 0.065810 0.041500
v 0.369553 0.064704 0.042818
v 0.370789 0.064245 0.046000
v 0.368835 0.062456 0.049182
v 0.365762 0.063282 0.050500
v 0.362689 0.064108 0.049182
v 0.361416 0.064450 0.046000
v 0.362689 0.064108 0.042818
v 0.365762 0.063282 0.041500
v 0.368835 0.062456 0.042818
v 0.370108 0.062114 0.046000
v 0.368306 0.060042 0.049182
v 0.365168 0.060572 0.050500
v 0.362031 0.061103 0.049182
v 0.360731 0.061322 0.046000
v 0.362031 0.061103 0.042818
v 0.365168 0.060572 0.041500
v 0.368306 0.060042 0.042818
v 0.369605 0.059822 0.046000
v 0.367994 0.057443 0.049182
v 0.364819 0.057664 0.050500
v 0.361645 0.057884 0.049182
v 0.360330 0.057975 0.046000
v 0.361645 0.057884 0.042818
v 0.364819 0.057664 0.041500
v 0.367994 0.057443 0.042818
v 0.369309 0.057352 0.046000
v 0.367939 0.054630 0.049182
v 0.364759 0.054524 0.050500
v 0.361579 0.054419 0.049182
v 0.360261 0.054375 0.046000
v 0.361579 0.054419 0.042818
v 0.364759 0.054524 0.041500
v 0.367939 0.054630 0.042818
v 0.369256 0.054674 0.046000
v 0.368204 0.051546 0.049182
v 0.365054 0.051095 0.050500
v 0.361904 0.050645 0.049182
v 0.360599 0.050458 0.046000
v 0.361904 0.050645 0.042818
v 0.365054 0.051095 0.041500
v 0.368204 0.051546 0.042818
v 0.369509 0.051732 0.046000
v 0.368901 0.048070 0.049182
v 0.365827 0.047247 0.050500
v 0.362753 0.046425 0.049182
v 0.361480 0.046085 0.046000
v 0.362753 0.046425 0.042818
v 0.365827 0.047247 0.041500
v 0.368901 0.048070 0.042818
v 0.370174 0.048410 0.046000
v 0.370286 0.043924 0.049182
v 0.367378 0.042632 0.050500
v 0.364470 0.041341 0.049182
v 0.363266 0.040806 0.046000
v 0.364470 0.041341 0.042818
v 0.367378 0.042632 0.041500
v 0.370286 0.043924 0.042818
v 0.371491 0.044459 0.046000
v 0.374261 0.031135 0.049182
v 0.372390 0.033709 0.050500
v 0.370520 0.036283 0.049182
v 0.369745 0.037350 0.046000
v 0.370520 0.036283 0.042818
v 0.372390 0.033709 0.041500
v 0.374261 0.031135 0.042818
v 0.375035 0.030069 0.046000
v 0.363326 0.038866 0.049182
v 0.365453 0.041233 0.050500
v 0.367580 0.043600 0.049182
v 0.368461 0.044580 0.046000
v 0.367580 0.043600 0.042818
v 0.365453 0.041233 0.041500
v 0.363326 0.038866 0.042818
v 0.362444 0.037886 0.046000
v 0.359811 0.041465 0.049182
v 0.361543 0.044134 0.050500
v 0.363274 0.046804 0.049182
v 0.363992 0.047910 0.046000
v 0.363274 0.046804 0.042818
v 0.361543 0.044134 0.041500
v 0.359811 0.041465 0.042818
v 0.359094 0.040359 0.046000
v 0.356720 0.043202 0.049182
v 0.358122 0.046059 0.050500
v 0.359524 0.048916 0.049182
v 0.360105 0.050099 0.046000
v 0.359524 0.048916 0.042818
v 0.358122 0.046059 0.041500
v 0.356720 0.043202 0.042818
v 0.356140 0.042019 0.046000
v 0.353868 0.044407 0.049182
v 0.354952 0.047399 0.050500
v 0.356035 0.050391 0.049182
v 0.356484 0.051630 0.046000
v 0.356035 0.050391 0.042818
v 0.354952 0.047399 0.041500
v 0.353868 0.044407 0.042818
v 0.353420 0.043168 0.046000
v 0.351176 0.045225 0.049182
v 0.351948 0.048312 0.050500
v 0.352719 0.051399 0.049182
v 0.353039 0.052677 0.046000
v 0.352719 0.051399 0.042818
v 0.351948 0.048312 0.041500
v 0.351176 0.045225 0.042818
v 0.350857 0.043946 0.046000
v 0.348609 0.045731 0.049182
v 0.349074 0.048879 0.050500
v 0.349539 0.052027 0.049182
v 0.349731 0.053331 0.046000
v 0.349539 0.052027 0.042818
v 0.349074 0.048879 0.041500
v 0.348609 0.045731 0.042818
v 0.348416 0.044427 0.046000
v 0.346149 0.045974 0.049182
v 0.346313 0.049152 0.050500
v 0.346477 0.052330 0.049182
v 0.346545 0.053646 0.046000
v 0.346477 0.052330 0.042818
v 0.346313 0.049152 0.041500
v 0.346149 0.045974 0.042818
v 0.346081 0.044658 0.046000
v 0.343789 0.045985 0.049182
v 0.343659 0.049165 0.050500
v 0.343528 0.052344 0.049182
v 0.343474 0.053661 0.046000
v 0.343528 0.052344 0.042818
v 0.343659 0.049165 0.041500
v 0.343789 0.045985 0.042818
v 0.343843 0.044668 0.046000
v 0.341528 0.045788 0.049182
v 0.341110 0.048943 0.050500
v 0.340692 0.052097 0.049182
v 0.340518 0.053404 0.046000
v 0.340692 0.052097 0.042818
v 0.341110 0.048943 0.041500
v 0.341528 0.045788 0.042818
v 0.341702 0.044482 0.046000
v 0.339367 0.045402 0.049182
v 0.338668 0.048506 0.050500
v 0.337969 0.051611 0.049182
v 0.337680 0.052896 0.046000
v 0.337969 0.051611 0.042818
v 0.338668 0.048506 0.041500
v 0.339367 0.045402 0.042818
v 0.339656 0.044116 0.046000
v 0.337307 0.044841 0.049182
v 0.336337 0.047872 0.050500
v 0.335367 0.050902 0.049182
v 0.334965 0.052157 0.046000
v 0.335367 0.050902 0.042818
v 0.336337 0.047872 0.041500
v 0.337307 0.044841 0.042818
v 0.337708 0.043586 0.046000
v 0.335352 0.044119 0.049182
v 0.334121 0.047053 0.050500
v 0.332890 0.049988 0.049182
v 0.332380 0.051203 0.046000
v 0.332890 0.049988 0.042818
v 0.334121 0.047053 0.041500
v 0.335352 0.044119 0.042818
v 0.335862 0.042904 0.046000
v 0.333507 0.043249 0.049182
v 0.332026 0.046065 0.050500
v 0.330544 0.048881 0.049182
v 0.329931 0.050047 0.046000
v 0.330544 0.048881 0.042818
v 0.332026 0.046065 0.041500
v 0.333507 0.043249 0.042818
v 0.334121 0.042082 0.046000
v 0.331777 0.042240 0.049182
v 0.330058 0.044918 0.050500
v 0.328338 0.047595 0.049182
v 0.327626 0.048704 0.046000
v 0.328338 0.047595 0.042818
v 0.330058 0.044918 0.041500
v 0.331777 0.042240 0.042818
v 0.332490 0.041131 0.046000
v 0.330171 0.041107 0.049182
v 0.328223 0.043624 0.050500
v 0.326275 0.046140 0.049182
v 0.325468 0.047182 0.046000
v 0.326275 0.046140 0.042818
v 0.328223 0.043624 0.041500
v 0.330171 0.041107 0.042818
v 0.330977 0.040065 0.046000
v 0.328727 0.039886 0.049182
v 0.326533 0.042191 0.050500
v 0.324339 0.044496 0.049182
v 0.323431 0.045450 0.046000
v 0.324339 0.044496 0.042818
v 0.326533 0.042191 0.041500
v 0.328727 0.039886 0.042818
v 0.329636 0.038932 0.046000
v 0.327636 0.038754 0.049182
v 0.325048 0.040605 0.050500
v 0.322460 0.042456 0.049182
v 0.321388 0.043223 0.046000
v 0.322460 0.042456 0.042818
v 0.325048 0.040605 0.041500
v 0.327636 0.038754 0.042818
v 0.328709 0.037987 0.046000
v 0.327200 0.038228 0.049182
v 0.324062 0.038752 0.050500
v 0.320923 0.039275 0.049182
v 0.319623 0.039492 0.046000
v 0.320923 0.039275 0.042818
v 0.324062 0.038752 0.041500
v 0.327200 0.038228 0.042818
v 0.328501 0.038011 0.046000
v 0.327338 0.037650 0.049182
v 0.324452 0.036309 0.050500
v 0.321567 0.034967 0.049182
v 0.320372 0.034411 0.046000
v 0.321567 0.034967 0.042818
v 0.324452 0.036309 0.041500
v 0.327338 0.037650 0.042818
v 0.328533 0.038206 0.046000
v 0.329547 0.035258 0.049182
v 0.327326 0.032979 0.050500
v 0.325105 0.030700 0.049182
v 0.324185 0.029757 0.046000
v 0.325105 0.030700 0.042818
v 0.327326 0.032979 0.041500
v 0.329547 0.035258 0.042818
v 0.330466 0.036202 0.046000
v 0.334061 0.031552 0.049182
v 0.331799 0.029314 0.050500
v 0.329537 0.027076 0.049182
v 0.328600 0.026149 0.046000
v 0.329537 0.027076 0.042818
v 0.331799 0.029314 0.041500
v 0.334061 0.031552 0.042818
v 0.334998 0.032479 0.046000
v 0.336868 0.025783 0.049182
v 0.333842 0.026766 0.050500
v 0.330816 0.027749 0.049182
v 0.329562 0.028157 0.046000
v 0.330816 0.027749 0.042818
v 0.333842 0.026766 0.041500
v 0.336868 0.025783 0.042818
v 0.338122 0.025376 0.046000
v 0.331206 0.022765 0.049182
v 0.330691 0.025906 0.050500
v 0.330177 0.029046 0.049182
v 0.329964 0.030346 0.046000
v 0.330177 0.029046 0.042818
v 0.330691 0.025906 0.041500
v 0.331206 0.022765 0.042818
v 0.331419 0.021465 0.046000
v 0.325376 0.022421 0.049182
v 0.324918 0.025570 0.050500
v 0.324461 0.028719 0.049182
v 0.324271 0.030023 0.046000
v 0.324461 0.028719 0.042818
v 0.324918 0.025570 0.041500
v 0.325376 0.022421 0.042818
v 0.325565 0.021117 0.046000
v 0.322182 0.021784 0.049182
v 0.320637 0.024565 0.050500
v 0.319091 0.027347 0.049182
v 0.318451 0.028499 0.046000
v 0.319091 0.027347 0.042818
v 0.320637 0.024565 0.041500
v 0.322182 0.021784 0.042818
v 0.322823 0.020632 0.046000
v 0.321732 0.021397 0.049182
v 0.318885 0.022818 0.050500
v 0.316038 0.024240 0.049182
v 0.314859 0.024828 0.046000
v 0.316038 0.024240 0.042818
v 0.318885 0.022818 0.041500
v 0.321732 0.021397 0.042818
v 0.322911 0.020809 0.046000
v 0.321775 0.020715 0.049182
v 0.318593 0.020739 0.050500
v 0.315412 0.020763 0.049182
v 0.314094 0.020773 0.046000
v 0.315412 0.020763 0.042818
v 0.318593 0.020739 0.041500
v 0.321775 0.020715 0.042818
v 0.323093 0.020705 0.046000
v 0.321992 0.019158 0.049182
v 0.318863 0.018583 0.050500
v 0.315733 0.018008 0.049182
v 0.314437 0.017770 0.046000
v 0.315733 0.018008 0.042818
v 0.318863 0.018583 0.041500
v 0.321992 0.019158 0.042818
v 0.323289 0.019396 0.046000
v 0.322442 0.017322 0.049182
v 0.319387 0.016431 0.050500
v 0.316333 0.015540 0.049182
v 0.315067 0.015171 0.046000
v 0.316333 0.015540 0.042818
v 0.319387 0.016431 0.041500
v 0.322442 0.017322 0.042818
v 0.323708 0.017691 0.046000
v 0.323076 0.015461 0.049182
v 0.320111 0.014306 0.050500
v 0.317146 0.013150 0.049182
v 0.315918 0.012672 0.046000
v 0.317146 0.013150 0.042818
v 0.320111 0.014306 0.041500
v 0.323076 0.015461 0.042818
v 0.324304 0.015939 0.046000
v 0.323883 0.013628 0.049182
v 0.321029 0.012221 0.050500
v 0.318176 0.010813 0.049182
v 0.316993 0.010230 0.046000
v 0.318176 0.010813 0.042818
v 0.321029 0.012221 0.041500
v 0.323883 0.013628 0.042818
v 0.325065 0.014211 0.046000
v 0.324864 0.011840 0.049182
v 0.322143 0.010190 0.050500
v 0.319422 0.008540 0.049182
v 0.318295 0.007856 0.046000
v 0.319422 0.008540 0.042818
v 0.322143 0.010190 0.041500
v 0.324864 0.011840 0.042818
v 0.325991 0.012523 0.046000
v 0.326021 0.010107 0.049182
v 0.323455 0.008225 0.050500
v 0.320889 0.006343 0.049182
v 0.319826 0.005564 0.046000
v 0.320889 0.006343 0.042818
v 0.323455 0.008225 0.041500
v 0.326021 0.010107 0.042818
v 0.327084 0.010886 0.046000
v 0.327358 0.008442 0.049182
v 0.324968 0.006341 0.050500
v 0.322578 0.004241 0.049182
v 0.321588 0.003370 0.046000
v 0.322578 0.004241 0.042818
v 0.324968 0.006341 0.041500
v 0.327358 0.008442 0.042818
v 0.328348 0.009313 0.046000
v 0.328879 0.006859 0.049182
v 0.326687 0.004553 0.050500
v 0.324494 0.002247 0.049182
v 0.323586 0.001292 0.046000
v 0.324494 0.002247 0.042818
v 0.326687 0.004553 0.041500
v 0.328879 0.006859 0.042818
v 0.329788 0.007814 0.046000
v 0.330593 0.005371 0.049182
v 0.328618 0.002875 0.050500
v 0.326644 0.000380 0.049182
v 0.325826 -0.000654 0.046000
v 0.326644 0.000380 0.042818
v 0.328618 0.002875 0.041500
v 0.330593 0.005371 0.042818
v 0.331411 0.006404 0.046000
v 0.332508 0.003993 0.049182
v 0.330773 0.001326 0.050500
v 0.329038 -0.001342 0.049182
v 0.328320 -0.002447 0.046000
v 0.329038 -0.001342 0.042818
v 0.330773 0.001326 0.041500
v 0.332508 0.003993 0.042818
v 0.333227 0.005098 0.046000
v 0.334641 0.002744 0.049182
v 0.333167 -0.000076 0.050500
v 0.331693 -0.002896 0.049182
v 0.331083 -0.004064 0.046000
v 0.331693 -0.002896 0.042818
v 0.333167 -0.000076 0.041500
v 0.334641 0.002744 0.042818
v 0.335252 0.003912 0.046000
v 0.337016 0.001644 0.049182
v 0.335826 -0.001307 0.050500
v 0.334635 -0.004258 0.049182
v 0.334142 -0.005480 0.046000
v 0.334635 -0.004258 0.042818
v 0.335826 -0.001307 0.041500
v 0.337016 0.001644 0.042818
v 0.337509 0.002866 0.046000
v 0.339675 0.000723 0.049182
v 0.338792 -0.002334 0.050500
v 0.337910 -0.005392 0.049182
v 0.337545 -0.006658 0.046000
v 0.337910 -0.005392 0.042818
v 0.338792 -0.002334 0.041500
v 0.339675 0.000723 0.042818
v 0.340040 0.001989 0.046000
v 0.342690 0.000021 0.049182
v 0.342145 -0.003114 0.050500
v 0.341600 -0.006249 0.049182
v 0.341374 -0.007547 0.046000
v 0.341600 -0.006249 0.042818
v 0.342145 -0.003114 0.041500
v 0.342690 0.000021 0.042818
v 0.342916 0.001320 0.046000
v 0.346211 -0.000389 0.049182
v 0.346043 -0.003567 0.050500
v 0.345875 -0.006745 0.049182
v 0.345806 -0.008061 0.046000
v 0.345875 -0.006745 0.042818
v 0.346043 -0.003567 0.041500
v 0.346211 -0.000389 0.042818
v 0.346281 0.000927 0.046000
v 0.350582 -0.000353 0.049182
v 0.350912 -0.003518 0.050500
v 0.351242 -0.006683 0.049182
v 0.351379 -0.007994 0.046000
v 0.351242 -0.006683 0.042818
v 0.350912 -0.003518 0.041500
v 0.350582 -0.000353 0.042818
v 0.350446 0.000958 0.046000
v 0.363973 -0.000526 0.049182
v 0.360947 -0.001509 0.050500
v 0.357921 -0.002492 0.049182
v 0.356667 -0.002899 0.046000
v 0.357921 -0.002492 0.042818
v 0.360947 -0.001509 0.041500
v 0.363973 -0.000526 0.042818
v 0.365227 -0.000118 0.046000
v 0.353241 -0.008536 0.049182
v 0.351648 -0.005782 0.050500
v 0.350054 -0.003028 0.049182
v 0.349394 -0.001887 0.046000
v 0.350054 -0.003028 0.042818
v 0.351648 -0.005782 0.041500
v 0.353241 -0.008536 0.042818
v 0.353901 -0.009677 0.046000
v 0.349684 -0.011076 0.049182
v 0.347680 -0.008604 0.050500
v 0.345676 -0.006132 0.049182
v 0.344846 -0.005108 0.046000
v 0.345676 -0.006132 0.042818
v 0.347680 -0.008604 0.041500
v 0.349684 -0.011076 0.042818
v 0.350514 -0.012100 0.046000
v 0.347076 -0.013478 0.049182
v 0.344793 -0.011262 0.050500
v 0.342509 -0.009046 0.049182
v 0.341563 -0.008128 0.046000
v 0.342509 -0.009046 0.042818
v 0.344793 -0.011262 0.041500
v 0.347076 -0.013478 0.042818
v 0.348022 -0.014396 0.046000
v 0.345049 -0.015818 0.049182
v 0.342538 -0.013863 0.050500
v 0.340028 -0.011908 0.049182
v 0.338988 -0.011099 0.046000
v 0.340028 -0.011908 0.042818
v 0.342538 -0.013863 0.041500
v 0.345049 -0.015818 0.042818
v 0.346089 -0.016628 0.046000
v 0.343440 -0.018126 0.049182
v 0.340742 -0.016438 0.050500
v 0.338045 -0.014751 0.049182
v 0.336927 -0.014052 0.046000
v 0.338045 -0.014751 0.042818
v 0.340742 -0.016438 0.041500
v 0.343440 -0.018126 0.042818
v 0.344557 -0.018825 0.046000
v 0.342165 -0.020412 0.049182
v 0.339315 -0.018997 0.050500
v 0.336465 -0.017581 0.049182
v 0.335284 -0.016995 0.046000
v 0.336465 -0.017581 0.042818
v 0.339315 -0.018997 0.041500
v 0.342165 -0.020412 0.042818
v 0.343345 -0.020998 0.046000
v 0.341173 -0.022676 0.049182
v 0.338202 -0.021538 0.050500
v 0.335231 -0.020400 0.049182
v 0.334000 -0.019928 0.046000
v 0.335231 -0.020400 0.042818
v 0.338202 -0.021538 0.041500
v 0.341173 -0.022676 0.042818
v 0.342404 -0.023148 0.046000
v 0.340434 -0.024916 0.049182
v 0.337370 -0.024058 0.050500
v 0.334306 -0.023200 0.049182
v 0.333037 -0.022844 0.046000
v 0.334306 -0.023200 0.042818
v 0.337370 -0.024058 0.041500
v 0.340434 -0.024916 0.042818
v 0.341703 -0.025272 0.046000
v 0.339922 -0.027128 0.049182
v 0.336793 -0.026551 0.050500
v 0.333664 -0.025974 0.049182
v 0.332368 -0.025735 0.046000
v 0.333664 -0.025974 0.042818
v 0.336793 -0.026551 0.041500
v 0.339922 -0.027128 0.042818
v 0.341219 -0.027367 0.046000
v 0.339622 -0.029303 0.049182
v 0.336454 -0.029008 0.050500
v 0.333285 -0.028713 0.049182
v 0.331973 -0.028591 0.046000
v 0.333285 -0.028713 0.042818
v 0.336454 -0.029008 0.041500
v 0.339622 -0.029303 0.042818
v 0.340934 -0.029425 0.046000
v 0.339519 -0.031435 0.049182
v 0.336337 -0.031421 0.050500
v 0.333155 -0.031407 0.049182
v 0.331837 -0.031401 0.046000
v 0.333155 -0.031407 0.042818
v 0.336337 -0.031421 0.041500
v 0.339519 -0.031435 0.042818
v 0.340837 -0.031441 0.046000
v 0.339601 -0.033517 0.049182
v 0.336430 -0.033782 0.050500
v 0.333259 -0.034046 0.049182
v 0.331946 -0.034155 0.046000
v 0.333259 -0.034046 0.042818
v 0.336430 -0.033782 0.041500
v 0.339601 -0.033517 0.042818
v 0.340915 -0.033408 0.046000
v 0.339859 -0.035541 0.049182
v 0.336723 -0.036080 0.050500
v 0.333587 -0.036618 0.049182
v 0.332288 -0.036842 0.046000
v 0.333587 -0.036618 0.042818
v 0.336723 -0.036080 0.041500
v 0.339859 -0.035541 0.042818
v 0.341158 -0.035318 0.046000
v 0.340283 -0.037498 0.049182
v 0.337206 -0.038306 0.050500
v 0.334128 -0.039114 0.049182
v 0.332853 -0.039449 0.046000
v 0.334128 -0.039114 0.042818
v 0.337206 -0.038306 0.041500
v 0.340283 -0.037498 0.042818
v 0.341558 -0.037163 0.046000
v 0.340864 -0.039376 0.049182
v 0.337869 -0.040451 0.050500
v 0.334875 -0.041526 0.049182
v 0.333634 -0.041971 0.046000
v 0.334875 -0.041526 0.042818
v 0.337869 -0.040451 0.041500
v 0.340864 -0.039376 0.042818
v 0.342105 -0.038931 0.046000
v 0.341580 -0.041126 0.049182
v 0.338710 -0.042500 0.050500
v 0.335840 -0.043875 0.049182
v 0.334651 -0.044444 0.046000
v 0.335840 -0.043875 0.042818
v 0.338710 -0.042500 0.041500
v 0.341580 -0.041126 0.042818
v 0.342769 -0.040557 0.046000
v 0.342320 -0.042513 0.049182
v 0.339759 -0.044403 0.050500
v 0.337199 -0.046292 0.049182
v 0.336139 -0.047075 0.046000
v 0.337199 -0.046292 0.042818
v 0.339759 -0.044403 0.041500
v 0.342320 -0.042513 0.042818
v 0.343380 -0.041731 0.046000
v 0.342685 -0.043091 0.049182
v 0.341217 -0.045914 0.050500
v 0.339749 -0.048737 0.049182
v 0.339141 -0.049906 0.046000
v 0.339749 -0.048737 0.042818
v 0.341217 -0.045914 0.041500
v 0.342685 -0.043091 0.042818
v 0.343293 -0.041921 0.046000
v 0.343277 -0.043139 0.049182
v 0.343661 -0.046297 0.050500
v 0.344046 -0.049456 0.049182
v 0.344205 -0.050764 0.046000
v 0.344046 -0.049456 0.042818
v 0.343661 -0.046297 0.041500
v 0.343277 -0.043139 0.042818
v 0.343118 -0.041830 0.046000
v 0.346235 -0.041777 0.049182
v 0.347716 -0.044594 0.050500
v 0.349197 -0.047410 0.049182
v 0.349810 -0.048577 0.046000
v 0.349197 -0.047410 0.042818
v 0.347716 -0.044594 0.041500
v 0.346235 -0.041777 0.042818
v 0.345622 -0.040611 0.046000
v 0.351154 -0.038629 0.049182
v 0.352584 -0.041472 0.050500
v 0.354013 -0.044314 0.049182
v 0.354605 -0.045492 0.046000
v 0.354013 -0.044314 0.042818
v 0.352584 -0.041472 0.041500
v 0.351154 -0.038629 0.042818
v 0.350562 -0.037451 0.046000
v 0.357509 -0.037742 0.049182
v 0.355638 -0.040316 0.050500
v 0.353768 -0.042890 0.049182
v 0.352993 -0.043956 0.046000
v 0.353768 -0.042890 0.042818
v 0.355638 -0.040316 0.041500
v 0.357509 -0.037742 0.042818
v 0.358283 -0.036675 0.046000
v 0.358629 -0.044059 0.049182
v 0.355483 -0.043578 0.050500
v 0.352338 -0.043097 0.049182
v 0.351035 -0.042898 0.046000
v 0.352338 -0.043097 0.042818
v 0.355483 -0.043578 0.041500
v 0.358629 -0.044059 0.042818
v 0.359931 -0.044259 0.046000
v 0.357154 -0.049711 0.049182
v 0.354018 -0.049173 0.050500
v 0.350882 -0.048634 0.049182
v 0.349583 -0.048412 0.046000
v 0.350882 -0.048634 0.042818
v 0.354018 -0.049173 0.041500
v 0.357154 -0.049711 0.042818
v 0.358453 -0.049933 0.046000
v 0.356773 -0.052944 0.049182
v 0.353651 -0.053555 0.050500
v 0.350528 -0.054166 0.049182
v 0.349234 -0.054419 0.046000
v 0.350528 -0.054166 0.042818
v 0.353651 -0.053555 0.041500
v 0.356773 -0.052944 0.042818
v 0.358067 -0.052691 0.046000
v 0.357002 -0.053492 0.049182
v 0.354771 -0.055761 0.050500
v 0.352539 -0.058029 0.049182
v 0.351615 -0.058969 0.046000
v 0.352539 -0.058029 0.042818
v 0.354771 -0.055761 0.041500
v 0.357002 -0.053492 0.042818
v 0.357926 -0.052553 0.046000
v 0.357664 -0.053662 0.049182
v 0.356658 -0.056681 0.050500
v 0.355652 -0.059699 0.049182
v 0.355236 -0.060950 0.046000
v 0.355652 -0.059699 0.042818
v 0.356658 -0.056681 0.041500
v 0.357664 -0.053662 0.042818
v 0.358081 -0.052411 0.046000
v 0.359212 -0.053937 0.049182
v 0.358792 -0.057091 0.050500
v 0.358371 -0.060245 0.049182
v 0.358197 -0.061551 0.046000
v 0.358371 -0.060245 0.042818
v 0.358792 -0.057091 0.041500
v 0.359212 -0.053937 0.042818
v 0.359386 -0.052630 0.046000
v 0.361098 -0.054076 0.049182
v 0.361001 -0.057257 0.050500
v 0.360904 -0.060437 0.049182
v 0.360864 -0.061755 0.046000
v 0.360904 -0.060437 0.042818
v 0.361001 -0.057257 0.041500
v 0.361098 -0.054076 0.042818
v 0.361138 -0.052759 0.046000
v 0.363063 -0.054048 0.049182
v 0.363246 -0.057225 0.050500
v 0.363428 -0.060402 0.049182
v 0.363504 -0.061718 0.046000
v 0.363428 -0.060402 0.042818
v 0.363246 -0.057225 0.041500
v 0.363063 -0.054048 0.042818
v 0.362988 -0.052732 0.046000
v 0.365056 -0.053847 0.049182
v 0.365512 -0.056996 0.050500
v 0.365969 -0.060145 0.049182
v 0.366158 -0.061450 0.046000
v 0.365969 -0.060145 0.042818
v 0.365512 -0.056996 0.041500
v 0.365056 -0.053847 0.042818
v 0.364867 -0.052543 0.046000
v 0.367060 -0.053467 0.049182
v 0.367788 -0.056565 0.050500
v 0.368517 -0.059662 0.049182
v 0.368819 -0.060945 0.046000
v 0.368517 -0.059662 0.042818
v 0.367788 -0.056565 0.041500
v 0.367060 -0.053467 0.042818
v 0.366758 -0.052184 0.046000
v 0.369065 -0.052902 0.049182
v 0.370062 -0.055924 0.050500
v 0.371059 -0.058946 0.049182
v 0.371471 -0.060198 0.046000
v 0.371059 -0.058946 0.042818
v 0.370062 -0.055924 0.041500
v 0.369065 -0.052902 0.042818
v 0.368653 -0.051651 0.046000
v 0.371062 -0.052145 0.049182
v 0.372321 -0.055067 0.050500
v 0.373581 -0.057989 0.049182
v 0.374102 -0.059200 0.046000
v 0.373581 -0.057989 0.042818
v 0.372321 -0.055067 0.041500
v 0.371062 -0.052145 0.042818
v 0.370540 -0.050935 0.046000
v 0.373038 -0.051187 0.049182
v 0.374553 -0.053985 0.050500
v 0.376069 -0.056783 0.049182
v 0.376697 -0.057942 0.046000
v 0.376069 -0.056783 0.042818
v 0.374553 -0.053985 0.041500
v 0.373038 -0.051187 0.042818
v 0.372410 -0.050028 0.046000
v 0.374982 -0.050018 0.049182
v 0.376746 -0.052666 0.050500
v 0.378509 -0.055315 0.049182
v 0.379239 -0.056412 0.046000
v 0.378509 -0.055315 0.042818
v 0.376746 -0.052666 0.041500
v 0.374982 -0.050018 0.042818
v 0.374252 -0.048920 0.046000
v 0.376885 -0.048622 0.049182
v 0.378885 -0.051096 0.050500
v 0.380886 -0.053570 0.049182
v 0.381715 -0.054595 0.046000
v 0.380886 -0.053570 0.042818
v 0.378885 -0.051096 0.041500
v 0.376885 -0.048622 0.042818
v 0.376056 -0.047597 0.046000
v 0.378732 -0.046979 0.049182
v 0.380958 -0.049253 0.050500
v 0.383185 -0.051526 0.049182
v 0.384107 -0.052467 0.046000
v 0.383185 -0.051526 0.042818
v 0.380958 -0.049253 0.041500
v 0.378732 -0.046979 0.042818
v 0.377810 -0.046038 0.046000
v 0.380512 -0.045060 0.049182
v 0.382950 -0.047104 0.050500
v 0.385389 -0.049148 0.049182
v 0.386399 -0.049995 0.046000
v 0.385389 -0.049148 0.042818
v 0.382950 -0.047104 0.041500
v 0.380512 -0.045060 0.042818
v 0.379501 -0.044214 0.046000
v 0.382209 -0.042817 0.049182
v 0.384844 -0.044600 0.050500
v 0.387479 -0.046384 0.049182
v 0.388571 -0.047123 0.046000
v 0.387479 -0.046384 0.042818
v 0.384844 -0.044600 0.041500
v 0.382209 -0.042817 0.042818
v 0.381118 -0.042078 0.046000
v 0.383808 -0.040166 0.049182
v 0.386621 -0.041653 0.050500
v 0.389435 -0.043140 0.049182
v 0.390600 -0.043755 0.046000
v 0.389435 -0.043140 0.042818
v 0.386621 -0.041653 0.041500
v 0.383808 -0.040166 0.042818
v 0.382643 -0.039550 0.046000
v 0.385287 -0.036943 0.049182
v 0.388257 -0.038085 0.050500
v 0.391227 -0.039227 0.049182
v 0.392458 -0.039700 0.046000
v 0.391227 -0.039227 0.042818
v 0.388257 -0.038085 0.041500
v 0.385287 -0.036943 0.042818
v 0.384057 -0.036470 0.046000
v 0.386603 -0.032775 0.049182
v 0.389715 -0.033440 0.050500
v 0.392827 -0.034104 0.049182
v 0.394116 -0.034379 0.046000
v 0.392827 -0.034104 0.042818
v 0.389715 -0.033440 0.041500
v 0.386603 -0.032775 0.042818
v 0.385314 -0.032500 0.046000
v 0.390905 -0.020093 0.049182
v 0.390905 -0.023275 0.050500
v 0.390905 -0.026457 0.049182
v 0.390905 -0.027775 0.046000
v 0.390905 -0.026457 0.042818
v 0.390905 -0.023275 0.041500
v 0.390905 -0.020093 0.042818
v 0.390905 -0.018775 0.046000
v 0.395208 -0.032775 0.049182
v 0.392096 -0.033440 0.050500
v 0.388984 -0.034104 0.049182
v 0.387695 -0.034379 0.046000
v 0.388984 -0.034104 0.042818
v 0.392096 -0.033440 0.041500
v 0.395208 -0.032775 0.042818
v 0.396497 -0.032500 0.046000
v 0.396524 -0.036943 0.049182
v 0.393554 -0.038085 0.050500
v 0.390583 -0.039227 0.049182
v 0.389353 -0.039700 0.046000
v 0.390583 -0.039227 0.042818
v 0.393554 -0.038085 0.041500
v 0.396524 -0.036943 0.042818
v 0.397754 -0.036470 0.046000
v 0.398003 -0.040166 0.049182
v 0.395189 -0.041653 0.050500
v 0.392376 -0.043140 0.049182
v 0.391211 -0.043755 0.046000
v 0.392376 -0.043140 0.042818
v 0.395189 -0.041653 0.041500
v 0.398003 -0.040166 0.042818
v 0.399168 -0.039550 0.046000
v 0.399602 -0.042817 0.049182
v 0.396967 -0.044600 0.050500
v 0.394332 -0.046384 0.049182
v 0.393240 -0.047123 0.046000
v 0.394332 -0.046384 0.042818
v 0.396967 -0.044600 0.041500
v 0.399602 -0.042817 0.042818
v 0.400693 -0.042078 0.046000
v 0.401299 -0.045060 0.049182
v 0.398861 -0.047104 0.050500
v 0.396422 -0.049148 0.049182
v 0.395412 -0.049995 0.046000
v 0.396422 -0.049148 0.042818
v 0.398861 -0.047104 0.041500
v 0.401299 -0.045060 0.042818
v 0.402309 -0.044214 0.046000
v 0.403079 -0.046979 0.049182
v 0.400852 -0.049253 0.050500
v 0.398626 -0.051526 0.049182
v 0.397704 -0.052467 0.046000
v 0.398626 -0.051526 0.042818
v 0.400852 -0.049253 0.041500
v 0.403079 -0.046979 0.042818
v 0.404001 -0.046038 0.046000
v 0.404926 -0.048622 0.049182
v 0.402925 -0.051096 0.050500
v 0.400925 -0.053570 0.049182
v 0.400096 -0.054595 0.046000
v 0.400925 -0.053570 0.042818
v 0.402925 -0.051096 0.041500
v 0.404926 -0.048622 0.042818
v 0.405755 -0.047597 0.046000
v 0.406828 -0.050018 0.049182
v 0.405065 -0.052666 0.050500
v 0.403302 -0.055315 0.049182
v 0.402572 -0.056412 0.046000
v 0.403302 -0.055315 0.042818
v 0.405065 -0.052666 0.041500
v 0.406828 -0.050018 0.042818
v 0.407559 -0.048920 0.046000
v 0.408773 -0.051187 0.049182
v 0.407258 -0.053985 0.050500
v 0.405742 -0.056783 0.049182
v 0.405114 -0.057942 0.046000
v 0.405742 -0.056783 0.042818
v 0.407258 -0.053985 0.041500
v 0.408773 -0.051187 0.042818
v 0.409401 -0.050028 0.046000
v 0.410749 -0.052145 0.049182
v 0.409490 -0.055067 0.050500
v 0.408230 -0.057989 0.049182
v 0.407708 -0.059200 0.046000
v 0.408230 -0.057989 0.042818
v 0.409490 -0.055067 0.041500
v 0.410749 -0.052145 0.042818
v 0.411271 -0.050935 0.046000
v 0.412745 -0.052902 0.049182
v 0.411749 -0.055924 0.050500
v 0.410752 -0.058946 0.049182
v 0.410339 -0.060198 0.046000
v 0.410752 -0.058946 0.042818
v 0.411749 -0.055924 0.041500
v 0.412745 -0.052902 0.042818
v 0.413158 -0.051651 0.046000
v 0.414751 -0.053467 0.049182
v 0.414022 -0.056565 0.050500
v 0.413294 -0.059662 0.049182
v 0.412992 -0.060945 0.046000
v 0.413294 -0.059662 0.042818
v 0.414022 -0.056565 0.041500
v 0.414751 -0.053467 0.042818
v 0.415053 -0.052184 0.046000
v 0.416755 -0.053847 0.049182
v 0.416298 -0.056996 0.050500
v 0.415842 -0.060145 0.049182
v 0.415653 -0.061450 0.046000
v 0.415842 -0.060145 0.042818
v 0.416298 -0.056996 0.041500
v 0.416755 -0.053847 0.042818
v 0.416944 -0.052543 0.046000
v 0.418747 -0.054048 0.049182
v 0.418565 -0.057225 0.050500
v 0.418382 -0.060402 0.049182
v 0.418307 -0.061718 0.046000
v 0.418382 -0.060402 0.042818
v 0.418565 -0.057225 0.041500
v 0.418747 -0.054048 0.042818
v 0.418823 -0.052732 0.046000
v 0.420713 -0.054076 0.049182
v 0.420810 -0.057257 0.050500
v 0.420907 -0.060437 0.049182
v 0.420947 -0.061755 0.046000
v 0.420907 -0.060437 0.042818
v 0.420810 -0.057257 0.041500
v 0.420713 -0.054076 0.042818
v 0.420673 -0.052759 0.046000
v 0.422599 -0.053937 0.049182
v 0.423019 -0.057091 0.050500
v 0.423439 -0.060245 0.049182
v 0.423613 -0.061551 0.046000
v 0.423439 -0.060245 0.042818
v 0.423019 -0.057091 0.041500
v 0.422599 -0.053937 0.042818
v 0.422425 -0.052630 0.046000
v 0.424147 -0.053662 0.049182
v 0.425153 -0.056681 0.050500
v 0.426159 -0.059699 0.049182
v 0.426575 -0.060950 0.046000
v 0.426159 -0.059699 0.042818
v 0.425153 -0.056681 0.041500
v 0.424147 -0.053662 0.042818
v 0.423730 -0.052411 0.046000
v 0.424809 -0.053492 0.049182
v 0.427040 -0.055761 0.050500
v 0.429271 -0.058029 0.049182
v 0.430196 -0.058969 0.046000
v 0.429271 -0.058029 0.042818
v 0.427040 -0.055761 0.041500
v 0.424809 -0.053492 0.042818
v 0.423884 -0.052553 0.046000
v 0.425037 -0.052944 0.049182
v 0.428160 -0.053555 0.050500
v 0.431283 -0.054166 0.049182
v 0.432577 -0.054419 0.046000
v 0.431283 -0.054166 0.042818
v 0.428160 -0.053555 0.041500
v 0.425037 -0.052944 0.042818
v 0.423744 -0.052691 0.046000
v 0.424657 -0.049711 0.049182
v 0.427793 -0.049173 0.050500
v 0.430929 -0.048634 0.049182
v 0.432228 -0.048412 0.046000
v 0.430929 -0.048634 0.042818
v 0.427793 -0.049173 0.041500
v 0.424657 -0.049711 0.042818
v 0.423357 -0.049933 0.046000
v 0.423182 -0.044059 0.049182
v 0.426328 -0.043578 0.050500
v 0.429473 -0.043097 0.049182
v 0.430776 -0.042898 0.046000
v 0.429473 -0.043097 0.042818
v 0.426328 -0.043578 0.041500
v 0.423182 -0.044059 0.042818
v 0.421879 -0.044259 0.046000
v 0.424302 -0.037742 0.049182
v 0.426173 -0.040316 0.050500
v 0.428043 -0.042890 0.049182
v 0.428818 -0.043956 0.046000
v 0.428043 -0.042890 0.042818
v 0.426173 -0.040316 0.041500
v 0.424302 -0.037742 0.042818
v 0.423528 -0.036675 0.046000
v 0.430657 -0.038629 0.049182
v 0.429227 -0.041472 0.050500
v 0.427798 -0.044314 0.049182
v 0.427205 -0.045492 0.046000
v 0.427798 -0.044314 0.042818
v 0.429227 -0.041472 0.041500
v 0.430657 -0.038629 0.042818
v 0.431249 -0.037451 0.046000
v 0.435576 -0.041777 0.049182
v 0.434095 -0.044594 0.050500
v 0.432614 -0.047410 0.049182
v 0.432001 -0.048577 0.046000
v 0.432614 -0.047410 0.042818
v 0.434095 -0.044594 0.041500
v 0.435576 -0.041777 0.042818
v 0.436189 -0.040611 0.046000
v 0.438534 -0.043139 0.049182
v 0.438149 -0.046297 0.050500
v 0.437765 -0.049456 0.049182
v 0.437606 -0.050764 0.046000
v 0.437765 -0.049456 0.042818
v 0.438149 -0.046297 0.041500
v 0.438534 -0.043139 0.042818
v 0.438693 -0.041830 0.046000
v 0.439126 -0.043091 0.049182
v 0.440594 -0.045914 0.050500
v 0.442061 -0.048737 0.049182
v 0.442669 -0.049906 0.046000
v 0.442061 -0.048737 0.042818
v 0.440594 -0.045914 0.041500
v 0.439126 -0.043091 0.042818
v 0.438518 -0.041921 0.046000
v 0.439491 -0.042513 0.049182
v 0.442051 -0.044403 0.050500
v 0.444612 -0.046292 0.049182
v 0.445672 -0.047075 0.046000
v 0.444612 -0.046292 0.042818
v 0.442051 -0.044403 0.041500
v 0.439491 -0.042513 0.042818
v 0.438431 -0.041731 0.046000
v 0.440231 -0.041126 0.049182
v 0.443101 -0.042500 0.050500
v 0.445971 -0.043875 0.049182
v 0.447159 -0.044444 0.046000
v 0.445971 -0.043875 0.042818
v 0.443101 -0.042500 0.041500
v 0.440231 -0.041126 0.042818
v 0.439042 -0.040557 0.046000
v 0.440946 -0.039376 0.049182
v 0.443941 -0.040451 0.050500
v 0.446936 -0.041526 0.049182
v 0.448177 -0.041971 0.046000
v 0.446936 -0.041526 0.042818
v 0.443941 -0.040451 0.041500
v 0.440946 -0.039376 0.042818
v 0.439706 -0.038931 0.046000
v 0.441527 -0.037498 0.049182
v 0.444605 -0.038306 0.050500
v 0.447683 -0.039114 0.049182
v 0.448957 -0.039449 0.046000
v 0.447683 -0.039114 0.042818
v 0.444605 -0.038306 0.041500
v 0.441527 -0.037498 0.042818
v 0.440253 -0.037163 0.046000
v 0.441952 -0.035541 0.049182
v 0.445088 -0.036080 0.050500
v 0.448224 -0.036618 0.049182
v 0.449523 -0.036842 0.046000
v 0.448224 -0.036618 0.042818
v 0.445088 -0.036080 0.041500
v 0.441952 -0.035541 0.042818
v 0.440653 -0.035317 0.046000
v 0.442210 -0.033517 0.049182
v 0.445381 -0.033782 0.050500
v 0.448552 -0.034046 0.049182
v 0.449865 -0.034155 0.046000
v 0.448552 -0.034046 0.042818
v 0.445381 -0.033782 0.041500
v 0.442210 -0.033517 0.042818
v 0.440896 -0.033408 0.046000
v 0.442292 -0.031435 0.049182
v 0.445474 -0.031421 0.050500
v 0.448656 -0.031407 0.049182
v 0.449974 -0.031401 0.046000
v 0.448656 -0.031407 0.042818
v 0.445474 -0.031421 0.041500
v 0.442292 -0.031435 0.042818
v 0.440974 -0.031441 0.046000
v 0.442189 -0.029303 0.049182
v 0.445357 -0.029008 0.050500
v 0.448525 -0.028713 0.049182
v 0.449838 -0.028591 0.046000
v 0.448525 -0.028713 0.042818
v 0.445357 -0.029008 0.041500
v 0.442189 -0.029303 0.042818
v 0.440877 -0.029425 0.046000
v 0.441889 -0.027128 0.049182
v 0.445018 -0.026551 0.050500
v 0.448147 -0.025974 0.049182
v 0.449443 -0.025735 0.046000
v 0.448147 -0.025974 0.042818
v 0.445018 -0.026551 0.041500
v 0.441889 -0.027128 0.042818
v 0.440592 -0.027367 0.046000
v 0.441377 -0.024916 0.049182
v 0.444441 -0.024058 0.050500
v 0.447505 -0.023200 0.049182
v 0.448774 -0.022844 0.046000
v 0.447505 -0.023200 0.042818
v 0.444441 -0.024058 0.041500
v 0.441377 -0.024916 0.042818
v 0.440108 -0.025272 0.046000
v 0.440637 -0.022676 0.049182
v 0.443609 -0.021538 0.050500
v 0.446580 -0.020400 0.049182
v 0.447811 -0.019928 0.046000
v 0.446580 -0.020400 0.042818
v 0.443609 -0.021538 0.041500
v 0.440637 -0.022676 0.042818
v 0.439407 -0.023148 0.046000
v 0.439646 -0.020412 0.049182
v 0.442496 -0.018997 0.050500
v 0.445346 -0.017581 0.049182
v 0.446527 -0.016995 0.046000
v 0.445346 -0.017581 0.042818
v 0.442496 -0.018997 0.041500
v 0.439646 -0.020412 0.042818
v 0.438466 -0.020998 0.046000
v 0.438371 -0.018126 0.049182
v 0.441069 -0.016438 0.050500
v 0.443766 -0.014751 0.049182
v 0.444883 -0.014052 0.046000
v 0.443766 -0.014751 0.042818
v 0.441069 -0.016438 0.041500
v 0.438371 -0.018126 0.042818
v 0.437254 -0.018825 0.046000
v 0.436762 -0.015818 0.049182
v 0.439272 -0.013863 0.050500
v 0.441783 -0.011908 0.049182
v 0.442823 -0.011099 0.046000
v 0.441783 -0.011908 0.042818
v 0.439272 -0.013863 0.041500
v 0.436762 -0.015818 0.042818
v 0.435722 -0.016628 0.046000
v 0.434735 -0.013478 0.049182
v 0.437018 -0.011262 0.050500
v 0.439302 -0.009046 0.049182
v 0.440248 -0.008128 0.046000
v 0.439302 -0.009046 0.042818
v 0.437018 -0.011262 0.041500
v 0.434735 -0.013478 0.042818
v 0.433789 -0.014396 0.046000
v 0.432127 -0.011076 0.049182
v 0.434131 -0.008604 0.050500
v 0.436135 -0.006132 0.049182
v 0.436965 -0.005108 0.046000
v 0.436135 -0.006132 0.042818
v 0.434131 -0.008604 0.041500
v 0.432127 -0.011076 0.042818
v 0.431297 -0.012100 0.046000
v 0.428570 -0.008536 0.049182
v 0.430163 -0.005782 0.050500
v 0.431756 -0.003028 0.049182
v 0.432416 -0.001887 0.046000
v 0.431756 -0.003028 0.042818
v 0.430163 -0.005782 0.041500
v 0.428570 -0.008536 0.042818
v 0.427910 -0.009677 0.046000
v 0.417837 -0.000526 0.049182
v 0.420864 -0.001509 0.050500
v 0.423890 -0.002492 0.049182
v 0.425143 -0.002899 0.046000
v 0.423890 -0.002492 0.042818
v 0.420864 -0.001509 0.041500
v 0.417837 -0.000526 0.042818
v 0.416584 -0.000118 0.046000
v 0.431229 -0.000353 0.049182
v 0.430899 -0.003518 0.050500
v 0.430569 -0.006683 0.049182
v 0.430432 -0.007994 0.046000
v 0.430569 -0.006683 0.042818
v 0.430899 -0.003518 0.041500
v 0.431229 -0.000353 0.042818
v 0.431365 0.000958 0.046000
v 0.435599 -0.000389 0.049182
v 0.435767 -0.003567 0.050500
v 0.435936 -0.006745 0.049182
v 0.436005 -0.008061 0.046000
v 0.435936 -0.006745 0.042818
v 0.435767 -0.003567 0.041500
v 0.435599 -0.000389 0.042818
v 0.435530 0.000927 0.046000
v 0.439121 0.000021 0.049182
v 0.439666 -0.003114 0.050500
v 0.440211 -0.006249 0.049182
v 0.440436 -0.007547 0.046000
v 0.440211 -0.006249 0.042818
v 0.439666 -0.003114 0.041500
v 0.439121 0.000021 0.042818
v 0.438895 0.001320 0.046000
v 0.442136 0.000723 0.049182
v 0.443018 -0.002334 0.050500
v 0.443901 -0.005392 0.049182
v 0.444266 -0.006658 0.046000
v 0.443901 -0.005392 0.042818
v 0.443018 -0.002334 0.041500
v 0.442136 0.000723 0.042818
v 0.441771 0.001989 0.046000
v 0.444795 0.001644 0.049182
v 0.445985 -0.001307 0.050500
v 0.447175 -0.004258 0.049182
v 0.447669 -0.005480 0.046000
v 0.447175 -0.004258 0.042818
v 0.445985 -0.001307 0.041500
v 0.444795 0.001644 0.042818
v 0.444302 0.002866 0.046000
v 0.447170 0.002744 0.049182
v 0.448644 -0.000076 0.050500
v 0.450118 -0.002896 0.049182
v 0.450728 -0.004064 0.046000
v 0.450118 -0.002896 0.042818
v 0.448644 -0.000076 0.041500
v 0.447170 0.002744 0.042818
v 0.446559 0.003912 0.046000
v 0.449303 0.003993 0.049182
v 0.451038 0.001326 0.050500
v 0.452772 -0.001342 0.049182
v 0.453491 -0.002447 0.046000
v 0.452772 -0.001342 0.042818
v 0.451038 0.001326 0.041500
v 0.449303 0.003993 0.042818
v 0.448584 0.005098 0.046000
v 0.451218 0.005371 0.049182
v 0.453192 0.002875 0.050500
v 0.455167 0.000380 0.049182
v 0.455984 -0.000654 0.046000
v 0.455167 0.000380 0.042818
v 0.453192 0.002875 0.041500
v 0.451218 0.005371 0.042818
v 0.450400 0.006404 0.046000
v 0.452931 0.006859 0.049182
v 0.455124 0.004553 0.050500
v 0.457317 0.002247 0.049182
v 0.458225 0.001292 0.046000
v 0.457317 0.002247 0.042818
v 0.455124 0.004553 0.041500
v 0.452931 0.006859 0.042818
v 0.452023 0.007814 0.046000
v 0.454453 0.008442 0.049182
v 0.456843 0.006341 0.050500
v 0.459233 0.004241 0.049182
v 0.460223 0.003370 0.046000
v 0.459233 0.004241 0.042818
v 0.456843 0.006341 0.041500
v 0.454453 0.008442 0.042818
v 0.453463 0.009313 0.046000
v 0.455790 0.010107 0.049182
v 0.458356 0.008225 0.050500
v 0.460922 0.006343 0.049182
v 0.461985 0.005564 0.046000
v 0.460922 0.006343 0.042818
v 0.458356 0.008225 0.041500
v 0.455790 0.010107 0.042818
v 0.454727 0.010886 0.046000
v 0.456947 0.011840 0.049182
v 0.459668 0.010190 0.050500
v 0.462389 0.008540 0.049182
v 0.463516 0.007856 0.046000
v 0.462389 0.008540 0.042818
v 0.459668 0.010190 0.041500
v 0.456947 0.011840 0.042818
v 0.455820 0.012523 0.046000
v 0.457928 0.013628 0.049182
v 0.460781 0.012221 0.050500
v 0.463635 0.010813 0.049182
v 0.464817 0.010230 0.046000
v 0.463635 0.010813 0.042818
v 0.460781 0.012221 0.041500
v 0.457928 0.013628 0.042818
v 0.456746 0.014211 0.046000
v 0.458735 0.015461 0.049182
v 0.461700 0.014306 0.050500
v 0.464664 0.013150 0.049182
v 0.465893 0.012672 0.046000
v 0.464664 0.013150 0.042818
v 0.461700 0.014306 0.041500
v 0.458735 0.015461 0.042818
v 0.457507 0.015939 0.046000
v 0.459369 0.017322 0.049182
v 0.462423 0.016431 0.050500
v 0.465478 0.015540 0.049182
v 0.466744 0.015171 0.046000
v 0.465478 0.015540 0.042818
v 0.462423 0.016431 0.041500
v 0.459369 0.017322 0.042818
v 0.458103 0.017691 0.046000
v 0.459819 0.019158 0.049182
v 0.462948 0.018583 0.050500
v 0.466078 0.018008 0.049182
v 0.467374 0.017770 0.046000
v 0.466078 0.018008 0.042818
v 0.462948 0.018583 0.041500
v 0.459819 0.019158 0.042818
v 0.458522 0.019396 0.046000
v 0.460036 0.020715 0.049182
v 0.463217 0.020739 0.050500
v 0.466399 0.020763 0.049182
v 0.467717 0.020773 0.046000
v 0.466399 0.020763 0.042818
v 0.463217 0.020739 0.041500
v 0.460036 0.020715 0.042818
v 0.458718 0.020705 0.046000
v 0.460079 0.021397 0.049182
v 0.462926 0.022818 0.050500
v 0.465773 0.024240 0.049182
v 0.466952 0.024828 0.046000
v 0.465773 0.024240 0.042818
v 0.462926 0.022818 0.041500
v 0.460079 0.021397 0.042818
v 0.458900 0.020809 0.046000
v 0.459628 0.021784 0.049182
v 0.461174 0.024565 0.050500
v 0.462720 0.027347 0.049182
v 0.463360 0.028499 0.046000
v 0.462720 0.027347 0.042818
v 0.461174 0.024565 0.041500
v 0.459628 0.021784 0.042818
v 0.458988 0.020632 0.046000
v 0.456435 0.022421 0.049182
v 0.456893 0.025570 0.050500
v 0.457350 0.028719 0.049182
v 0.457540 0.030023 0.046000
v 0.457350 0.028719 0.042818
v 0.456893 0.025570 0.041500
v 0.456435 0.022421 0.042818
v 0.456246 0.021117 0.046000
v 0.450605 0.022765 0.049182
v 0.451119 0.025906 0.050500
v 0.451634 0.029046 0.049182
v 0.451847 0.030346 0.046000
v 0.451634 0.029046 0.042818
v 0.451119 0.025906 0.041500
v 0.450605 0.022765 0.042818
v 0.450392 0.021465 0.046000
v 0.444943 0.025783 0.049182
v 0.447969 0.026766 0.050500
v 0.450995 0.027749 0.049182
v 0.452249 0.028157 0.046000
v 0.450995 0.027749 0.042818
v 0.447969 0.026766 0.041500
v 0.444943 0.025783 0.042818
v 0.443689 0.025376 0.046000
v 0.447750 0.031552 0.049182
v 0.450012 0.029314 0.050500
v 0.452274 0.027076 0.049182
v 0.453211 0.026149 0.046000
v 0.452274 0.027076 0.042818
v 0.450012 0.029314 0.041500
v 0.447750 0.031552 0.042818
v 0.446813 0.032479 0.046000
v 0.452264 0.035258 0.049182
v 0.454485 0.032979 0.050500
v 0.456706 0.030700 0.049182
v 0.457626 0.029757 0.046000
v 0.456706 0.030700 0.042818
v 0.454485 0.032979 0.041500
v 0.452264 0.035258 0.042818
v 0.451344 0.036202 0.046000
v 0.454473 0.037650 0.049182
v 0.457359 0.036309 0.050500
v 0.460244 0.034967 0.049182
v 0.461439 0.034411 0.046000
v 0.460244 0.034967 0.042818
v 0.457359 0.036309 0.041500
v 0.454473 0.037650 0.042818
v 0.453278 0.038206 0.046000
v 0.454610 0.038228 0.049182
v 0.457749 0.038752 0.050500
v 0.460888 0.039275 0.049182
v 0.462188 0.039492 0.046000
v 0.460888 0.039275 0.042818
v 0.457749 0.038752 0.041500
v 0.454610 0.038228 0.042818
v 0.453310 0.038011 0.046000
v 0.454174 0.038754 0.049182
v 0.456763 0.040605 0.050500
v 0.459351 0.042456 0.049182
v 0.460423 0.043223 0.046000
v 0.459351 0.042456 0.042818
v 0.456763 0.040605 0.041500
v 0.454174 0.038754 0.042818
v 0.453102 0.037987 0.046000
v 0.453084 0.039886 0.049182
v 0.455278 0.042191 0.050500
v 0.457472 0.044496 0.049182
v 0.458380 0.045450 0.046000
v 0.457472 0.044496 0.042818
v 0.455278 0.042191 0.041500
v 0.453084 0.039886 0.042818
v 0.452175 0.038932 0.046000
v 0.451640 0.041107 0.049182
v 0.453588 0.043624 0.050500
v 0.455536 0.046140 0.049182
v 0.456343 0.047182 0.046000
v 0.455536 0.046140 0.042818
v 0.453588 0.043624 0.041500
v 0.451640 0.041107 0.042818
v 0.450833 0.040065 0.046000
v 0.450033 0.042240 0.049182
v 0.451753 0.044918 0.050500
v 0.453473 0.047595 0.049182
v 0.454185 0.048704 0.046000
v 0.453473 0.047595 0.042818
v 0.451753 0.044918 0.041500
v 0.450033 0.042240 0.042818
v 0.449321 0.041131 0.046000
v 0.448303 0.043249 0.049182
v 0.449785 0.046065 0.050500
v 0.451266 0.048881 0.049182
v 0.451880 0.050047 0.046000
v 0.451266 0.048881 0.042818
v 0.449785 0.046065 0.041500
v 0.448303 0.043249 0.042818
v 0.447690 0.042082 0.046000
v 0.446459 0.044119 0.049182
v 0.447690 0.047053 0.050500
v 0.448921 0.049988 0.049182
v 0.449431 0.051203 0.046000
v 0.448921 0.049988 0.042818
v 0.447690 0.047053 0.041500
v 0.446459 0.044119 0.042818
v 0.445949 0.042904 0.046000
v 0.444504 0.044841 0.049182
v 0.445474 0.047872 0.050500
v 0.446444 0.050902 0.049182
v 0.446846 0.052157 0.046000
v 0.446444 0.050902 0.042818
v 0.445474 0.047872 0.041500
v 0.444504 0.044841 0.042818
v 0.444102 0.043586 0.046000
v 0.442444 0.045402 0.049182
v 0.443143 0.048506 0.050500
v 0.443841 0.051611 0.049182
v 0.444131 0.052896 0.046000
v 0.443841 0.051611 0.042818
v 0.443143 0.048506 0.041500
v 0.442444 0.045402 0.042818
v 0.442155 0.044116 0.046000
v 0.440283 0.045788 0.049182
v 0.440701 0.048943 0.050500
v 0.441119 0.052097 0.049182
v 0.441293 0.053404 0.046000
v 0.441119 0.052097 0.042818
v 0.440701 0.048943 0.041500
v 0.440283 0.045788 0.042818
v 0.440109 0.044482 0.046000
v 0.438022 0.045985 0.049182
v 0.438152 0.049165 0.050500
v 0.438282 0.052344 0.049182
v 0.438336 0.053661 0.046000
v 0.438282 0.052344 0.042818
v 0.438152 0.049165 0.041500
v 0.438022 0.045985 0.042818
v 0.437968 0.044668 0.046000
v 0.435662 0.045974 0.049182
v 0.435498 0.049152 0.050500
v 0.435334 0.052330 0.049182
v 0.435266 0.053646 0.046000
v 0.435334 0.052330 0.042818
v 0.435498 0.049152 0.041500
v 0.435662 0.045974 0.042818
v 0.435730 0.044658 0.046000
v 0.433202 0.045731 0.049182
v 0.432737 0.048879 0.050500
v 0.432272 0.052027 0.049182
v 0.432079 0.053331 0.046000
v 0.432272 0.052027 0.042818
v 0.432737 0.048879 0.041500
v 0.433202 0.045731 0.042818
v 0.433395 0.044427 0.046000
v 0.430635 0.045225 0.049182
v 0.429863 0.048312 0.050500
v 0.429092 0.051399 0.049182
v 0.428772 0.052677 0.046000
v 0.429092 0.051399 0.042818
v 0.429863 0.048312 0.041500
v 0.430635 0.045225 0.042818
v 0.430954 0.043946 0.046000
v 0.427942 0.044407 0.049182
v 0.426859 0.047399 0.050500
v 0.425776 0.050391 0.049182
v 0.425327 0.051630 0.046000
v 0.425776 0.050391 0.042818
v 0.426859 0.047399 0.041500
v 0.427942 0.044407 0.042818
v 0.428391 0.043168 0.046000
v 0.425090 0.043202 0.049182
v 0.423689 0.046059 0.050500
v 0.422287 0.048916 0.049182
v 0.421706 0.050099 0.046000
v 0.422287 0.048916 0.042818
v 0.423689 0.046059 0.041500
v 0.425091 0.043202 0.042818
v 0.425671 0.042019 0.046000
v 0.422000 0.041465 0.049182
v 0.420268 0.044134 0.050500
v 0.418537 0.046804 0.049182
v 0.417819 0.047910 0.046000
v 0.418537 0.046804 0.042818
v 0.420268 0.044134 0.041500
v 0.422000 0.041465 0.042818
v 0.422717 0.040359 0.046000
v 0.418485 0.038866 0.049182
v 0.416358 0.041233 0.050500
v 0.414231 0.043600 0.049182
v 0.413350 0.044580 0.046000
v 0.414231 0.043600 0.042818
v 0.416358 0.041233 0.041500
v 0.418485 0.038866 0.042818
v 0.419366 0.037886 0.046000
v 0.407550 0.031135 0.049182
v 0.409421 0.033709 0.050500
v 0.411291 0.036283 0.049182
v 0.412066 0.037350 0.046000
v 0.411291 0.036283 0.042818
v 0.409421 0.033709 0.041500
v 0.407550 0.031135 0.042818
v 0.406776 0.030069 0.046000
v 0.411524 0.043924 0.049182
v 0.414432 0.042632 0.050500
v 0.417340 0.041341 0.049182
v 0.418545 0.040806 0.046000
v 0.417340 0.041341 0.042818
v 0.414432 0.042632 0.041500
v 0.411524 0.043924 0.042818
v 0.410320 0.044459 0.046000
v 0.412910 0.048070 0.049182
v 0.415984 0.047247 0.050500
v 0.419058 0.046425 0.049182
v 0.420331 0.046085 0.046000
v 0.419058 0.046425 0.042818
v 0.415984 0.047247 0.041500
v 0.412910 0.048070 0.042818
v 0.411636 0.048410 0.046000
v 0.413607 0.051546 0.049182
v 0.416757 0.051095 0.050500
v 0.419907 0.050645 0.049182
v 0.421212 0.050458 0.046000
v 0.419907 0.050645 0.042818
v 0.416757 0.051095 0.041500
v 0.413607 0.051546 0.042818
v 0.412302 0.051732 0.046000
v 0.413872 0.054630 0.049182
v 0.417052 0.054524 0.050500
v 0.420232 0.054419 0.049182
v 0.421549 0.054375 0.046000
v 0.420232 0.054419 0.042818
v 0.417052 0.054524 0.041500
v 0.413872 0.054630 0.042818
v 0.412554 0.054674 0.046000
v 0.413817 0.057443 0.049182
v 0.416991 0.057664 0.050500
v 0.420166 0.057884 0.049182
v 0.421481 0.057975 0.046000
v 0.420166 0.057884 0.042818
v 0.416991 0.057664 0.041500
v 0.413817 0.057443 0.042818
v 0.412502 0.057352 0.046000
v 0.413505 0.060042 0.049182
v 0.416643 0.060572 0.050500
v 0.419780 0.061103 0.049182
v 0.421080 0.061322 0.046000
v 0.419780 0.061103 0.042818
v 0.416643 0.060572 0.041500
v 0.413505 0.060042 0.042818
v 0.412206 0.059822 0.046000
v 0.412976 0.062456 0.049182
v 0.416049 0.063282 0.050500
v 0.419122 0.064108 0.049182
v 0.420395 0.064450 0.046000
v 0.419122 0.064108 0.042818
v 0.416049 0.063282 0.041500
v 0.412976 0.062456 0.042818
v 0.411703 0.062114 0.046000
v 0.412258 0.064704 0.049182
v 0.415241 0.065810 0.050500
v 0.418225 0.066917 0.049182
v 0.419460 0.067375 0.046000
v 0.418225 0.066917 0.042818
v 0.415241 0.065810 0.041500
v 0.412258 0.064704 0.042818
v 0.411022 0.064245 0.046000
v 0.411372 0.066793 0.049182
v 0.414242 0.068166 0.050500
v 0.417113 0.069539 0.049182
v 0.418302 0.070107 0.046000
v 0.417113 0.069539 0.042818
v 0.414242 0.068166 0.041500
v 0.411372 0.066793 0.042818
v 0.410183 0.066225 0.046000
v 0.410336 0.068730 0.049182
v 0.413073 0.070353 0.050500
v 0.415809 0.071977 0.049182
v 0.416943 0.072650 0.046000
v 0.415809 0.071977 0.042818
v 0.413073 0.070353 0.041500
v 0.410336 0.068730 0.042818
v 0.409203 0.068057 0.046000
v 0.409166 0.070516 0.049182
v 0.411749 0.072374 0.050500
v 0.414331 0.074233 0.049182
v 0.415401 0.075003 0.046000
v 0.414331 0.074233 0.042818
v 0.411749 0.072374 0.041500
v 0.409166 0.070516 0.042818
v 0.408097 0.069746 0.046000
v 0.407876 0.072151 0.049182
v 0.410286 0.074229 0.050500
v 0.412696 0.076307 0.049182
v 0.413694 0.077167 0.046000
v 0.412696 0.076307 0.042818
v 0.410286 0.074229 0.041500
v 0.407876 0.072151 0.042818
v 0.406878 0.071291 0.046000
v 0.406478 0.073637 0.049182
v 0.408698 0.075916 0.050500
v 0.410919 0.078195 0.049182
v 0.411838 0.079139 0.046000
v 0.410919 0.078195 0.042818
v 0.408698 0.075916 0.041500
v 0.406478 0.073637 0.042818
v 0.405558 0.072693 0.046000
v 0.404984 0.074971 0.049182
v 0.406999 0.077433 0.050500
v 0.409014 0.079896 0.049182
v 0.409849 0.080916 0.046000
v 0.409014 0.079896 0.042818
v 0.406999 0.077433 0.041500
v 0.404984 0.074971 0.042818
v 0.404150 0.073950 0.046000
v 0.403410 0.076149 0.049182
v 0.405201 0.078779 0.050500
v 0.406992 0.081409 0.049182
v 0.407734 0.082498 0.046000
v 0.406992 0.081409 0.042818
v 0.405201 0.078779 0.041500
v 0.403410 0.076149 0.042818
v 0.402668 0.075059 0.046000
v 0.401803 0.077144 0.049182
v 0.403317 0.079943 0.050500
v 0.404831 0.082741 0.049182
v 0.405458 0.083901 0.046000
v 0.404831 0.082741 0.042818
v 0.403317 0.079943 0.041500
v 0.401803 0.077144 0.042818
v 0.401176 0.075985 0.046000
v 0.400389 0.077831 0.049182
v 0.401349 0.080865 0.050500
v 0.402310 0.083898 0.049182
v 0.402708 0.085155 0.046000
v 0.402310 0.083898 0.042818
v 0.401349 0.080865 0.041500
v 0.400389 0.077831 0.042818
v 0.399991 0.076575 0.046000
v 0.399754 0.078084 0.049182
v 0.399282 0.081230 0.050500
v 0.398810 0.084377 0.049182
v 0.398615 0.085681 0.046000
v 0.398810 0.084377 0.042818
v 0.399282 0.081230 0.041500
v 0.399754 0.078084 0.042818
v 0.399949 0.076780 0.046000
v 0.399247 0.077775 0.049182
v 0.397079 0.080104 0.050500
v 0.394912 0.082434 0.049182
v 0.394014 0.083399 0.046000
v 0.394912 0.082434 0.042818
v 0.397079 0.080104 0.041500
v 0.399247 0.077775 0.042818
v 0.400144 0.076810 0.046000
v 0.397654 0.074934 0.049182
v 0.394801 0.076343 0.050500
v 0.391947 0.077751 0.049182
v 0.390765 0.078334 0.046000
v 0.391947 0.077751 0.042818
v 0.394801 0.076343 0.041500
v 0.397654 0.074934 0.042818
v 0.398836 0.074351 0.046000
v 0.395525 0.069496 0.049182
v 0.392697 0.070956 0.050500
v 0.389870 0.072415 0.049182
v 0.388699 0.073020 0.046000
v 0.389870 0.072415 0.042818
v 0.392697 0.070956 0.041500
v 0.395525 0.069496 0.042818
v 0.396696 0.068892 0.046000
v 0.401723 0.008225 0.049182
v 0.404905 0.008225 0.050500
v 0.408087 0.008225 0.049182
v 0.409405 0.008225 0.046000
v 0.408087 0.008225 0.042818
v 0.404905 0.008225 0.041500
v 0.401723 0.008225 0.042818
v 0.400405 0.008225 0.046000
v 0.401355 0.011025 0.049182
v 0.404428 0.011849 0.050500
v 0.407502 0.012672 0.049182
v 0.408775 0.013013 0.046000
v 0.407502 0.012672 0.042818
v 0.404428 0.011849 0.041500
v 0.401355 0.011025 0.042818
v 0.400082 0.010684 0.046000
v 0.400274 0.013634 0.049182
v 0.403030 0.015225 0.050500
v 0.405785 0.016816 0.049182
v 0.406927 0.017475 0.046000
v 0.405785 0.016816 0.042818
v 0.403030 0.015225 0.041500
v 0.400274 0.013634 0.042818
v 0.399133 0.012975 0.046000
v 0.398555 0.015875 0.049182
v 0.400805 0.018125 0.050500
v 0.403055 0.020375 0.049182
v 0.403987 0.021307 0.046000
v 0.403055 0.020375 0.042818
v 0.400805 0.018125 0.041500
v 0.398555 0.015875 0.042818
v 0.397623 0.014943 0.046000
v 0.396314 0.017594 0.049182
v 0.397905 0.020349 0.050500
v 0.399496 0.023105 0.049182
v 0.400155 0.024247 0.046000
v 0.399496 0.023105 0.042818
v 0.397905 0.020350 0.041500
v 0.396314 0.017594 0.042818
v 0.395655 0.016452 0.046000
v 0.393705 0.018675 0.049182
v 0.394529 0.021748 0.050500
v 0.395352 0.024822 0.049182
v 0.395694 0.026095 0.046000
v 0.395352 0.024822 0.042818
v 0.394529 0.021748 0.041500
v 0.393705 0.018675 0.042818
v 0.393364 0.017401 0.046000
v 0.390905 0.019043 0.049182
v 0.390905 0.022225 0.050500
v 0.390905 0.025407 0.049182
v 0.390905 0.026725 0.046000
v 0.390905 0.025407 0.042818
v 0.390905 0.022225 0.041500
v 0.390905 0.019043 0.042818
v 0.390905 0.017725 0.046000
v 0.388106 0.018675 0.049182
v 0.387282 0.021748 0.050500
v 0.386458 0.024822 0.049182
v 0.386117 0.026095 0.046000
v 0.386458 0.024822 0.042818
v 0.387282 0.021748 0.041500
v 0.388106 0.018675 0.042818
v 0.388447 0.017401 0.046000
v 0.385496 0.017594 0.049182
v 0.383905 0.020349 0.050500
v 0.382314 0.023105 0.049182
v 0.381655 0.024247 0.046000
v 0.382314 0.023105 0.042818
v 0.383905 0.020350 0.041500
v 0.385496 0.017594 0.042818
v 0.386155 0.016452 0.046000
v 0.383256 0.015875 0.049182
v 0.381006 0.018125 0.050500
v 0.378756 0.020375 0.049182
v 0.377824 0.021307 0.046000
v 0.378756 0.020375 0.042818
v 0.381006 0.018125 0.041500
v 0.383256 0.015875 0.042818
v 0.384188 0.014943 0.046000
v 0.381537 0.013634 0.049182
v 0.378781 0.015225 0.050500
v 0.376025 0.016816 0.049182
v 0.374884 0.017475 0.046000
v 0.376025 0.016816 0.042818
v 0.378781 0.015225 0.041500
v 0.381537 0.013634 0.042818
v 0.382678 0.012975 0.046000
v 0.380456 0.011025 0.049182
v 0.377382 0.011849 0.050500
v 0.374309 0.012672 0.049182
v 0.373036 0.013013 0.046000
v 0.374309 0.012672 0.042818
v 0.377382 0.011849 0.041500
v 0.380456 0.011025 0.042818
v 0.381729 0.010684 0.046000
v 0.380087 0.008225 0.049182
v 0.376905 0.008225 0.050500
v 0.373723 0.008225 0.049182
v 0.372405 0.008225 0.046000
v 0.373723 0.008225 0.042818
v 0.376905 0.008225 0.041500
v 0.380087 0.008225 0.042818
v 0.381405 0.008225 0.046000
v 0.380456 0.005425 0.049182
v 0.377382 0.004602 0.050500
v 0.374309 0.003778 0.049182
v 0.373036 0.003437 0.046000
v 0.374309 0.003778 0.042818
v 0.377382 0.004602 0.041500
v 0.380456 0.005425 0.042818
v 0.381729 0.005766 0.046000
v 0.381537 0.002816 0.049182
v 0.378781 0.001225 0.050500
v 0.376025 -0.000366 0.049182
v 0.374884 -0.001025 0.046000
v 0.376025 -0.000366 0.042818
v 0.378781 0.001225 0.041500
v 0.381537 0.002816 0.042818
v 0.382678 0.003475 0.046000
v 0.383256 0.000576 0.049182
v 0.381006 -0.001674 0.050500
v 0.378756 -0.003924 0.049182
v 0.377824 -0.004856 0.046000
v 0.378756 -0.003924 0.042818
v 0.381006 -0.001674 0.041500
v 0.383256 0.000576 0.042818
v 0.384188 0.001508 0.046000
v 0.385496 -0.001144 0.049182
v 0.383905 -0.003899 0.050500
v 0.382314 -0.006655 0.049182
v 0.381655 -0.007796 0.046000
v 0.382314 -0.006655 0.042818
v 0.383905 -0.003899 0.041500
v 0.385496 -0.001144 0.042818
v 0.386155 -0.000002 0.046000
v 0.388106 -0.002224 0.049182
v 0.387282 -0.005298 0.050500
v 0.386458 -0.008371 0.049182
v 0.386117 -0.009644 0.046000
v 0.386458 -0.008371 0.042818
v 0.387282 -0.005298 0.041500
v 0.388106 -0.002224 0.042818
v 0.388447 -0.000951 0.046000
v 0.390905 -0.002593 0.049182
v 0.390905 -0.005775 0.050500
v 0.390905 -0.008957 0.049182
v 0.390905 -0.010275 0.046000
v 0.390905 -0.008957 0.042818
v 0.390905 -0.005775 0.041500
v 0.390905 -0.002593 0.042818
v 0.390905 -0.001275 0.046000
v 0.393705 -0.002224 0.049182
v 0.394529 -0.005298 0.050500
v 0.395352 -0.008371 0.049182
v 0.395694 -0.009644 0.046000
v 0.395352 -0.008371 0.042818
v 0.394529 -0.005298 0.041500
v 0.393705 -0.002224 0.042818
v 0.393364 -0.000951 0.046000
v 0.396314 -0.001144 0.049182
v 0.397905 -0.003899 0.050500
v 0.399496 -0.006655 0.049182
v 0.400155 -0.007796 0.046000
v 0.399496 -0.006655 0.042818
v 0.397905 -0.003899 0.041500
v 0.396314 -0.001144 0.042818
v 0.395655 -0.000002 0.046000
v 0.398555 0.000576 0.049182
v 0.400805 -0.001674 0.050500
v 0.403055 -0.003924 0.049182
v 0.403987 -0.004856 0.046000
v 0.403055 -0.003924 0.042818
v 0.400805 -0.001674 0.041500
v 0.398555 0.000576 0.042818
v 0.397623 0.001508 0.046000
v 0.400274 0.002816 0.049182
v 0.403030 0.001225 0.050500
v 0.405785 -0.000366 0.049182
v 0.406927 -0.001025 0.046000
v 0.405785 -0.000366 0.042818
v 0.403030 0.001225 0.041500
v 0.400274 0.002816 0.042818
v 0.399133 0.003475 0.046000
v 0.401355 0.005425 0.049182
v 0.404428 0.004602 0.050500
v 0.407502 0.003778 0.049182
v 0.408775 0.003437 0.046000
v 0.407502 0.003778 0.042818
v 0.404428 0.004602 0.041500
v 0.401355 0.005425 0.042818
v 0.400082 0.005766 0.046000
v -0.474905 -0.138225 0.030000
v -0.509905 -0.103225 0.030000
v -0.481734 -0.137553 0.030000
v -0.488299 -0.135561 0.030000
v -0.494350 -0.132327 0.030000
v -0.499654 -0.127974 0.030000
v -0.504007 -0.122670 0.030000
v -0.507241 -0.116619 0.030000
v -0.509233 -0.110053 0.030000
v 0.509905 -0.103225 0.030000
v 0.474905 -0.138225 0.030000
v 0.509233 -0.110053 0.030000
v 0.507241 -0.116619 0.030000
v 0.504007 -0.122670 0.030000
v 0.499654 -0.127974 0.030000
v 0.494350 -0.132327 0.030000
v 0.488299 -0.135561 0.030000
v 0.481734 -0.137553 0.030000
v -0.474905 0.138225 0.030000
v -0.509905 0.103225 0.030000
v -0.481734 0.137553 0.030000
v -0.488299 0.135561 0.030000
v -0.494350 0.132327 0.030000
v -0.499654 0.127974 0.030000
v -0.504007 0.122670 0.030000
v -0.507241 0.116619 0.030000
v -0.509233 0.110053 0.030000
v 0.474905 0.138225 0.030000
v 0.509905 0.103225 0.030000
v 0.481734 0.137553 0.030000
v 0.488299 0.135561 0.030000
v 0.494350 0.132327 0.030000
v 0.499654 0.127974 0.030000
v 0.504007 0.122670 0.030000
v 0.507241 0.116619 0.030000
v 0.509233 0.110053 0.030000
v -0.474905 -0.138225 0.022000
v -0.509905 -0.103225 0.022000
v -0.481734 -0.137553 0.022000
v -0.488299 -0.135561 0.022000
v -0.494350 -0.132327 0.022000
v -0.499654 -0.127974 0.022000
v -0.504007 -0.122670 0.022000
v -0.507241 -0.116619 0.022000
v -0.509233 -0.110053 0.022000
v 0.509905 -0.103225 0.022000
v 0.474905 -0.138225 0.022000
v 0.509233 -0.110053 0.022000
v 0.507241 -0.116619 0.022000
v 0.504007 -0.122670 0.022000
v 0.499654 -0.127974 0.022000
v 0.494350 -0.132327 0.022000
v 0.488299 -0.135561 0.022000
v 0.481734 -0.137553 0.022000
v -0.474905 0.138225 0.022000
v -0.509905 0.103225 0.022000
v -0.481734 0.137553 0.022000
v -0.488299 0.135561 0.022000
v -0.494350 0.132327 0.022000
v -0.499654 0.127974 0.022000
v -0.504007 0.122670 0.022000
v -0.507241 0.116619 0.022000
v -0.509233 0.110053 0.022000
v 0.474905 0.138225 0.022000
v 0.509905 0.103225 0.022000
v 0.481734 0.137553 0.022000
v 0.488299 0.135561 0.022000
v 0.494350 0.132327 0.022000
v 0.499654 0.127974 0.022000
v 0.504007 0.122670 0.022000
v 0.507241 0.116619 0.022000
v 0.509233 0.110053 0.022000
v -0.479905 -0.101725 0.000000
v -0.479905 -0.101725 0.030000
v -0.477418 -0.102220 0.000000
v -0.477418 -0.102220 0.030000
v -0.475309 -0.103629 0.000000
v -0.475309 -0.103629 0.030000
v -0.473900 -0.105738 0.000000
v -0.473900 -0.105738 0.030000
v -0.473405 -0.108225 0.000000
v -0.473405 -0.108225 0.030000
v -0.473900 -0.110713 0.000000
v -0.473900 -0.110713 0.030000
v -0.475309 -0.112821 0.000000
v -0.475309 -0.112821 0.030000
v -0.477418 -0.114230 0.000000
v -0.477418 -0.114230 0.030000
v -0.479905 -0.114725 0.000000
v -0.479905 -0.114725 0.030000
v -0.482393 -0.114230 0.000000
v -0.482393 -0.114230 0.030000
v -0.484502 -0.112821 0.000000
v -0.484502 -0.112821 0.030000
v -0.485911 -0.110713 0.000000
v -0.485911 -0.110713 0.030000
v -0.486405 -0.108225 0.000000
v -0.486405 -0.108225 0.030000
v -0.485911 -0.105738 0.000000
v -0.485911 -0.105738 0.030000
v -0.484502 -0.103629 0.000000
v -0.484502 -0.103629 0.030000
v -0.482393 -0.102220 0.000000
v -0.482393 -0.102220 0.030000
v -0.479905 -0.099725 0.030000
v -0.479905 -0.099725 0.034000
v -0.476653 -0.100372 0.030000
v -0.476653 -0.100372 0.034000
v -0.473895 -0.102215 0.030000
v -0.473895 -0.102215 0.034000
v -0.472052 -0.104972 0.030000
v -0.472052 -0.104972 0.034000
v -0.471405 -0.108225 0.030000
v -0.471405 -0.108225 0.034000
v -0.472052 -0.111478 0.030000
v -0.472052 -0.111478 0.034000
v -0.473895 -0.114236 0.030000
v -0.473895 -0.114236 0.034000
v -0.476653 -0.116078 0.030000
v -0.476653 -0.116078 0.034000
v -0.479905 -0.116725 0.030000
v -0.479905 -0.116725 0.034000
v -0.483158 -0.116078 0.030000
v -0.483158 -0.116078 0.034000
v -0.485916 -0.114236 0.030000
v -0.485916 -0.114236 0.034000
v -0.487758 -0.111478 0.030000
v -0.487758 -0.111478 0.034000
v -0.488405 -0.108225 0.030000
v -0.488405 -0.108225 0.034000
v -0.487758 -0.104972 0.030000
v -0.487758 -0.104972 0.034000
v -0.485916 -0.102215 0.030000
v -0.485916 -0.102215 0.034000
v -0.483158 -0.100372 0.030000
v -0.483158 -0.100372 0.034000
v 0.479905 -0.101725 0.000000
v 0.479905 -0.101725 0.030000
v 0.482393 -0.102220 0.000000
v 0.482393 -0.102220 0.030000
v 0.484502 -0.103629 0.000000
v 0.484502 -0.103629 0.030000
v 0.485911 -0.105738 0.000000
v 0.485911 -0.105738 0.030000
v 0.486405 -0.108225 0.000000
v 0.486405 -0.108225 0.030000
v 0.485911 -0.110713 0.000000
v 0.485911 -0.110713 0.030000
v 0.484502 -0.112821 0.000000
v 0.484502 -0.112821 0.030000
v 0.482393 -0.114230 0.000000
v 0.482393 -0.114230 0.030000
v 0.479905 -0.114725 0.000000
v 0.479905 -0.114725 0.030000
v 0.477418 -0.114230 0.000000
v 0.477418 -0.114230 0.030000
v 0.475309 -0.112821 0.000000
v 0.475309 -0.112821 0.030000
v 0.473900 -0.110713 0.000000
v 0.473900 -0.110713 0.030000
v 0.473405 -0.108225 0.000000
v 0.473405 -0.108225 0.030000
v 0.473900 -0.105738 0.000000
v 0.473900 -0.105738 0.030000
v 0.475309 -0.103629 0.000000
v 0.475309 -0.103629 0.030000
v 0.477418 -0.102220 0.000000
v 0.477418 -0.102220 0.030000
v 0.479905 -0.099725 0.030000
v 0.479905 -0.099725 0.034000
v 0.483158 -0.100372 0.030000
v 0.483158 -0.100372 0.034000
v 0.485916 -0.102215 0.030000
v 0.485916 -0.102215 0.034000
v 0.487758 -0.104972 0.030000
v 0.487758 -0.104972 0.034000
v 0.488405 -0.108225 0.030000
v 0.488405 -0.108225 0.034000
v 0.487758 -0.111478 0.030000
v 0.487758 -0.111478 0.034000
v 0.485916 -0.114236 0.030000
v 0.485916 -0.114236 0.034000
v 0.483158 -0.116078 0.030000
v 0.483158 -0.116078 0.034000
v 0.479905 -0.116725 0.030000
v 0.479905 -0.116725 0.034000
v 0.476653 -0.116078 0.030000
v 0.476653 -0.116078 0.034000
v 0.473895 -0.114236 0.030000
v 0.473895 -0.114236 0.034000
v 0.472052 -0.111478 0.030000
v 0.472052 -0.111478 0.034000
v 0.471405 -0.108225 0.030000
v 0.471405 -0.108225 0.034000
v 0.472052 -0.104972 0.030000
v 0.472052 -0.104972 0.034000
v 0.473895 -0.102215 0.030000
v 0.473895 -0.102215 0.034000
v 0.476653 -0.100372 0.030000
v 0.476653 -0.100372 0.034000
v -0.479905 0.114725 -0.000000
v -0.479905 0.114725 0.030000
v -0.477418 0.114230 -0.000000
v -0.477418 0.114230 0.030000
v -0.475309 0.112821 -0.000000
v -0.475309 0.112821 0.030000
v -0.473900 0.110713 -0.000000
v -0.473900 0.110713 0.030000
v -0.473405 0.108225 -0.000000
v -0.473405 0.108225 0.030000
v -0.473900 0.105738 -0.000000
v -0.473900 0.105738 0.030000
v -0.475309 0.103629 -0.000000
v -0.475309 0.103629 0.030000
v -0.477418 0.102220 -0.000000
v -0.477418 0.102220 0.030000
v -0.479905 0.101725 -0.000000
v -0.479905 0.101725 0.030000
v -0.482393 0.102220 -0.000000
v -0.482393 0.102220 0.030000
v -0.484502 0.103629 -0.000000
v -0.484502 0.103629 0.030000
v -0.485911 0.105738 -0.000000
v -0.485911 0.105738 0.030000
v -0.486405 0.108225 -0.000000
v -0.486405 0.108225 0.030000
v -0.485911 0.110713 -0.000000
v -0.485911 0.110713 0.030000
v -0.484502 0.112821 -0.000000
v -0.484502 0.112821 0.030000
v -0.482393 0.114230 -0.000000
v -0.482393 0.114230 0.030000
v -0.479905 0.116725 0.030000
v -0.479905 0.116725 0.034000
v -0.476653 0.116078 0.030000
v -0.476653 0.116078 0.034000
v -0.473895 0.114236 0.030000
v -0.473895 0.114236 0.034000
v -0.472052 0.111478 0.030000
v -0.472052 0.111478 0.034000
v -0.471405 0.108225 0.030000
v -0.471405 0.108225 0.034000
v -0.472052 0.104972 0.030000
v -0.472052 0.104972 0.034000
v -0.473895 0.102215 0.030000
v -0.473895 0.102215 0.034000
v -0.476653 0.100372 0.030000
v -0.476653 0.100372 0.034000
v -0.479905 0.099725 0.030000
v -0.479905 0.099725 0.034000
v -0.483158 0.100372 0.030000
v -0.483158 0.100372 0.034000
v -0.485916 0.102215 0.030000
v -0.485916 0.102215 0.034000
v -0.487758 0.104972 0.030000
v -0.487758 0.104972 0.034000
v -0.488405 0.108225 0.030000
v -0.488405 0.108225 0.034000
v -0.487758 0.111478 0.030000
v -0.487758 0.111478 0.034000
v -0.485916 0.114236 0.030000
v -0.485916 0.114236 0.034000
v -0.483158 0.116078 0.030000
v -0.483158 0.116078 0.034000
v 0.479905 0.114725 -0.000000
v 0.479905 0.114725 0.030000
v 0.482393 0.114230 -0.000000
v 0.482393 0.114230 0.030000
v 0.484502 0.112821 -0.000000
v 0.484502 0.112821 0.030000
v 0.485911 0.110713 -0.000000
v 0.485911 0.110713 0.030000
v 0.486405 0.108225 -0.000000
v 0.486405 0.108225 0.030000
v 0.485911 0.105738 -0.000000
v 0.485911 0.105738 0.030000
v 0.484502 0.103629 -0.000000
v 0.484502 0.103629 0.030000
v 0.482393 0.102220 -0.000000
v 0.482393 0.102220 0.030000
v 0.479905 0.101725 -0.000000
v 0.479905 0.101725 0.030000
v 0.477418 0.102220 -0.000000
v 0.477418 0.102220 0.030000
v 0.475309 0.103629 -0.000000
v 0.475309 0.103629 0.030000
v 0.473900 0.105738 -0.000000
v 0.473900 0.105738 0.030000
v 0.473405 0.108225 -0.000000
v 0.473405 0.108225 0.030000
v 0.473900 0.110713 -0.000000
v 0.473900 0.110713 0.030000
v 0.475309 0.112821 -0.000000
v 0.475309 0.112821 0.030000
v 0.477418 0.114230 -0.000000
v 0.477418 0.114230 0.030000
v 0.479905 0.116725 0.030000
v 0.479905 0.116725 0.034000
v 0.483158 0.116078 0.030000
v 0.483158 0.116078 0.034000
v 0.485916 0.114236 0.030000
v 0.485916 0.114236 0.034000
v 0.487758 0.111478 0.030000
v 0.487758 0.111478 0.034000
v 0.488405 0.108225 0.030000
v 0.488405 0.108225 0.034000
v 0.487758 0.104972 0.030000
v 0.487758 0.104972 0.034000
v 0.485916 0.102215 0.030000
v 0.485916 0.102215 0.034000
v 0.483158 0.100372 0.030000
v 0.483158 0.100372 0.034000
v 0.479905 0.099725 0.030000
v 0.479905 0.099725 0.034000
v 0.476653 0.100372 0.030000
v 0.476653 0.100372 0.034000
v 0.473895 0.102215 0.030000
v 0.473895 0.102215 0.034000
v 0.472052 0.104972 0.030000
v 0.472052 0.104972 0.034000
v 0.471405 0.108225 0.030000
v 0.471405 0.108225 0.034000
v 0.472052 0.111478 0.030000
v 0.472052 0.111478 0.034000
v 0.473895 0.114236 0.030000
v 0.473895 0.114236 0.034000
v 0.476653 0.116078 0.030000
v 0.476653 0.116078 0.034000
v 0.121966 -0.127984 0.021979
v 0.120013 -0.128309 0.022799
v 0.118052 -0.128586 0.021979
v 0.117233 -0.128651 0.020000
v 0.118034 -0.128467 0.018021
v 0.119987 -0.128141 0.017201
v 0.121948 -0.127865 0.018021
v 0.122767 -0.127799 0.020000
v 0.124020 -0.140173 0.021592
v 0.122076 -0.140553 0.022410
v 0.120124 -0.140881 0.021589
v 0.119308 -0.140965 0.019610
v 0.120105 -0.140756 0.017631
v 0.122049 -0.140376 0.016813
v 0.124001 -0.140047 0.017635
v 0.124817 -0.139963 0.019614
v 0.126247 -0.151579 0.021211
v 0.124311 -0.152004 0.022028
v 0.122368 -0.152376 0.021205
v 0.121554 -0.152475 0.019225
v 0.122347 -0.152245 0.017247
v 0.124283 -0.151820 0.016431
v 0.126226 -0.151448 0.017254
v 0.127040 -0.151349 0.019234
v 0.128574 -0.162368 0.020836
v 0.126645 -0.162824 0.021652
v 0.124708 -0.163225 0.020828
v 0.123897 -0.163335 0.018848
v 0.124687 -0.163091 0.016871
v 0.126615 -0.162634 0.016055
v 0.128553 -0.162233 0.016879
v 0.129364 -0.162123 0.018859
v 0.130930 -0.172702 0.020469
v 0.129005 -0.173173 0.021284
v 0.127070 -0.173586 0.020460
v 0.126260 -0.173702 0.018479
v 0.127049 -0.173450 0.016503
v 0.128974 -0.172980 0.015688
v 0.130909 -0.172566 0.016512
v 0.131719 -0.172451 0.018492
v 0.133243 -0.182746 0.020111
v 0.131316 -0.183210 0.020926
v 0.129380 -0.183618 0.020102
v 0.128570 -0.183731 0.018121
v 0.129359 -0.183483 0.016145
v 0.131286 -0.183019 0.015329
v 0.133222 -0.182611 0.016154
v 0.134032 -0.182498 0.018134
v 0.135439 -0.192660 0.019763
v 0.133506 -0.193097 0.020579
v 0.131565 -0.193480 0.019756
v 0.130752 -0.193583 0.017776
v 0.131544 -0.193348 0.015798
v 0.133477 -0.192911 0.014982
v 0.135418 -0.192528 0.015805
v 0.136231 -0.192425 0.017786
v 0.137444 -0.202606 0.019426
v 0.135502 -0.202995 0.020244
v 0.133552 -0.203332 0.019422
v 0.132736 -0.203420 0.017443
v 0.133532 -0.203206 0.015465
v 0.135475 -0.202817 0.014647
v 0.137425 -0.202480 0.015469
v 0.138241 -0.202392 0.017448
v 0.139184 -0.212742 0.019103
v 0.137231 -0.213065 0.019923
v 0.135270 -0.213339 0.019103
v 0.134450 -0.213403 0.017124
v 0.135251 -0.213220 0.015145
v 0.137205 -0.212897 0.014325
v 0.139166 -0.212623 0.015145
v 0.139986 -0.212559 0.017124
v 0.140583 -0.223225 0.018794
v 0.138619 -0.223467 0.019616
v 0.136648 -0.223663 0.018799
v 0.135824 -0.223700 0.016821
v 0.136631 -0.223554 0.014841
v 0.138595 -0.223312 0.014018
v 0.140566 -0.223116 0.014836
v 0.141390 -0.223079 0.016814
v 0.141566 -0.234212 0.018501
v 0.139594 -0.234362 0.019326
v 0.137615 -0.234472 0.018511
v 0.136789 -0.234477 0.016534
v 0.137599 -0.234374 0.014552
v 0.139571 -0.234223 0.013728
v 0.141550 -0.234113 0.014543
v 0.142376 -0.234109 0.016520
v 0.142059 -0.245858 0.018226
v 0.140082 -0.245913 0.019053
v 0.138100 -0.245931 0.018240
v 0.137272 -0.245902 0.016264
v 0.138084 -0.245844 0.014282
v 0.140060 -0.245789 0.013455
v 0.142043 -0.245771 0.014268
v 0.142871 -0.245800 0.016244
v 0.141987 -0.258321 0.017971
v 0.140011 -0.258279 0.018799
v 0.138029 -0.258205 0.017988
v 0.137201 -0.258143 0.016013
v 0.138013 -0.258130 0.014029
v 0.139989 -0.258172 0.013201
v 0.141971 -0.258245 0.014012
v 0.142799 -0.258307 0.015987
v 0.140562 -0.285302 0.017498
v 0.138591 -0.285164 0.018329
v 0.136614 -0.284999 0.017519
v 0.135788 -0.284904 0.015544
v 0.136598 -0.284934 0.013560
v 0.138568 -0.285073 0.012730
v 0.140546 -0.285238 0.013539
v 0.141372 -0.285333 0.015514
v 0.138020 -0.310442 0.017136
v 0.136059 -0.310208 0.017968
v 0.134091 -0.309952 0.017160
v 0.133268 -0.309823 0.015185
v 0.134073 -0.309898 0.013201
v 0.136034 -0.310133 0.012369
v 0.138003 -0.310389 0.013177
v 0.138825 -0.310517 0.015151
v 0.134500 -0.334094 0.016868
v 0.132553 -0.333769 0.017701
v 0.130597 -0.333427 0.016894
v 0.129780 -0.333267 0.014919
v 0.130578 -0.333384 0.012934
v 0.132526 -0.333709 0.012101
v 0.134481 -0.334052 0.012908
v 0.135299 -0.334211 0.014883
v 0.130143 -0.356613 0.016677
v 0.128211 -0.356207 0.017511
v 0.126270 -0.355788 0.016704
v 0.125458 -0.355601 0.014730
v 0.126250 -0.355755 0.012744
v 0.128182 -0.356161 0.011911
v 0.130122 -0.356580 0.012717
v 0.130935 -0.356767 0.014691
v 0.125089 -0.378351 0.016547
v 0.123172 -0.377880 0.017381
v 0.121246 -0.377398 0.016575
v 0.120439 -0.377188 0.014601
v 0.121223 -0.377373 0.012615
v 0.123140 -0.377844 0.011781
v 0.125067 -0.378325 0.012587
v 0.125874 -0.378535 0.014561
v 0.119480 -0.399663 0.016462
v 0.117575 -0.399145 0.017296
v 0.115660 -0.398619 0.016490
v 0.114857 -0.398393 0.014516
v 0.115636 -0.398599 0.012530
v 0.117541 -0.399117 0.011696
v 0.119456 -0.399643 0.012502
v 0.120259 -0.399870 0.014476
v 0.113454 -0.420907 0.016405
v 0.111557 -0.420362 0.017239
v 0.109649 -0.419811 0.016433
v 0.108849 -0.419575 0.014459
v 0.109625 -0.419794 0.012473
v 0.111522 -0.420339 0.011639
v 0.113429 -0.420890 0.012445
v 0.114230 -0.421126 0.014419
v 0.107153 -0.442439 0.016359
v 0.105257 -0.441889 0.017193
v 0.103352 -0.441331 0.016388
v 0.102552 -0.441094 0.014414
v 0.103326 -0.441315 0.012428
v 0.105222 -0.441866 0.011593
v 0.107128 -0.442423 0.012399
v 0.107928 -0.442661 0.014373
v 0.100714 -0.464620 0.016309
v 0.098815 -0.464082 0.017143
v 0.096905 -0.463538 0.016337
v 0.096104 -0.463305 0.014363
v 0.096881 -0.463520 0.012378
v 0.098780 -0.464058 0.011543
v 0.100690 -0.464602 0.012349
v 0.101491 -0.464835 0.014323
v 0.094276 -0.487808 0.016237
v 0.092368 -0.487302 0.017072
v 0.090450 -0.486787 0.016266
v 0.089646 -0.486564 0.014292
v 0.090426 -0.486765 0.012306
v 0.092334 -0.487272 0.011472
v 0.094252 -0.487787 0.012278
v 0.095056 -0.488009 0.014252
v 0.087974 -0.512366 0.016129
v 0.086055 -0.511905 0.016963
v 0.084126 -0.511432 0.016157
v 0.083318 -0.511225 0.014183
v 0.084104 -0.511405 0.012197
v 0.086023 -0.511867 0.011363
v 0.087952 -0.512340 0.012169
v 0.088760 -0.512547 0.014143
v 0.081946 -0.538656 0.015966
v 0.080015 -0.538248 0.016800
v 0.078074 -0.537827 0.015993
v 0.077262 -0.537639 0.014019
v 0.078054 -0.537794 0.012034
v 0.079985 -0.538202 0.011200
v 0.081926 -0.538624 0.012007
v 0.082738 -0.538812 0.013981
vn 0.5500 -0.5500 0.6285
vn -0.5184 -0.5511 0.6539
vn -0.6947 -0.7193 -0.0000
vn 0.7071 -0.7071 -0.0000
vn 0.1305 -0.1305 0.9828
vn -0.1098 -0.1304 0.9854
vn -0.4156 0.4156 0.8090
vn 0.3827 0.4055 0.8301
vn -0.7071 0.7071 -0.0000
vn 0.7114 0.7028 -0.0000
vn -0.4156 0.4156 -0.8090
vn 0.3827 0.4055 -0.8301
vn 0.1305 -0.1305 -0.9828
vn -0.1098 -0.1304 -0.9854
vn 0.5500 -0.5500 -0.6285
vn -0.5184 -0.5511 -0.6539
vn -0.7270 -0.0061 0.6866
vn -0.9999 -0.0102 -0.0000
vn 0.0005 -0.0023 1.0000
vn 0.7285 -0.0081 0.6850
vn 0.9999 -0.0133 -0.0000
vn 0.7285 -0.0081 -0.6850
vn 0.0005 -0.0023 -1.0000
vn -0.7270 -0.0061 -0.6866
vn -0.7073 0.0025 0.7069
vn -1.0000 0.0035 -0.0000
vn -0.0004 -0.0000 1.0000
vn 0.7069 -0.0025 0.7073
vn 1.0000 -0.0035 -0.0000
vn 0.7069 -0.0025 -0.7073
vn -0.0004 -0.0000 -1.0000
vn -0.7073 0.0025 -0.7069
vn -0.7073 0.0049 0.7069
vn -1.0000 0.0069 -0.0000
vn 0.7069 -0.0049 0.7073
vn 1.0000 -0.0069 -0.0000
vn 0.7069 -0.0049 -0.7073
vn -0.7073 0.0049 -0.7069
vn -0.7073 0.0073 0.7069
vn -0.9999 0.0103 -0.0000
vn 0.7069 -0.0073 0.7073
vn 0.9999 -0.0103 -0.0000
vn 0.7069 -0.0073 -0.7073
vn -0.7073 0.0073 -0.7069
vn -0.7073 0.0098 0.7069
vn -0.9999 0.0138 -0.0000
vn 0.7068 -0.0097 0.7073
vn 0.9999 -0.0137 -0.0000
vn 0.7068 -0.0097 -0.7073
vn -0.7073 0.0098 -0.7069
vn -0.7077 0.0154 0.7064
vn -0.9998 0.0218 -0.0000
vn -0.0015 -0.0000 1.0000
vn 0.7062 -0.0154 0.7079
vn 0.9998 -0.0217 -0.0000
vn 0.7062 -0.0154 -0.7079
vn -0.0015 -0.0000 -1.0000
vn -0.7077 0.0154 -0.7064
vn -0.7072 0.0224 0.7067
vn -0.9995 0.0317 -0.0000
vn -0.0009 -0.0000 1.0000
vn 0.7063 -0.0224 0.7075
vn 0.9995 -0.0317 -0.0000
vn 0.7063 -0.0224 -0.7075
vn -0.0009 -0.0000 -1.0000
vn -0.7072 0.0224 -0.7067
vn -0.7068 0.0260 0.7069
vn -0.9993 0.0367 -0.0000
vn -0.0003 -0.0000 1.0000
vn 0.7065 -0.0260 0.7073
vn 0.9993 -0.0367 -0.0000
vn 0.7065 -0.0260 -0.7073
vn -0.0003 -0.0000 -1.0000
vn -0.7068 0.0260 -0.7069
vn -0.7067 0.0275 0.7070
vn -0.9992 0.0389 -0.0000
vn -0.0002 -0.0000 1.0000
vn 0.7065 -0.0275 0.7072
vn 0.9992 -0.0389 -0.0000
vn 0.7065 -0.0275 -0.7072
vn -0.0002 -0.0000 -1.0000
vn -0.7067 0.0275 -0.7070
vn -0.6803 0.5277 0.5087
vn -0.8078 0.5895 -0.0000
vn -0.0608 0.1459 0.9874
vn 0.7600 0.1072 0.6410
vn 0.9892 0.1468 -0.0000
vn 0.7600 0.1072 -0.6410
vn -0.0608 0.1459 -0.9874
vn -0.6803 0.5277 -0.5087
vn 0.2269 0.7571 0.6126
vn 0.3365 0.9417 -0.0000
vn 0.0197 0.2082 0.9779
vn 0.0864 0.6719 0.7356
vn 0.1314 0.9913 -0.0000
vn 0.0864 0.6719 -0.7355
vn 0.0197 0.2082 -0.9779
vn 0.2269 0.7571 -0.6126
vn 0.8326 0.1602 0.5303
vn 0.9816 0.1910 -0.0000
vn 0.0751 0.0815 0.9938
vn -0.7025 0.3118 0.6398
vn -0.9100 0.4146 -0.0000
vn -0.7025 0.3118 -0.6398
vn 0.0751 0.0815 -0.9938
vn 0.8326 0.1602 -0.5303
vn 0.6820 -0.1883 0.7067
vn 0.9639 -0.2661 -0.0000
vn 0.0009 -0.0002 1.0000
vn -0.6812 0.1881 0.7075
vn -0.9639 0.2661 -0.0000
vn -0.6812 0.1881 -0.7075
vn 0.0009 -0.0002 -1.0000
vn 0.6820 -0.1883 -0.7067
vn 0.6805 -0.1943 0.7065
vn 0.9616 -0.2746 -0.0000
vn 0.0012 -0.0003 1.0000
vn -0.6793 0.1940 0.7077
vn -0.9616 0.2746 -0.0000
vn -0.6793 0.1940 -0.7077
vn 0.0012 -0.0003 -1.0000
vn 0.6805 -0.1943 -0.7065
vn 0.6783 -0.2033 0.7062
vn 0.9579 -0.2871 -0.0000
vn 0.0018 -0.0005 1.0000
vn -0.6764 0.2027 0.7081
vn -0.9579 0.2871 -0.0000
vn -0.6764 0.2027 -0.7081
vn 0.0018 -0.0005 -1.0000
vn 0.6783 -0.2033 -0.7062
vn 0.6859 -0.2214 0.6933
vn 0.9513 -0.3082 -0.0000
vn 0.0008 -0.0018 1.0000
vn -0.6881 0.2121 0.6940
vn -0.9561 0.2932 -0.0000
vn -0.6881 0.2121 -0.6940
vn 0.0008 -0.0018 -1.0000
vn 0.6859 -0.2214 -0.6933
vn 0.4338 -0.6178 0.6559
vn 0.5798 -0.8148 -0.0000
vn 0.0789 -0.1188 0.9898
vn -0.3466 0.4864 0.8020
vn -0.5926 0.8055 -0.0000
vn -0.3466 0.4864 -0.8020
vn 0.0789 -0.1188 -0.9898
vn 0.4338 -0.6178 -0.6559
vn -0.4338 -0.6178 0.6559
vn -0.5798 -0.8148 -0.0000
vn -0.0789 -0.1188 0.9898
vn 0.3466 0.4864 0.8021
vn 0.5926 0.8055 -0.0000
vn 0.3466 0.4864 -0.8021
vn -0.0789 -0.1188 -0.9898
vn -0.4338 -0.6178 -0.6559
vn -0.7856 -0.1779 0.5926
vn -0.9778 -0.2096 -0.0000
vn -0.0236 0.0150 0.9996
vn 0.7382 0.2644 0.6205
vn 0.9385 0.3452 -0.0000
vn 0.7382 0.2644 -0.6205
vn -0.0236 0.0150 -0.9996
vn -0.7856 -0.1779 -0.5926
vn -0.2326 0.3931 0.8896
vn -0.7276 0.6860 -0.0000
vn 0.0159 0.1643 0.9863
vn -0.0344 0.6162 0.7868
vn -0.0742 0.9972 -0.0000
vn -0.0344 0.6162 -0.7868
vn 0.0159 0.1643 -0.9863
vn -0.2326 0.3931 -0.8896
vn 0.6989 0.4969 0.5145
vn 0.8260 0.5637 -0.0000
vn 0.0557 0.1298 0.9900
vn -0.7615 0.0953 0.6411
vn -0.9912 0.1324 -0.0000
vn -0.7615 0.0953 -0.6411
vn 0.0557 0.1298 -0.9900
vn 0.6989 0.4969 -0.5145
vn 0.7069 0.0299 0.7067
vn 0.9991 0.0422 -0.0000
vn 0.0008 -0.0000 1.0000
vn -0.7061 -0.0298 0.7075
vn -0.9991 -0.0422 -0.0000
vn -0.7061 -0.0298 -0.7075
vn 0.0008 -0.0000 -1.0000
vn 0.7069 0.0299 -0.7067
vn 0.7073 0.0242 0.7065
vn 0.9994 0.0342 -0.0000
vn 0.0012 -0.0000 1.0000
vn -0.7061 -0.0242 0.7077
vn -0.9994 -0.0343 -0.0000
vn -0.7061 -0.0242 -0.7077
vn 0.0012 -0.0000 -1.0000
vn 0.7073 0.0242 -0.7065
vn 0.7079 0.0151 0.7061
vn 0.9998 0.0213 -0.0000
vn 0.0020 -0.0000 1.0000
vn -0.7060 -0.0151 0.7081
vn -0.9998 -0.0214 -0.0000
vn -0.7060 -0.0151 -0.7081
vn 0.0020 -0.0000 -1.0000
vn 0.7079 0.0151 -0.7061
vn 0.7277 -0.0021 0.6859
vn 1.0000 -0.0045 -0.0000
vn 0.0010 -0.0023 1.0000
vn -0.7277 -0.0121 0.6857
vn -0.9998 -0.0190 -0.0000
vn -0.7277 -0.0121 -0.6857
vn 0.0010 -0.0023 -1.0000
vn 0.7277 -0.0021 -0.6859
vn 0.5184 -0.5511 0.6539
vn 0.6947 -0.7193 -0.0000
vn 0.1098 -0.1304 0.9854
vn -0.3827 0.4055 0.8301
vn -0.7114 0.7028 -0.0000
vn -0.3827 0.4055 -0.8301
vn 0.1098 -0.1304 -0.9854
vn 0.5184 -0.5511 -0.6539
vn -0.5500 -0.5500 0.6285
vn -0.7071 -0.7071 -0.0000
vn -0.1305 -0.1305 0.9828
vn 0.4156 0.4156 0.8090
vn 0.7071 0.7071 -0.0000
vn 0.4156 0.4156 -0.8090
vn -0.1305 -0.1305 -0.9828
vn -0.5500 -0.5500 -0.6285
vn -0.5523 0.5378 0.6369
vn -0.7129 0.7013 -0.0000
vn -0.1314 0.1228 0.9837
vn 0.4084 -0.4038 0.8187
vn 0.6998 -0.7144 -0.0000
vn 0.4084 -0.4038 -0.8187
vn -0.1314 0.1228 -0.9837
vn -0.5523 0.5378 -0.6369
vn 0.4312 0.6277 0.6481
vn 0.5745 0.8185 -0.0000
vn 0.0779 0.1244 0.9892
vn -0.3538 -0.4960 0.7930
vn -0.6023 -0.7982 -0.0000
vn -0.3538 -0.4960 -0.7930
vn 0.0779 0.1244 -0.9892
vn 0.4312 0.6277 -0.6481
vn 0.6889 0.2147 0.6923
vn 0.9544 0.2986 -0.0000
vn 0.0026 0.0023 1.0000
vn -0.6894 -0.2050 0.6948
vn -0.9590 -0.2835 -0.0000
vn -0.6894 -0.2050 -0.6948
vn 0.0026 0.0023 -1.0000
vn 0.6889 0.2147 -0.6923
vn 0.7903 0.0847 0.6069
vn 0.9963 0.0863 -0.0000
vn 0.0316 -0.0278 0.9991
vn -0.7127 -0.2593 0.6518
vn -0.9357 -0.3527 -0.0000
vn -0.7127 -0.2593 -0.6518
vn 0.0316 -0.0278 -0.9991
vn 0.7903 0.0847 -0.6069
vn 0.0065 0.0661 0.9978
vn -0.0463 -0.9989 -0.0001
vn 0.0019 -0.1630 0.9866
vn -0.0002 -0.6566 0.7542
vn -0.0022 -1.0000 -0.0000
vn -0.0002 -0.6566 -0.7542
vn 0.0020 -0.1630 -0.9866
vn 0.0065 0.0661 -0.9978
vn -0.7882 0.1368 0.6000
vn -0.9881 0.1537 -0.0000
vn -0.0268 -0.0208 0.9994
vn 0.7240 -0.2665 0.6362
vn 0.9350 -0.3545 -0.0000
vn 0.7240 -0.2665 -0.6362
vn -0.0268 -0.0208 -0.9994
vn -0.7882 0.1368 -0.6000
vn -0.4332 0.6263 0.6482
vn -0.5772 0.8166 -0.0000
vn -0.0786 0.1246 0.9891
vn 0.3546 -0.4945 0.7936
vn 0.6043 -0.7967 -0.0000
vn 0.3546 -0.4945 -0.7936
vn -0.0786 0.1246 -0.9891
vn -0.4332 0.6263 -0.6482
vn 0.5523 0.5380 0.6368
vn 0.7128 0.7014 -0.0000
vn 0.1314 0.1229 0.9837
vn -0.4084 -0.4040 0.8185
vn -0.6998 -0.7143 -0.0000
vn -0.4084 -0.4040 -0.8185
vn 0.1314 0.1229 -0.9837
vn 0.5523 0.5380 -0.6368
vn 0.5116 0.5032 0.6965
vn 0.5921 0.4052 0.6966
vn 0.8253 0.5647 -0.0000
vn 0.7129 0.7012 -0.0000
vn 0.0154 0.0152 0.9998
vn 0.0177 0.0121 0.9998
vn -0.4962 -0.4880 0.7181
vn -0.5745 -0.3929 0.7180
vn -0.7130 -0.7012 -0.0000
vn -0.8254 -0.5645 -0.0000
vn -0.4962 -0.4880 -0.7181
vn -0.5745 -0.3929 -0.7180
vn 0.0154 0.0152 -0.9998
vn 0.0177 0.0121 -0.9998
vn 0.5116 0.5032 -0.6965
vn 0.5921 0.4052 -0.6966
vn 0.6524 0.2975 0.6970
vn 0.9098 0.4150 -0.0000
vn 0.0186 0.0085 0.9998
vn -0.6339 -0.2887 0.7175
vn -0.9101 -0.4144 -0.0000
vn -0.6339 -0.2887 -0.7175
vn 0.0186 0.0085 -0.9998
vn 0.6524 0.2975 -0.6970
vn 0.6906 0.1894 0.6980
vn 0.9644 0.2645 -0.0000
vn 0.0179 0.0050 0.9998
vn -0.6729 -0.1841 0.7165
vn -0.9646 -0.2638 -0.0000
vn -0.6729 -0.1841 -0.7165
vn 0.0179 0.0050 -0.9998
vn 0.6906 0.1894 -0.6980
vn 0.7094 0.0894 0.6992
vn 0.9921 0.1251 -0.0000
vn 0.0160 0.0021 0.9999
vn -0.6934 -0.0868 0.7153
vn -0.9923 -0.1242 -0.0000
vn -0.6934 -0.0868 -0.7153
vn 0.0160 0.0021 -0.9999
vn 0.7094 0.0894 -0.6992
vn 0.7131 0.0067 0.7011
vn 1.0000 0.0094 -0.0000
vn 0.0121 0.0002 0.9999
vn -0.7010 -0.0062 0.7131
vn -1.0000 -0.0087 -0.0000
vn -0.7010 -0.0062 -0.7131
vn 0.0121 0.0002 -0.9999
vn 0.7131 0.0067 -0.7011
vn 0.7098 -0.0596 0.7018
vn 0.9965 -0.0837 -0.0000
vn 0.0105 -0.0009 0.9999
vn -0.6993 0.0588 0.7124
vn -0.9965 0.0838 -0.0000
vn -0.6993 0.0588 -0.7124
vn 0.0105 -0.0009 -0.9999
vn 0.7098 -0.0596 -0.7018
vn 0.7019 -0.1236 0.7014
vn 0.9849 -0.1734 -0.0000
vn 0.0113 -0.0020 0.9999
vn -0.6907 0.1214 0.7129
vn -0.9849 0.1731 -0.0000
vn -0.6907 0.1214 -0.7129
vn 0.0113 -0.0020 -0.9999
vn 0.7019 -0.1236 -0.7014
vn 0.6870 -0.1911 0.7011
vn 0.9634 -0.2681 -0.0000
vn 0.0118 -0.0033 0.9999
vn -0.6753 0.1877 0.7133
vn -0.9635 0.2678 -0.0000
vn -0.6753 0.1877 -0.7133
vn 0.0118 -0.0033 -0.9999
vn 0.6870 -0.1911 -0.7011
vn 0.6641 -0.2607 0.7008
vn 0.9308 -0.3654 -0.0000
vn 0.0119 -0.0047 0.9999
vn -0.6522 0.2559 0.7136
vn -0.9309 0.3652 -0.0000
vn -0.6522 0.2559 -0.7136
vn 0.0119 -0.0047 -0.9999
vn 0.6641 -0.2607 -0.7008
vn 0.6326 -0.3304 0.7005
vn 0.8864 -0.4629 -0.0000
vn 0.0118 -0.0062 0.9999
vn -0.6209 0.3241 0.7138
vn -0.8865 0.4627 -0.0000
vn -0.6209 0.3241 -0.7138
vn 0.0118 -0.0062 -0.9999
vn 0.6326 -0.3304 -0.7005
vn 0.5917 -0.3996 0.7001
vn 0.8287 -0.5597 -0.0000
vn 0.0117 -0.0079 0.9999
vn -0.5801 0.3916 0.7143
vn -0.8289 0.5595 -0.0000
vn -0.5801 0.3916 -0.7142
vn 0.0117 -0.0079 -0.9999
vn 0.5917 -0.3996 -0.7001
vn 0.5406 -0.4668 0.6999
vn 0.7569 -0.6536 -0.0000
vn 0.0111 -0.0096 0.9999
vn -0.5296 0.4572 0.7145
vn -0.7570 0.6535 -0.0000
vn -0.5296 0.4572 -0.7145
vn 0.0111 -0.0096 -0.9999
vn 0.5406 -0.4668 -0.6999
vn 0.4804 -0.5287 0.6998
vn 0.6724 -0.7401 -0.0000
vn 0.0100 -0.0109 0.9999
vn -0.4704 0.5178 0.7146
vn -0.6724 0.7402 -0.0000
vn -0.4704 0.5178 -0.7146
vn 0.0100 -0.0109 -0.9999
vn 0.4804 -0.5287 -0.6998
vn 0.4134 -0.5824 0.6999
vn 0.5788 -0.8155 -0.0000
vn 0.0084 -0.0118 0.9999
vn -0.4049 0.5707 0.7144
vn -0.5786 0.8156 -0.0000
vn -0.4049 0.5707 -0.7144
vn 0.0084 -0.0118 -0.9999
vn 0.4134 -0.5824 -0.6999
vn 0.3429 -0.6262 0.7003
vn 0.4803 -0.8771 -0.0000
vn 0.0067 -0.0121 0.9999
vn -0.3361 0.6141 0.7141
vn -0.4801 0.8772 -0.0000
vn -0.3361 0.6141 -0.7141
vn 0.0067 -0.0121 -0.9999
vn 0.3429 -0.6262 -0.7003
vn 0.2709 -0.6602 0.7005
vn 0.3797 -0.9251 -0.0000
vn 0.0051 -0.0123 0.9999
vn -0.2658 0.6479 0.7138
vn -0.3795 0.9252 -0.0000
vn -0.2658 0.6479 -0.7138
vn 0.0051 -0.0123 -0.9999
vn 0.2709 -0.6602 -0.7005
vn 0.1988 -0.6851 0.7008
vn 0.2787 -0.9604 -0.0000
vn 0.0036 -0.0122 0.9999
vn -0.1951 0.6729 0.7135
vn -0.2784 0.9605 -0.0000
vn -0.1951 0.6729 -0.7135
vn 0.0036 -0.0122 -0.9999
vn 0.1988 -0.6851 -0.7008
vn 0.1285 -0.7013 0.7012
vn 0.1802 -0.9836 -0.0000
vn 0.0022 -0.0117 0.9999
vn -0.1261 0.6896 0.7131
vn -0.1799 0.9837 -0.0000
vn -0.1261 0.6896 -0.7131
vn 0.0022 -0.0117 -0.9999
vn 0.1285 -0.7013 -0.7012
vn 0.0619 -0.7099 0.7016
vn 0.0869 -0.9962 -0.0000
vn 0.0009 -0.0109 0.9999
vn -0.0610 0.6989 0.7126
vn -0.0870 0.9962 -0.0000
vn -0.0610 0.6989 -0.7126
vn 0.0009 -0.0109 -0.9999
vn 0.0619 -0.7099 -0.7016
vn -0.0072 -0.7133 0.7008
vn -0.0101 -0.9999 -0.0000
vn -0.0002 -0.0126 0.9999
vn 0.0066 0.7007 0.7134
vn 0.0093 1.0000 -0.0000
vn 0.0066 0.7007 -0.7134
vn -0.0002 -0.0126 -0.9999
vn -0.0072 -0.7133 -0.7008
vn -0.0936 -0.7092 0.6988
vn -0.1309 -0.9914 -0.0000
vn -0.0023 -0.0167 0.9999
vn 0.0908 0.6925 0.7157
vn 0.1299 0.9915 -0.0000
vn 0.0908 0.6925 -0.7157
vn -0.0023 -0.0167 -0.9999
vn -0.0936 -0.7092 -0.6988
vn -0.1981 -0.6886 0.6976
vn -0.2765 -0.9610 -0.0000
vn -0.0054 -0.0186 0.9998
vn 0.1923 0.6701 0.7169
vn 0.2757 0.9612 -0.0000
vn 0.1923 0.6701 -0.7169
vn -0.0054 -0.0186 -0.9998
vn -0.1981 -0.6886 -0.6976
vn -0.3099 -0.6470 0.6967
vn -0.4321 -0.9018 -0.0000
vn -0.0092 -0.0191 0.9998
vn 0.3005 0.6280 0.7179
vn 0.4316 0.9021 -0.0000
vn 0.3005 0.6279 -0.7179
vn -0.0092 -0.0191 -0.9998
vn -0.3099 -0.6470 -0.6967
vn -0.4195 -0.5824 0.6963
vn -0.5844 -0.8114 -0.0000
vn -0.0129 -0.0178 0.9998
vn 0.4066 0.5646 0.7183
vn 0.5844 0.8115 -0.0000
vn 0.4066 0.5646 -0.7183
vn -0.0129 -0.0178 -0.9998
vn -0.4195 -0.5824 -0.6963
vn -0.5161 -0.4985 0.6965
vn -0.7193 -0.6947 -0.0000
vn -0.0155 -0.0149 0.9998
vn 0.5007 0.4835 0.7180
vn 0.7194 0.6946 -0.0000
vn 0.5007 0.4835 -0.7180
vn -0.0155 -0.0149 -0.9998
vn -0.5161 -0.4985 -0.6965
vn -0.5952 -0.4005 0.6966
vn -0.8297 -0.5583 -0.0000
vn -0.0176 -0.0119 0.9998
vn 0.5776 0.3885 0.7179
vn 0.8298 0.5580 -0.0000
vn 0.5776 0.3885 -0.7179
vn -0.0176 -0.0119 -0.9998
vn -0.5952 -0.4005 -0.6966
vn -0.6541 -0.2935 0.6972
vn -0.9123 -0.4095 -0.0000
vn -0.0184 -0.0083 0.9998
vn 0.6358 0.2849 0.7174
vn 0.9126 0.4089 -0.0000
vn 0.6358 0.2849 -0.7174
vn -0.0184 -0.0083 -0.9998
vn -0.6541 -0.2935 -0.6972
vn -0.6913 -0.1866 0.6981
vn -0.9654 -0.2607 -0.0000
vn -0.0176 -0.0048 0.9998
vn 0.6737 0.1815 0.7164
vn 0.9656 0.2600 -0.0000
vn 0.6737 0.1815 -0.7164
vn -0.0176 -0.0048 -0.9998
vn -0.6913 -0.1866 -0.6981
vn -0.7095 -0.0880 0.6992
vn -0.9924 -0.1231 -0.0000
vn -0.0158 -0.0020 0.9999
vn 0.6937 0.0856 0.7151
vn 0.9925 0.1225 -0.0000
vn 0.6937 0.0856 -0.7151
vn -0.0158 -0.0020 -0.9999
vn -0.7095 -0.0880 -0.6992
vn -0.7141 -0.0000 0.7001
vn -1.0000 0.0001 -0.0000
vn -0.0141 -0.0000 0.9999
vn 0.7000 -0.0000 0.7141
vn 1.0000 -0.0000 -0.0000
vn 0.7000 -0.0000 -0.7141
vn -0.0141 -0.0000 -0.9999
vn -0.7141 -0.0000 -0.7001
vn -0.7095 0.0884 0.6992
vn -0.9923 0.1236 -0.0000
vn -0.0159 0.0020 0.9999
vn 0.6936 -0.0860 0.7152
vn 0.9924 -0.1230 -0.0000
vn 0.6937 -0.0860 -0.7152
vn -0.0159 0.0020 -0.9999
vn -0.7095 0.0884 -0.6992
vn -0.6910 0.1881 0.6980
vn -0.9649 0.2627 -0.0000
vn -0.0178 0.0049 0.9998
vn 0.6732 -0.1827 0.7165
vn 0.9651 -0.2619 -0.0000
vn 0.6733 -0.1827 -0.7165
vn -0.0178 0.0049 -0.9998
vn -0.6910 0.1881 -0.6980
vn -0.6529 0.2967 0.6970
vn -0.9104 0.4137 -0.0000
vn -0.0188 0.0086 0.9998
vn 0.6342 -0.2878 0.7176
vn 0.9107 -0.4131 -0.0000
vn 0.6342 -0.2878 -0.7176
vn -0.0188 0.0086 -0.9998
vn -0.6529 0.2967 -0.6970
vn -0.5920 0.4057 0.6964
vn -0.8249 0.5653 -0.0000
vn -0.0180 0.0123 0.9998
vn 0.5741 -0.3932 0.7182
vn 0.8251 -0.5650 -0.0000
vn 0.5741 -0.3932 -0.7182
vn -0.0180 0.0123 -0.9998
vn -0.5920 0.4057 -0.6964
vn -0.5102 0.5048 0.6963
vn -0.7108 0.7034 -0.0000
vn -0.0155 0.0154 0.9998
vn 0.4946 -0.4894 0.7182
vn 0.7108 -0.7034 -0.0000
vn 0.4946 -0.4894 -0.7182
vn -0.0155 0.0154 -0.9998
vn -0.5102 0.5048 -0.6963
vn -0.4115 0.5880 0.6963
vn -0.5734 0.8193 -0.0000
vn -0.0126 0.0180 0.9998
vn 0.3988 -0.5701 0.7183
vn 0.5732 -0.8194 -0.0000
vn 0.3988 -0.5701 -0.7183
vn -0.0126 0.0180 -0.9998
vn -0.4115 0.5880 -0.6963
vn -0.3020 0.6505 0.6968
vn -0.4211 0.9070 -0.0000
vn -0.0089 0.0190 0.9998
vn 0.2929 -0.6317 0.7177
vn 0.4205 -0.9073 -0.0000
vn 0.2929 -0.6317 -0.7177
vn -0.0089 0.0190 -0.9998
vn -0.3020 0.6505 -0.6968
vn -0.1920 0.6901 0.6978
vn -0.2680 0.9634 -0.0000
vn -0.0051 0.0182 0.9998
vn 0.1864 -0.6720 0.7167
vn 0.2672 -0.9636 -0.0000
vn 0.1864 -0.6720 -0.7167
vn -0.0051 0.0182 -0.9998
vn -0.1920 0.6901 -0.6978
vn -0.0903 0.7094 0.6990
vn -0.1263 0.9920 -0.0000
vn -0.0021 0.0162 0.9999
vn 0.0879 -0.6932 0.7153
vn 0.1257 -0.9921 -0.0000
vn 0.0879 -0.6932 -0.7153
vn -0.0021 0.0162 -0.9999
vn -0.0903 0.7094 -0.6990
vn 0.0002 0.7143 0.6998
vn 0.0003 1.0000 -0.0000
vn -0.0000 0.0145 0.9999
vn -0.0002 -0.6998 0.7143
vn -0.0003 -1.0000 -0.0000
vn -0.0002 -0.6998 -0.7143
vn -0.0000 0.0145 -0.9999
vn 0.0002 0.7143 -0.6998
vn 0.0912 0.7093 0.6989
vn 0.1276 0.9918 -0.0000
vn 0.0022 0.0164 0.9999
vn -0.0887 -0.6930 0.7154
vn -0.1269 -0.9919 -0.0000
vn -0.0887 -0.6930 -0.7154
vn 0.0022 0.0164 -0.9999
vn 0.0912 0.7093 -0.6989
vn 0.1937 0.6897 0.6977
vn 0.2704 0.9627 -0.0000
vn 0.0052 0.0183 0.9998
vn -0.1881 -0.6715 0.7167
vn -0.2696 -0.9630 -0.0000
vn -0.1881 -0.6715 -0.7167
vn 0.0052 0.0183 -0.9998
vn 0.1937 0.6897 -0.6977
vn 0.3043 0.6495 0.6968
vn 0.4243 0.9055 -0.0000
vn 0.0090 0.0190 0.9998
vn -0.2950 -0.6306 0.7178
vn -0.4237 -0.9058 -0.0000
vn -0.2950 -0.6306 -0.7178
vn 0.0090 0.0190 -0.9998
vn 0.3043 0.6495 -0.6968
vn 0.4139 0.5864 0.6963
vn 0.5766 0.8170 -0.0000
vn 0.0127 0.0180 0.9998
vn -0.4011 -0.5685 0.7183
vn -0.5765 -0.8171 -0.0000
vn -0.4011 -0.5685 -0.7183
vn 0.0127 0.0179 -0.9998
vn 0.4139 0.5864 -0.6963
vn -0.5356 0.4439 0.7183
vn -0.6056 0.3442 0.7175
vn -0.8695 0.4940 -0.0000
vn -0.7700 0.6380 -0.0000
vn 0.0170 -0.0142 0.9998
vn 0.0178 -0.0102 0.9998
vn 0.5522 -0.4586 0.6962
vn 0.6230 -0.3550 0.6970
vn 0.7693 -0.6389 -0.0000
vn 0.8688 -0.4951 -0.0000
vn 0.5522 -0.4586 -0.6962
vn 0.6230 -0.3550 -0.6970
vn 0.0170 -0.0142 -0.9998
vn 0.0178 -0.0102 -0.9998
vn -0.5356 0.4439 -0.7183
vn -0.6056 0.3442 -0.7175
vn -0.6536 0.2443 0.7163
vn -0.9368 0.3500 -0.0000
vn 0.0170 -0.0065 0.9998
vn 0.6704 -0.2515 0.6981
vn 0.9363 -0.3513 -0.0000
vn 0.6704 -0.2515 -0.6981
vn 0.0170 -0.0065 -0.9998
vn -0.6536 0.2443 -0.7163
vn -0.6825 0.1517 0.7150
vn -0.9762 0.2169 -0.0000
vn 0.0152 -0.0035 0.9999
vn 0.6976 -0.1558 0.6994
vn 0.9759 -0.2180 -0.0000
vn 0.6976 -0.1558 -0.6994
vn 0.0152 -0.0035 -0.9999
vn -0.6825 0.1517 -0.7150
vn -0.6969 0.0705 0.7137
vn -0.9949 0.1005 -0.0000
vn 0.0131 -0.0014 0.9999
vn 0.7099 -0.0722 0.7006
vn 0.9949 -0.1012 -0.0000
vn 0.7099 -0.0722 -0.7006
vn 0.0131 -0.0014 -0.9999
vn -0.6969 0.0705 -0.7137
vn -0.7012 -0.0008 0.7130
vn -1.0000 -0.0011 -0.0000
vn 0.0118 -0.0000 0.9999
vn 0.7130 0.0009 0.7012
vn 1.0000 0.0012 -0.0000
vn 0.7130 0.0009 -0.7012
vn 0.0118 -0.0000 -0.9999
vn -0.7012 -0.0008 -0.7130
vn -0.6963 -0.0736 0.7140
vn -0.9945 -0.1050 -0.0000
vn 0.0136 0.0015 0.9999
vn 0.7098 0.0755 0.7003
vn 0.9944 0.1058 -0.0000
vn 0.7098 0.0755 -0.7003
vn 0.0136 0.0015 -0.9999
vn -0.6963 -0.0736 -0.7140
vn -0.6810 -0.1574 0.7152
vn -0.9743 -0.2250 -0.0000
vn 0.0156 0.0037 0.9999
vn 0.6964 0.1616 0.6992
vn 0.9741 0.2261 -0.0000
vn 0.6964 0.1616 -0.6992
vn 0.0156 0.0037 -0.9999
vn -0.6810 -0.1574 -0.7152
vn -0.6510 -0.2510 0.7164
vn -0.9331 -0.3596 -0.0000
vn 0.0170 0.0067 0.9998
vn 0.6678 0.2582 0.6981
vn 0.9327 0.3607 -0.0000
vn 0.6678 0.2582 -0.6981
vn 0.0170 0.0067 -0.9998
vn -0.6510 -0.2510 -0.7164
vn -0.6026 -0.3498 0.7173
vn -0.8650 -0.5019 -0.0000
vn 0.0174 0.0102 0.9998
vn 0.6197 0.3604 0.6972
vn 0.8644 0.5028 -0.0000
vn 0.6197 0.3604 -0.6972
vn 0.0174 0.0102 -0.9998
vn -0.6026 -0.3498 -0.7173
vn -0.5337 -0.4468 0.7180
vn -0.7669 -0.6418 -0.0000
vn 0.0164 0.0139 0.9998
vn 0.5498 0.4611 0.6965
vn 0.7661 0.6427 -0.0000
vn 0.5498 0.4611 -0.6965
vn 0.0164 0.0139 -0.9998
vn -0.5337 -0.4468 -0.7180
vn -0.4424 -0.5361 0.7189
vn -0.6365 -0.7713 -0.0000
vn 0.0147 0.0179 0.9997
vn 0.4568 0.5542 0.6958
vn 0.6360 0.7717 -0.0000
vn 0.4568 0.5542 -0.6958
vn 0.0147 0.0179 -0.9997
vn -0.4424 -0.5361 -0.7189
vn -0.3325 -0.6103 0.7190
vn -0.4784 -0.8782 -0.0000
vn 0.0111 0.0203 0.9997
vn 0.3440 0.6306 0.6958
vn 0.4789 0.8779 -0.0000
vn 0.3440 0.6306 -0.6958
vn 0.0111 0.0203 -0.9997
vn -0.3325 -0.6103 -0.7190
vn -0.2151 -0.6618 0.7181
vn -0.3089 -0.9511 -0.0000
vn 0.0068 0.0205 0.9998
vn 0.2227 0.6822 0.6965
vn 0.3104 0.9506 -0.0000
vn 0.2227 0.6821 -0.6965
vn 0.0068 0.0205 -0.9998
vn -0.2151 -0.6618 -0.7181
vn -0.1022 -0.6898 0.7167
vn -0.1463 -0.9892 -0.0000
vn 0.0029 0.0188 0.9998
vn 0.1059 0.7085 0.6977
vn 0.1478 0.9890 -0.0000
vn 0.1059 0.7085 -0.6977
vn 0.0029 0.0188 -0.9998
vn -0.1022 -0.6898 -0.7167
vn -0.0005 -0.6987 0.7154
vn -0.0007 -1.0000 -0.0000
vn -0.0000 0.0167 0.9999
vn 0.0006 0.7154 0.6987
vn 0.0008 1.0000 -0.0000
vn 0.0006 0.7154 -0.6987
vn -0.0000 0.0167 -0.9999
vn -0.0005 -0.6987 -0.7154
vn 0.1002 -0.6903 0.7165
vn 0.1435 -0.9897 -0.0000
vn -0.0028 0.0185 0.9998
vn -0.1037 0.7087 0.6978
vn -0.1449 0.9894 -0.0000
vn -0.1037 0.7087 -0.6978
vn -0.0028 0.0185 -0.9998
vn 0.1002 -0.6903 -0.7165
vn 0.2116 -0.6631 0.7180
vn 0.3038 -0.9527 -0.0000
vn -0.0066 0.0203 0.9998
vn -0.2190 0.6832 0.6966
vn -0.3053 0.9522 -0.0000
vn -0.2190 0.6832 -0.6966
vn -0.0066 0.0203 -0.9998
vn 0.2116 -0.6631 -0.7180
vn 0.3285 -0.6125 0.7189
vn 0.4726 -0.8813 -0.0000
vn -0.0110 0.0204 0.9997
vn -0.3399 0.6327 0.6958
vn -0.4732 0.8809 -0.0000
vn -0.3399 0.6327 -0.6958
vn -0.0110 0.0204 -0.9997
vn 0.3285 -0.6125 -0.7189
vn 0.4391 -0.5387 0.7190
vn 0.6319 -0.7751 -0.0000
vn -0.0147 0.0181 0.9997
vn -0.4536 0.5570 0.6957
vn -0.6315 0.7754 -0.0000
vn -0.4536 0.5570 -0.6957
vn -0.0147 0.0181 -0.9997
vn 0.4391 -0.5387 -0.7191
vn 0.5319 -0.4487 0.7182
vn 0.7644 -0.6447 -0.0000
vn -0.0167 0.0142 0.9998
vn -0.5481 0.4633 0.6963
vn -0.7637 0.6456 -0.0000
vn -0.5481 0.4633 -0.6963
vn -0.0167 0.0142 -0.9998
vn 0.5319 -0.4487 -0.7182
vn 0.6020 -0.3504 0.7174
vn 0.8643 -0.5029 -0.0000
vn -0.0176 0.0103 0.9998
vn -0.6193 0.3613 0.6971
vn -0.8637 0.5040 -0.0000
vn -0.6193 0.3613 -0.6971
vn -0.0176 0.0103 -0.9998
vn 0.6020 -0.3504 -0.7174
vn 0.6510 -0.2508 0.7164
vn 0.9332 -0.3593 -0.0000
vn -0.0171 0.0067 0.9998
vn -0.6679 0.2581 0.6980
vn -0.9328 0.3605 -0.0000
vn -0.6679 0.2581 -0.6980
vn -0.0171 0.0067 -0.9998
vn 0.6510 -0.2508 -0.7164
vn 0.6811 -0.1568 0.7152
vn 0.9745 -0.2242 -0.0000
vn -0.0156 0.0037 0.9999
vn -0.6966 0.1611 0.6992
vn -0.9743 0.2253 -0.0000
vn -0.6966 0.1611 -0.6992
vn -0.0156 0.0037 -0.9999
vn 0.6811 -0.1568 -0.7152
vn 0.6964 -0.0732 0.7139
vn 0.9945 -0.1044 -0.0000
vn -0.0135 0.0015 0.9999
vn -0.7099 0.0750 0.7003
vn -0.9945 0.1052 -0.0000
vn -0.7099 0.0750 -0.7003
vn -0.0135 0.0015 -0.9999
vn 0.6964 -0.0732 -0.7139
vn 0.7011 0.0002 0.7131
vn 1.0000 0.0003 -0.0000
vn -0.0120 -0.0000 0.9999
vn -0.7131 -0.0002 0.7011
vn -1.0000 -0.0003 -0.0000
vn -0.7131 -0.0002 -0.7011
vn -0.0120 -0.0000 -0.9999
vn 0.7011 0.0002 -0.7131
vn 0.6962 0.0738 0.7140
vn 0.9944 0.1054 -0.0000
vn -0.0136 -0.0015 0.9999
vn -0.7098 -0.0757 0.7003
vn -0.9944 -0.1061 -0.0000
vn -0.7098 -0.0757 -0.7003
vn -0.0136 -0.0015 -0.9999
vn 0.6962 0.0738 -0.7140
vn 0.6809 0.1576 0.7152
vn 0.9743 0.2254 -0.0000
vn -0.0155 -0.0037 0.9999
vn -0.6964 -0.1618 0.6992
vn -0.9740 -0.2264 -0.0000
vn -0.6964 -0.1618 -0.6992
vn -0.0155 -0.0037 -0.9999
vn 0.6809 0.1576 -0.7152
vn 0.6511 0.2509 0.7163
vn 0.9332 0.3594 -0.0000
vn -0.0169 -0.0066 0.9998
vn -0.6678 -0.2580 0.6981
vn -0.9328 -0.3604 -0.0000
vn -0.6678 -0.2580 -0.6981
vn -0.0169 -0.0066 -0.9998
vn 0.6511 0.2509 -0.7163
vn 0.6032 0.3489 0.7172
vn 0.8657 0.5005 -0.0000
vn -0.0172 -0.0100 0.9998
vn -0.6202 -0.3593 0.6973
vn -0.8653 -0.5013 -0.0000
vn -0.6202 -0.3593 -0.6973
vn -0.0172 -0.0100 -0.9998
vn 0.6032 0.3489 -0.7172
vn 0.5361 0.4444 0.7177
vn 0.7700 0.6381 -0.0000
vn -0.0161 -0.0134 0.9998
vn -0.5519 -0.4582 0.6968
vn -0.7693 -0.6389 -0.0000
vn -0.5519 -0.4582 -0.6968
vn -0.0161 -0.0134 -0.9998
vn 0.5361 0.4444 -0.7177
vn 0.4479 0.5320 0.7186
vn 0.6441 0.7649 -0.0000
vn -0.0145 -0.0173 0.9997
vn -0.4621 -0.5496 0.6960
vn -0.6435 -0.7654 -0.0000
vn -0.4621 -0.5496 -0.6960
vn -0.0145 -0.0173 -0.9997
vn 0.4479 0.5320 -0.7186
vn 0.3403 0.6061 0.7189
vn 0.4896 0.8719 -0.0000
vn -0.0113 -0.0201 0.9997
vn -0.3518 -0.6262 0.6958
vn -0.4898 -0.8718 -0.0000
vn -0.3518 -0.6262 -0.6958
vn -0.0113 -0.0201 -0.9997
vn 0.3403 0.6061 -0.7189
vn 0.2226 0.6591 0.7183
vn 0.3198 0.9475 -0.0000
vn -0.0072 -0.0209 0.9998
vn -0.2303 -0.6798 0.6963
vn -0.3209 -0.9471 -0.0000
vn -0.2303 -0.6798 -0.6963
vn -0.0072 -0.0209 -0.9998
vn 0.2226 0.6591 -0.7183
vn 0.1066 0.6887 0.7171
vn 0.1527 0.9883 -0.0000
vn -0.0032 -0.0195 0.9998
vn -0.1105 -0.7082 0.6973
vn -0.1542 -0.9880 -0.0000
vn -0.1105 -0.7082 -0.6973
vn -0.0032 -0.0195 -0.9998
vn 0.1066 0.6887 -0.7171
vn 0.0014 0.6985 0.7157
vn 0.0019 1.0000 -0.0000
vn -0.0001 -0.0172 0.9999
vn -0.0016 -0.7156 0.6985
vn -0.0016 -0.7156 -0.6985
vn -0.0001 -0.0172 -0.9999
vn 0.0014 0.6985 -0.7157
vn -0.1014 0.6900 0.7166
vn -0.1452 0.9894 -0.0000
vn 0.0029 -0.0187 0.9998
vn 0.1050 -0.7086 0.6977
vn 0.1466 -0.9892 -0.0000
vn 0.1050 -0.7086 -0.6977
vn 0.0029 -0.0187 -0.9998
vn -0.1014 0.6900 -0.7166
vn -0.2140 0.6622 0.7181
vn -0.3074 0.9516 -0.0000
vn 0.0068 -0.0206 0.9998
vn 0.2216 -0.6825 0.6965
vn 0.3089 -0.9511 -0.0000
vn 0.2216 -0.6825 -0.6965
vn 0.0068 -0.0206 -0.9998
vn -0.2140 0.6622 -0.7181
vn -0.3319 0.6106 0.7191
vn -0.4776 0.8786 -0.0000
vn 0.0112 -0.0205 0.9997
vn 0.3435 -0.6309 0.6957
vn 0.4782 -0.8782 -0.0000
vn 0.3435 -0.6309 -0.6957
vn 0.0112 -0.0205 -0.9997
vn -0.3319 0.6106 -0.7191
vn -0.4429 0.5355 0.7191
vn -0.6374 0.7705 -0.0000
vn 0.0149 -0.0181 0.9997
vn 0.4577 -0.5538 0.6956
vn 0.6370 -0.7709 -0.0000
vn 0.4577 -0.5538 -0.6956
vn 0.0149 -0.0181 -0.9997
vn -0.4429 0.5355 -0.7191
vn 0.6706 -0.3232 0.6677
vn -0.3524 -0.7005 0.6206
vn -0.4602 -0.8878 -0.0000
vn 0.8912 -0.4535 -0.0000
vn 0.1921 -0.0696 0.9789
vn -0.0521 -0.1237 0.9909
vn -0.3974 0.1921 0.8973
vn 0.3434 0.5914 0.7296
vn -0.8534 0.5213 -0.0000
vn 0.5371 0.8435 -0.0000
vn -0.3974 0.1921 -0.8973
vn 0.3434 0.5914 -0.7296
vn 0.1921 -0.0696 -0.9789
vn -0.0521 -0.1237 -0.9909
vn 0.6706 -0.3232 -0.6677
vn -0.3524 -0.7005 -0.6206
vn -0.3224 -0.5682 0.7571
vn -0.5072 -0.8618 -0.0000
vn 0.0572 0.1135 0.9919
vn 0.3636 0.6777 0.6392
vn 0.4769 0.8789 -0.0000
vn 0.3636 0.6777 -0.6392
vn 0.0572 0.1135 -0.9919
vn -0.3224 -0.5682 -0.7571
vn 0.4024 -0.3969 0.8249
vn 0.6925 -0.7214 -0.0000
vn -0.1323 0.1181 0.9841
vn -0.5545 0.5295 0.6420
vn -0.7175 0.6966 -0.0000
vn -0.5545 0.5295 -0.6420
vn -0.1323 0.1181 -0.9841
vn 0.4024 -0.3969 -0.8249
vn -0.5522 0.5175 0.6536
vn -0.7205 0.6935 -0.0000
vn -0.1308 0.1097 0.9853
vn 0.4040 -0.3830 0.8307
vn 0.7004 -0.7138 -0.0000
vn 0.4040 -0.3830 -0.8307
vn -0.1308 0.1097 -0.9853
vn -0.5522 0.5175 -0.6536
vn 0.0081 0.7296 0.6838
vn 0.0095 1.0000 -0.0000
vn -0.0026 0.0050 1.0000
vn -0.0248 -0.7261 0.6871
vn -0.0372 -0.9993 -0.0000
vn -0.0248 -0.7261 -0.6871
vn -0.0026 0.0050 -1.0000
vn 0.0081 0.7296 -0.6838
vn 0.0693 0.7099 0.7009
vn 0.0972 0.9953 -0.0000
vn 0.0013 0.0125 0.9999
vn -0.0674 -0.6974 0.7135
vn -0.0960 -0.9954 -0.0000
vn -0.0674 -0.6974 -0.7135
vn 0.0013 0.0125 -0.9999
vn 0.0693 0.7099 -0.7009
vn 0.1494 0.6987 0.6997
vn 0.2092 0.9779 -0.0000
vn 0.0032 0.0147 0.9999
vn -0.1457 -0.6841 0.7147
vn -0.2082 -0.9781 -0.0000
vn -0.1457 -0.6841 -0.7147
vn 0.0032 0.0147 -0.9999
vn 0.1494 0.6987 -0.6997
vn 0.2420 0.6736 0.6984
vn 0.3382 0.9411 -0.0000
vn 0.0061 0.0166 0.9998
vn -0.2353 -0.6572 0.7160
vn -0.3370 -0.9415 -0.0000
vn -0.2353 -0.6572 -0.7160
vn 0.0061 0.0166 -0.9998
vn 0.2420 0.6736 -0.6984
vn 0.3436 0.6292 0.6972
vn 0.4793 0.8776 -0.0000
vn 0.0097 0.0175 0.9998
vn -0.3332 -0.6119 0.7173
vn -0.4781 -0.8783 -0.0000
vn -0.3332 -0.6120 -0.7173
vn 0.0097 0.0175 -0.9998
vn 0.3436 0.6292 -0.6972
vn 0.4474 0.5613 0.6962
vn 0.6234 0.7819 -0.0000
vn 0.0139 0.0172 0.9998
vn -0.4330 -0.5445 0.7183
vn -0.6222 -0.7828 -0.0000
vn -0.4330 -0.5445 -0.7183
vn 0.0139 0.0172 -0.9998
vn 0.4474 0.5613 -0.6962
vn 0.5454 0.4679 0.6954
vn 0.7589 0.6512 -0.0000
vn 0.0182 0.0155 0.9997
vn -0.5269 -0.4527 0.7193
vn -0.7585 -0.6517 -0.0000
vn -0.5269 -0.4527 -0.7193
vn 0.0182 0.0155 -0.9997
vn 0.5454 0.4679 -0.6954
vn 0.6261 0.3527 0.6954
vn 0.8713 0.4908 -0.0000
vn 0.0209 0.0118 0.9997
vn -0.6054 -0.3406 0.7194
vn -0.8716 -0.4903 -0.0000
vn -0.6054 -0.3406 -0.7194
vn 0.0209 0.0118 -0.9997
vn 0.6261 0.3527 -0.6954
vn 0.6807 0.2281 0.6962
vn 0.9482 0.3178 -0.0000
vn 0.0211 0.0072 0.9998
vn -0.6598 -0.2201 0.7185
vn -0.9487 -0.3162 -0.0000
vn -0.6598 -0.2201 -0.7185
vn 0.0211 0.0072 -0.9998
vn 0.6807 0.2281 -0.6962
vn 0.7084 0.1082 0.6975
vn 0.9885 0.1511 -0.0000
vn 0.0193 0.0031 0.9998
vn -0.6892 -0.1042 0.7170
vn -0.9888 -0.1492 -0.0000
vn -0.6892 -0.1042 -0.7170
vn 0.0193 0.0031 -0.9998
vn 0.7084 0.1082 -0.6975
vn 0.7149 0.0047 0.6992
vn 1.0000 0.0067 -0.0000
vn 0.0157 0.0002 0.9999
vn -0.6992 -0.0040 0.7149
vn -1.0000 -0.0055 -0.0000
vn -0.6992 -0.0040 -0.7149
vn 0.0157 0.0002 -0.9999
vn 0.7149 0.0047 -0.6993
vn 0.7094 -0.0862 0.6995
vn 0.9927 -0.1206 -0.0000
vn 0.0151 -0.0019 0.9999
vn -0.6943 0.0842 0.7147
vn -0.9927 0.1204 -0.0000
vn -0.6943 0.0842 -0.7147
vn 0.0151 -0.0019 -0.9999
vn 0.7094 -0.0862 -0.6995
vn 0.6927 -0.1774 0.6990
vn 0.9687 -0.2481 -0.0000
vn 0.0158 -0.0041 0.9999
vn -0.6770 0.1730 0.7154
vn -0.9689 0.2476 -0.0000
vn -0.6770 0.1730 -0.7154
vn 0.0158 -0.0041 -0.9999
vn 0.6927 -0.1774 -0.6990
vn 0.6624 -0.2702 0.6988
vn 0.9259 -0.3777 -0.0000
vn 0.0157 -0.0064 0.9999
vn -0.6467 0.2637 0.7157
vn -0.9260 0.3775 -0.0000
vn -0.6467 0.2637 -0.7157
vn 0.0157 -0.0064 -0.9999
vn 0.6624 -0.2702 -0.6988
vn 0.6186 -0.3592 0.6988
vn 0.8648 -0.5022 -0.0000
vn 0.0146 -0.0085 0.9999
vn -0.6039 0.3508 0.7157
vn -0.8647 0.5023 -0.0000
vn -0.6039 0.3508 -0.7157
vn 0.0146 -0.0085 -0.9999
vn 0.6186 -0.3592 -0.6988
vn 0.5634 -0.4405 0.6989
vn 0.7878 -0.6160 -0.0000
vn 0.0130 -0.0102 0.9999
vn -0.5504 0.4303 0.7154
vn -0.7878 0.6159 -0.0000
vn -0.5504 0.4303 -0.7154
vn 0.0130 -0.0102 -0.9999
vn 0.5634 -0.4405 -0.6989
vn 0.4975 -0.5141 0.6987
vn 0.6954 -0.7187 -0.0000
vn 0.0119 -0.0123 0.9999
vn -0.4857 0.5018 0.7158
vn -0.6955 0.7185 -0.0000
vn -0.4857 0.5018 -0.7158
vn 0.0119 -0.0123 -0.9999
vn 0.4975 -0.5141 -0.6987
vn 0.4205 -0.5789 0.6986
vn 0.5877 -0.8091 -0.0000
vn 0.0101 -0.0139 0.9999
vn -0.4103 0.5650 0.7158
vn -0.5875 0.8092 -0.0000
vn -0.4103 0.5650 -0.7158
vn 0.0101 -0.0139 -0.9999
vn 0.4205 -0.5789 -0.6986
vn 0.3361 -0.6313 0.6989
vn 0.4700 -0.8827 -0.0000
vn 0.0079 -0.0147 0.9999
vn -0.3280 0.6168 0.7155
vn -0.4695 0.8830 -0.0000
vn -0.3280 0.6168 -0.7155
vn 0.0079 -0.0147 -0.9999
vn 0.3361 -0.6313 -0.6989
vn -0.1847 -0.7895 0.5854
vn -0.2070 -0.9783 -0.0000
vn -0.0462 -0.0580 0.9972
vn -0.3275 0.6522 0.6836
vn -0.4599 0.8880 -0.0000
vn -0.3275 0.6522 -0.6836
vn -0.0462 -0.0580 -0.9972
vn -0.1847 -0.7895 -0.5854
vn 0.2767 -0.1426 0.9503
vn 0.9353 0.3539 -0.0000
vn -0.2383 -0.0019 0.9712
vn -0.7622 0.1491 0.6299
vn -0.9725 0.2330 -0.0000
vn -0.7622 0.1491 -0.6299
vn -0.2383 -0.0019 -0.9712
vn 0.2767 -0.1426 -0.9503
vn -0.4566 0.5244 0.7186
vn -0.5464 0.4299 0.7188
vn -0.7859 0.6184 -0.0000
vn -0.6566 0.7543 -0.0000
vn 0.0149 -0.0170 0.9997
vn 0.0180 -0.0142 0.9997
vn 0.4720 -0.5411 0.6960
vn 0.5644 -0.4441 0.6959
vn 0.6574 -0.7536 -0.0000
vn 0.7859 -0.6184 -0.0000
vn 0.4720 -0.5411 -0.6960
vn 0.5644 -0.4441 -0.6959
vn 0.0149 -0.0170 -0.9997
vn 0.0180 -0.0142 -0.9997
vn -0.4566 0.5244 -0.7186
vn -0.5464 0.4299 -0.7188
vn -0.6171 0.3204 0.7187
vn -0.8876 0.4605 -0.0000
vn 0.0200 -0.0105 0.9997
vn 0.6367 -0.3318 0.6961
vn 0.8868 -0.4621 -0.0000
vn 0.6367 -0.3318 -0.6961
vn 0.0200 -0.0105 -0.9997
vn -0.6171 0.3204 -0.7187
vn -0.6653 0.2057 0.7177
vn -0.9555 0.2949 -0.0000
vn 0.0198 -0.0064 0.9998
vn 0.6846 -0.2136 0.6969
vn 0.9546 -0.2980 -0.0000
vn 0.6846 -0.2136 -0.6969
vn 0.0198 -0.0064 -0.9998
vn -0.6653 0.2057 -0.7177
vn -0.6914 0.0994 0.7156
vn -0.9898 0.1428 -0.0000
vn 0.0181 -0.0023 0.9998
vn 0.7094 -0.1001 0.6977
vn 0.9902 -0.1396 -0.0000
vn 0.7094 -0.1001 -0.6977
vn 0.0181 -0.0023 -0.9998
vn -0.6914 0.0994 -0.7156
vn -0.6947 -0.0207 0.7190
vn -0.9996 -0.0273 -0.0000
vn 0.0252 0.0022 0.9997
vn 0.7193 0.0306 0.6940
vn 0.9991 0.0431 -0.0000
vn 0.7193 0.0306 -0.6940
vn 0.0252 0.0022 -0.9997
vn -0.6947 -0.0207 -0.7190
vn -0.6496 -0.2108 0.7304
vn -0.9521 -0.3058 -0.0000
vn 0.0412 0.0151 0.9990
vn 0.6887 0.2334 0.6865
vn 0.9470 0.3213 -0.0000
vn 0.6887 0.2334 -0.6865
vn 0.0412 0.0151 -0.9990
vn -0.6496 -0.2108 -0.7304
vn -0.5165 -0.4403 0.7344
vn -0.7607 -0.6491 -0.0000
vn 0.0377 0.0319 0.9988
vn 0.5557 0.4722 0.6842
vn 0.7621 0.6475 -0.0000
vn 0.5557 0.4722 -0.6842
vn 0.0377 0.0319 -0.9988
vn -0.5165 -0.4403 -0.7344
vn -0.3199 -0.6060 0.7283
vn -0.4645 -0.8856 -0.0000
vn 0.0205 0.0359 0.9991
vn 0.3466 0.6385 0.6872
vn 0.4774 0.8787 -0.0000
vn 0.3466 0.6385 -0.6872
vn 0.0205 0.0359 -0.9991
vn -0.3199 -0.6060 -0.7283
vn -0.1372 -0.6788 0.7214
vn -0.1964 -0.9805 -0.0000
vn 0.0068 0.0279 0.9996
vn 0.1494 0.7054 0.6929
vn 0.2077 0.9782 -0.0000
vn 0.1494 0.7054 -0.6929
vn 0.0068 0.0279 -0.9996
vn -0.1372 -0.6788 -0.7214
vn -0.0473 -0.7255 0.6866
vn -0.0709 -0.9975 -0.0000
vn -0.0044 0.0097 0.9999
vn 0.0177 0.7324 0.6807
vn 0.0220 0.9998 -0.0000
vn 0.0177 0.7324 -0.6807
vn -0.0044 0.0097 -0.9999
vn -0.0473 -0.7255 -0.6866
vn 0.3964 -0.3848 0.8335
vn 0.6871 -0.7266 -0.0000
vn -0.1332 0.1090 0.9851
vn -0.5573 0.5133 0.6526
vn -0.7258 0.6879 -0.0000
vn -0.5573 0.5133 -0.6526
vn -0.1332 0.1090 -0.9851
vn 0.3964 -0.3848 -0.8335
vn 0.3968 0.3847 0.8334
vn 0.6878 0.7259 -0.0000
vn -0.1331 -0.1089 0.9851
vn -0.5571 -0.5134 0.6527
vn -0.7257 -0.6880 -0.0000
vn -0.5571 -0.5134 -0.6527
vn -0.1331 -0.1089 -0.9851
vn 0.3968 0.3847 -0.8334
vn -0.0340 0.7279 0.6848
vn -0.0522 0.9986 -0.0000
vn -0.0048 -0.0046 1.0000
vn 0.0032 -0.7301 0.6834
vn 0.0016 -1.0000 -0.0000
vn 0.0032 -0.7301 -0.6834
vn -0.0048 -0.0046 -1.0000
vn -0.0340 0.7279 -0.6848
vn -0.0706 0.6967 0.7139
vn -0.1005 0.9949 -0.0000
vn 0.0016 -0.0133 0.9999
vn 0.0736 -0.7098 0.7006
vn 0.1033 -0.9946 -0.0000
vn 0.0736 -0.7098 -0.7006
vn 0.0016 -0.0133 -0.9999
vn -0.0706 0.6967 -0.7139
vn -0.1539 0.6818 0.7152
vn -0.2198 0.9755 -0.0000
vn 0.0038 -0.0156 0.9999
vn 0.1590 -0.6971 0.6991
vn 0.2225 -0.9749 -0.0000
vn 0.1590 -0.6971 -0.6991
vn 0.0038 -0.0157 -0.9999
vn -0.1539 0.6818 -0.7152
vn -0.2495 0.6512 0.7167
vn -0.3574 0.9340 -0.0000
vn 0.0071 -0.0177 0.9998
vn 0.2582 -0.6682 0.6977
vn 0.3606 -0.9327 -0.0000
vn 0.2582 -0.6682 -0.6977
vn 0.0071 -0.0177 -0.9998
vn -0.2495 0.6512 -0.7167
vn -0.3539 0.5991 0.7182
vn -0.5083 0.8612 -0.0000
vn 0.0112 -0.0185 0.9998
vn 0.3663 -0.6170 0.6965
vn 0.5106 -0.8598 -0.0000
vn 0.3663 -0.6170 -0.6965
vn 0.0112 -0.0185 -0.9998
vn -0.3539 0.5991 -0.7182
vn 0.5288 0.4522 0.7183
vn 0.4358 0.5415 0.7189
vn 0.6270 0.7790 -0.0000
vn 0.7601 0.6498 -0.0000
vn -0.0167 -0.0144 0.9998
vn -0.0145 -0.0180 0.9997
vn -0.5452 -0.4669 0.6963
vn -0.4501 -0.5597 0.6958
vn -0.7595 -0.6505 -0.0000
vn -0.6267 -0.7792 -0.0000
vn -0.5452 -0.4669 -0.6963
vn -0.4501 -0.5597 -0.6958
vn -0.0167 -0.0144 -0.9998
vn -0.0145 -0.0180 -0.9997
vn 0.5288 0.4522 -0.7183
vn 0.4358 0.5415 -0.7189
vn 0.3261 0.6140 0.7188
vn 0.4689 0.8832 -0.0000
vn -0.0108 -0.0202 0.9997
vn -0.3372 -0.6341 0.6959
vn -0.4696 -0.8829 -0.0000
vn -0.3372 -0.6341 -0.6959
vn -0.0108 -0.0202 -0.9997
vn 0.3261 0.6140 -0.7188
vn 0.2102 0.6637 0.7179
vn 0.3017 0.9534 -0.0000
vn -0.0065 -0.0202 0.9998
vn -0.2174 -0.6836 0.6967
vn -0.3031 -0.9529 -0.0000
vn -0.2174 -0.6836 -0.6967
vn -0.0065 -0.0202 -0.9998
vn 0.2102 0.6637 -0.7179
vn 0.0993 0.6904 0.7166
vn 0.1421 0.9899 -0.0000
vn -0.0029 -0.0184 0.9998
vn -0.1033 -0.7086 0.6980
vn -0.1444 -0.9895 -0.0000
vn -0.1033 -0.7086 -0.6980
vn -0.0029 -0.0184 -0.9998
vn 0.0993 0.6904 -0.7166
vn 0.0126 0.7011 0.7130
vn 0.0176 0.9998 -0.0000
vn -0.0004 -0.0118 0.9999
vn -0.0143 -0.7128 0.7012
vn -0.0203 -0.9998 -0.0000
vn -0.0143 -0.7128 -0.7012
vn -0.0004 -0.0118 -0.9999
vn 0.0126 0.7011 -0.7130
vn -0.0419 0.7023 0.7106
vn -0.0596 0.9982 -0.0000
vn 0.0003 -0.0072 1.0000
vn 0.0417 -0.7096 0.7034
vn 0.0585 -0.9983 -0.0000
vn 0.0417 -0.7096 -0.7034
vn 0.0003 -0.0072 -1.0000
vn -0.0419 0.7023 -0.7106
vn -0.0835 0.6984 0.7108
vn -0.1187 0.9929 -0.0000
vn 0.0009 -0.0073 1.0000
vn 0.0843 -0.7057 0.7035
vn 0.1187 -0.9929 -0.0000
vn 0.0843 -0.7057 -0.7035
vn 0.0009 -0.0073 -1.0000
vn -0.0835 0.6984 -0.7108
vn -0.1256 0.6921 0.7108
vn -0.1785 0.9839 -0.0000
vn 0.0013 -0.0073 1.0000
vn 0.1269 -0.6993 0.7034
vn 0.1785 -0.9839 -0.0000
vn 0.1269 -0.6993 -0.7034
vn 0.0013 -0.0073 -1.0000
vn -0.1256 0.6921 -0.7108
vn -0.1673 0.6832 0.7108
vn -0.2379 0.9713 -0.0000
vn 0.0018 -0.0072 1.0000
vn 0.1691 -0.6904 0.7034
vn 0.2379 -0.9713 -0.0000
vn 0.1691 -0.6904 -0.7034
vn 0.0018 -0.0072 -1.0000
vn -0.1673 0.6832 -0.7108
vn -0.2081 0.6720 0.7107
vn -0.2959 0.9552 -0.0000
vn 0.0022 -0.0069 1.0000
vn 0.2104 -0.6789 0.7035
vn 0.2960 -0.9552 -0.0000
vn 0.2104 -0.6789 -0.7035
vn 0.0022 -0.0069 -1.0000
vn -0.2081 0.6720 -0.7107
vn -0.2497 0.6572 0.7111
vn -0.3552 0.9348 -0.0000
vn 0.0029 -0.0075 1.0000
vn 0.2528 -0.6646 0.7031
vn 0.3556 -0.9346 -0.0000
vn 0.2528 -0.6646 -0.7031
vn 0.0029 -0.0075 -1.0000
vn -0.2497 0.6572 -0.7111
vn -0.2956 0.6371 0.7118
vn -0.4208 0.9072 -0.0000
vn 0.0040 -0.0084 1.0000
vn 0.3000 -0.6454 0.7025
vn 0.4215 -0.9068 -0.0000
vn 0.3000 -0.6454 -0.7025
vn 0.0040 -0.0084 -1.0000
vn -0.2956 0.6371 -0.7118
vn -0.3469 0.6098 0.7126
vn -0.4944 0.8693 -0.0000
vn 0.0055 -0.0094 0.9999
vn 0.3529 -0.6189 0.7017
vn 0.4954 -0.8687 -0.0000
vn 0.3529 -0.6189 -0.7017
vn 0.0055 -0.0094 -0.9999
vn -0.3469 0.6098 -0.7126
vn 0.0671 0.7509 0.6570
vn 0.1373 0.9905 -0.0000
vn 0.0231 0.0065 0.9997
vn 0.4430 -0.5706 0.6915
vn 0.6164 -0.7874 -0.0000
vn 0.4430 -0.5706 -0.6915
vn 0.0231 0.0065 -0.9997
vn 0.0671 0.7509 -0.6570
vn -0.3500 0.3494 0.8691
vn -0.1291 0.9916 -0.0000
vn 0.1161 -0.0236 0.9930
vn 0.7059 -0.2779 0.6516
vn 0.9278 -0.3730 -0.0000
vn 0.7059 -0.2779 -0.6516
vn 0.1161 -0.0236 -0.9930
vn -0.3500 0.3494 -0.8691
vn -0.3959 -0.3857 0.8334
vn -0.7493 -0.6622 -0.0000
vn 0.1158 0.1354 0.9840
vn 0.5227 0.5599 0.6429
vn 0.6899 0.7239 -0.0000
vn 0.5227 0.5599 -0.6429
vn 0.1158 0.1354 -0.9840
vn -0.3959 -0.3857 -0.8334
vn -0.5500 0.5500 0.6285
vn -0.1305 0.1305 0.9828
vn 0.4156 -0.4156 0.8090
vn 0.4156 -0.4156 -0.8090
vn -0.1305 0.1305 -0.9828
vn -0.5500 0.5500 -0.6285
vn 0.5259 0.5531 0.6462
vn 0.6962 0.7178 -0.0000
vn 0.1152 0.1314 0.9846
vn -0.3916 -0.4045 0.8265
vn -0.7162 -0.6979 -0.0000
vn -0.3916 -0.4045 -0.8265
vn 0.1152 0.1314 -0.9846
vn 0.5259 0.5531 -0.6462
vn 0.7078 -0.2711 0.6523
vn 0.9319 -0.3627 -0.0000
vn 0.1005 -0.0297 0.9945
vn -0.5808 0.2934 0.7593
vn -0.8689 0.4950 -0.0000
vn -0.5808 0.2934 -0.7593
vn 0.1005 -0.0297 -0.9945
vn 0.7078 -0.2711 -0.6523
vn 0.4764 -0.5398 0.6940
vn 0.6640 -0.7477 -0.0000
vn 0.0130 -0.0032 0.9999
vn -0.4240 0.5776 0.6976
vn -0.5787 0.8156 -0.0000
vn -0.4240 0.5776 -0.6976
vn 0.0130 -0.0032 -0.9999
vn 0.4764 -0.5398 -0.6940
vn 0.4027 -0.5881 0.7014
vn 0.5650 -0.8251 -0.0000
vn 0.0065 -0.0094 0.9999
vn -0.3961 0.5787 0.7129
vn -0.5648 0.8253 -0.0000
vn -0.3961 0.5787 -0.7129
vn 0.0065 -0.0094 -0.9999
vn 0.4027 -0.5881 -0.7014
vn 0.3474 -0.6219 0.7018
vn 0.4877 -0.8730 -0.0000
vn 0.0052 -0.0093 0.9999
vn -0.3421 0.6127 0.7125
vn -0.4875 0.8731 -0.0000
vn -0.3421 0.6127 -0.7125
vn 0.0052 -0.0093 -0.9999
vn 0.3474 -0.6219 -0.7018
vn 0.2938 -0.6485 0.7022
vn 0.4127 -0.9109 -0.0000
vn 0.0041 -0.0089 1.0000
vn -0.2896 0.6396 0.7120
vn -0.4124 0.9110 -0.0000
vn -0.2896 0.6396 -0.7120
vn 0.0041 -0.0089 -1.0000
vn 0.2938 -0.6485 -0.7022
vn 0.2431 -0.6687 0.7027
vn 0.3417 -0.9398 -0.0000
vn 0.0030 -0.0083 1.0000
vn -0.2400 0.6604 0.7115
vn -0.3415 0.9399 -0.0000
vn -0.2400 0.6604 -0.7115
vn 0.0030 -0.0083 -1.0000
vn 0.2431 -0.6687 -0.7027
vn 0.1944 -0.6843 0.7028
vn 0.2733 -0.9619 -0.0000
vn 0.0024 -0.0083 1.0000
vn -0.1921 0.6760 0.7114
vn -0.2733 0.9619 -0.0000
vn -0.1921 0.6760 -0.7114
vn 0.0024 -0.0083 -1.0000
vn 0.1944 -0.6843 -0.7028
vn 0.1457 -0.6963 0.7028
vn 0.2048 -0.9788 -0.0000
vn 0.0018 -0.0084 1.0000
vn -0.1439 0.6879 0.7114
vn -0.2047 0.9788 -0.0000
vn -0.1439 0.6879 -0.7114
vn 0.0018 -0.0084 -1.0000
vn 0.1457 -0.6963 -0.7028
vn 0.0966 -0.7047 0.7029
vn 0.1357 -0.9907 -0.0000
vn 0.0012 -0.0084 1.0000
vn -0.0954 0.6963 0.7114
vn -0.1357 0.9907 -0.0000
vn -0.0954 0.6963 -0.7114
vn 0.0012 -0.0084 -1.0000
vn 0.0966 -0.7047 -0.7029
vn 0.0477 -0.7096 0.7029
vn 0.0671 -0.9977 -0.0000
vn 0.0005 -0.0083 1.0000
vn -0.0474 0.7014 0.7112
vn -0.0675 0.9977 -0.0000
vn -0.0474 0.7014 -0.7112
vn 0.0005 -0.0083 -1.0000
vn 0.0477 -0.7096 -0.7029
vn -0.0091 -0.7126 0.7015
vn -0.0128 -0.9999 -0.0000
vn -0.0002 -0.0111 0.9999
vn 0.0084 0.7015 0.7126
vn 0.0118 0.9999 -0.0000
vn 0.0084 0.7015 -0.7126
vn -0.0002 -0.0111 -0.9999
vn -0.0091 -0.7126 -0.7015
vn -0.0889 -0.7094 0.6992
vn -0.1244 -0.9922 -0.0000
vn -0.0021 -0.0160 0.9999
vn 0.0863 0.6935 0.7153
vn 0.1234 0.9924 -0.0000
vn 0.0863 0.6935 -0.7153
vn -0.0021 -0.0160 -0.9999
vn -0.0889 -0.7094 -0.6992
vn -0.1900 -0.6906 0.6978
vn -0.2653 -0.9642 -0.0000
vn -0.0051 -0.0182 0.9998
vn 0.1845 0.6726 0.7167
vn 0.2644 0.9644 -0.0000
vn 0.1845 0.6726 -0.7167
vn -0.0051 -0.0182 -0.9998
vn -0.1900 -0.6906 -0.6978
vn -0.3012 -0.6511 0.6967
vn -0.4199 -0.9076 -0.0000
vn -0.0090 -0.0193 0.9998
vn 0.2919 0.6320 0.7179
vn 0.4192 0.9079 -0.0000
vn 0.2919 0.6320 -0.7179
vn -0.0090 -0.0193 -0.9998
vn -0.3012 -0.6511 -0.6967
vn -0.4134 -0.5871 0.6960
vn -0.5758 -0.8176 -0.0000
vn -0.0131 -0.0185 0.9997
vn 0.4002 0.5686 0.7187
vn 0.5755 0.8178 -0.0000
vn 0.4002 0.5686 -0.7187
vn -0.0131 -0.0185 -0.9997
vn -0.4134 -0.5871 -0.6960
vn -0.5147 -0.5007 0.6960
vn -0.7168 -0.6973 -0.0000
vn -0.0162 -0.0158 0.9997
vn 0.4986 0.4848 0.7186
vn 0.7169 0.6972 -0.0000
vn 0.4986 0.4848 -0.7186
vn -0.0162 -0.0158 -0.9997
vn -0.5147 -0.5007 -0.6960
vn -0.5971 -0.3984 0.6963
vn -0.8318 -0.5550 -0.0000
vn -0.0183 -0.0123 0.9998
vn 0.5789 0.3859 0.7183
vn 0.8321 0.5546 -0.0000
vn 0.5789 0.3859 -0.7183
vn -0.0183 -0.0123 -0.9998
vn -0.5971 -0.3984 -0.6963
vn -0.6564 -0.2885 0.6971
vn -0.9155 -0.4024 -0.0000
vn -0.0187 -0.0083 0.9998
vn 0.6379 0.2798 0.7175
vn 0.9158 0.4016 -0.0000
vn 0.6379 0.2798 -0.7175
vn -0.0187 -0.0083 -0.9998
vn -0.6564 -0.2885 -0.6971
vn -0.6926 -0.1813 0.6982
vn -0.9674 -0.2533 -0.0000
vn -0.0174 -0.0046 0.9998
vn 0.6752 0.1763 0.7162
vn 0.9676 0.2525 -0.0000
vn 0.6752 0.1763 -0.7162
vn -0.0174 -0.0046 -0.9998
vn -0.6926 -0.1813 -0.6982
vn -0.7096 -0.0847 0.6995
vn -0.9930 -0.1185 -0.0000
vn -0.0153 -0.0019 0.9999
vn 0.6944 0.0825 0.7148
vn 0.9930 0.1179 -0.0000
vn 0.6944 0.0825 -0.7148
vn -0.0153 -0.0019 -0.9999
vn -0.7096 -0.0847 -0.6995
vn -0.7138 0.0003 0.7003
vn -1.0000 0.0004 -0.0000
vn -0.0136 -0.0000 0.9999
vn 0.7003 -0.0002 0.7139
vn 1.0000 -0.0003 -0.0000
vn 0.7003 -0.0002 -0.7139
vn -0.0135 -0.0000 -0.9999
vn -0.7138 0.0003 -0.7003
vn -0.7096 0.0859 0.6994
vn -0.9927 0.1202 -0.0000
vn -0.0155 0.0019 0.9999
vn 0.6941 -0.0836 0.7150
vn 0.9928 -0.1195 -0.0000
vn 0.6941 -0.0836 -0.7150
vn -0.0155 0.0019 -0.9999
vn -0.7096 0.0859 -0.6994
vn -0.6920 0.1843 0.6980
vn -0.9663 0.2574 -0.0000
vn -0.0178 0.0048 0.9998
vn 0.6743 -0.1790 0.7164
vn 0.9665 -0.2565 -0.0000
vn 0.6743 -0.1790 -0.7164
vn -0.0178 0.0048 -0.9998
vn -0.6920 0.1843 -0.6980
vn -0.6544 0.2936 0.6968
vn -0.9124 0.4094 -0.0000
vn -0.0191 0.0086 0.9998
vn 0.6355 -0.2846 0.7177
vn 0.9127 -0.4086 -0.0000
vn 0.6355 -0.2846 -0.7177
vn -0.0191 0.0086 -0.9998
vn -0.6544 0.2936 -0.6968
vn -0.5925 0.4055 0.6960
vn -0.8252 0.5648 -0.0000
vn -0.0186 0.0128 0.9997
vn 0.5741 -0.3925 0.7186
vn 0.8255 -0.5644 -0.0000
vn 0.5741 -0.3925 -0.7186
vn -0.0186 0.0128 -0.9997
vn -0.5925 0.4055 -0.6960
vn -0.5072 0.5085 0.6959
vn -0.7062 0.7080 -0.0000
vn -0.0162 0.0162 0.9997
vn 0.4910 -0.4923 0.7188
vn 0.7062 -0.7081 -0.0000
vn 0.4910 -0.4923 -0.7188
vn -0.0162 0.0162 -0.9997
vn -0.5072 0.5085 -0.6959
vn -0.4040 0.5935 0.6961
vn -0.5627 0.8266 -0.0000
vn -0.0127 0.0186 0.9997
vn 0.3911 -0.5751 0.7186
vn 0.5623 -0.8269 -0.0000
vn 0.3911 -0.5751 -0.7186
vn -0.0127 0.0186 -0.9997
vn -0.4040 0.5935 -0.6961
vn -0.2923 0.6550 0.6969
vn -0.4075 0.9132 -0.0000
vn -0.0086 0.0190 0.9998
vn 0.2833 -0.6361 0.7177
vn 0.4067 -0.9135 -0.0000
vn 0.2833 -0.6361 -0.7177
vn -0.0086 0.0190 -0.9998
vn -0.2923 0.6550 -0.6969
vn -0.1833 0.6922 0.6981
vn -0.2561 0.9667 -0.0000
vn -0.0048 0.0177 0.9998
vn 0.1781 -0.6746 0.7164
vn 0.2552 -0.9669 -0.0000
vn 0.1781 -0.6746 -0.7164
vn -0.0048 0.0177 -0.9998
vn -0.1833 0.6922 -0.6981
vn -0.0853 0.7097 0.6993
vn -0.1194 0.9928 -0.0000
vn -0.0019 0.0154 0.9999
vn 0.0833 -0.6943 0.7149
vn 0.1191 -0.9929 -0.0000
vn 0.0833 -0.6943 -0.7149
vn -0.0019 0.0154 -0.9999
vn -0.0853 0.7097 -0.6993
vn 0.0089 0.7153 0.6988
vn 0.0125 0.9999 -0.0000
vn 0.0003 0.0165 0.9999
vn -0.0080 -0.6988 0.7152
vn -0.0114 -0.9999 -0.0000
vn -0.0080 -0.6988 -0.7152
vn 0.0003 0.0165 -0.9999
vn 0.0089 0.7153 -0.6988
vn 0.1280 0.7072 0.6953
vn 0.1782 0.9840 -0.0000
vn 0.0044 0.0236 0.9997
vn -0.1225 -0.6839 0.7192
vn -0.1760 -0.9844 -0.0000
vn -0.1225 -0.6839 -0.7192
vn 0.0044 0.0236 -0.9997
vn 0.1280 0.7072 -0.6953
vn 0.2828 0.6639 0.6923
vn 0.3920 0.9200 -0.0000
vn 0.0121 0.0279 0.9995
vn -0.2696 -0.6364 0.7227
vn -0.3898 -0.9209 -0.0000
vn -0.2696 -0.6364 -0.7227
vn 0.0121 0.0279 -0.9995
vn 0.2828 0.6639 -0.6923
vn 0.4493 0.5670 0.6904
vn 0.6211 0.7838 -0.0000
vn 0.0216 0.0272 0.9994
vn -0.4272 -0.5400 0.7252
vn -0.6203 -0.7843 -0.0000
vn -0.4272 -0.5400 -0.7252
vn 0.0216 0.0272 -0.9994
vn 0.4493 0.5670 -0.6904
vn 0.6306 0.3994 0.6655
vn 0.8457 0.5337 -0.0000
vn 0.0342 0.0041 0.9994
vn -0.5538 -0.4862 0.6760
vn -0.7307 -0.6827 -0.0000
vn -0.5538 -0.4862 -0.6760
vn 0.0342 0.0041 -0.9994
vn 0.6306 0.3994 -0.6655
vn 0.6748 -0.3336 0.6582
vn 0.9033 -0.4289 -0.0000
vn 0.1610 -0.0940 0.9825
vn -0.4423 0.1644 0.8817
vn -0.9652 0.2616 -0.0000
vn -0.4423 0.1644 -0.8817
vn 0.1610 -0.0940 -0.9825
vn 0.6748 -0.3336 -0.6582
vn -0.2257 -0.7334 0.6413
vn -0.3138 -0.9495 -0.0000
vn -0.0257 -0.1795 0.9834
vn 0.2827 0.3377 0.8978
vn 0.9232 0.3843 -0.0000
vn 0.2827 0.3377 -0.8978
vn -0.0257 -0.1795 -0.9834
vn -0.2257 -0.7334 -0.6413
vn -0.5969 -0.4025 0.6940
vn -0.8232 -0.5678 -0.0000
vn 0.0445 -0.0243 0.9987
vn 0.7881 -0.0354 0.6145
vn 0.9994 -0.0360 -0.0000
vn 0.7881 -0.0354 -0.6145
vn 0.0445 -0.0243 -0.9987
vn -0.5969 -0.4025 -0.6940
vn -0.5609 -0.4168 0.7153
vn -0.8027 -0.5964 -0.0000
vn 0.0129 0.0097 0.9999
vn 0.5736 0.4267 0.6992
vn 0.8023 0.5969 -0.0000
vn 0.5736 0.4267 -0.6992
vn 0.0129 0.0097 -0.9999
vn -0.5609 -0.4168 -0.7153
vn -0.4999 -0.4881 0.7155
vn -0.7155 -0.6986 -0.0000
vn 0.0118 0.0116 0.9999
vn 0.5116 0.4997 0.6990
vn 0.7154 0.6987 -0.0000
vn 0.5116 0.4997 -0.6990
vn 0.0118 0.0116 -0.9999
vn -0.4999 -0.4881 -0.7155
vn -0.4293 -0.5512 0.7154
vn -0.6144 -0.7890 -0.0000
vn 0.0101 0.0129 0.9999
vn 0.4397 0.5639 0.6990
vn 0.6149 0.7886 -0.0000
vn 0.4397 0.5639 -0.6990
vn 0.0101 0.0129 -0.9999
vn -0.4293 -0.5512 -0.7154
vn -0.3549 -0.6027 0.7147
vn -0.5073 -0.8618 -0.0000
vn 0.0077 0.0130 0.9999
vn 0.3631 0.6154 0.6996
vn 0.5082 0.8613 -0.0000
vn 0.3631 0.6154 -0.6996
vn 0.0077 0.0130 -0.9999
vn -0.3549 -0.6027 -0.7147
vn -0.2806 -0.6413 0.7142
vn -0.4008 -0.9162 -0.0000
vn 0.0057 0.0129 0.9999
vn 0.2865 0.6540 0.7001
vn 0.4013 0.9159 -0.0000
vn 0.2865 0.6540 -0.7001
vn 0.0057 0.0129 -0.9999
vn -0.2806 -0.6413 -0.7142
vn -0.2064 -0.6691 0.7139
vn -0.2947 -0.9556 -0.0000
vn 0.0040 0.0129 0.9999
vn 0.2106 0.6819 0.7004
vn 0.2951 0.9555 -0.0000
vn 0.2106 0.6819 -0.7004
vn 0.0040 0.0129 -0.9999
vn -0.2064 -0.6691 -0.7139
vn -0.1335 -0.6878 0.7135
vn -0.1904 -0.9817 -0.0000
vn 0.0025 0.0124 0.9999
vn 0.1362 0.7002 0.7008
vn 0.1910 0.9816 -0.0000
vn 0.1362 0.7002 -0.7008
vn 0.0025 0.0124 -0.9999
vn -0.1335 -0.6878 -0.7135
vn -0.0646 -0.6983 0.7129
vn -0.0922 -0.9957 -0.0000
vn 0.0011 0.0116 0.9999
vn 0.0656 0.7099 0.7013
vn 0.0920 0.9958 -0.0000
vn 0.0656 0.7099 -0.7013
vn 0.0011 0.0116 -0.9999
vn -0.0646 -0.6983 -0.7129
vn 0.0062 -0.7005 0.7136
vn 0.0087 -1.0000 -0.0000
vn -0.0003 0.0131 0.9999
vn -0.0072 0.7136 0.7005
vn -0.0102 0.9999 -0.0000
vn -0.0072 0.7136 -0.7005
vn -0.0003 0.0131 -0.9999
vn 0.0062 -0.7005 -0.7136
vn 0.0943 -0.6916 0.7161
vn 0.1349 -0.9909 -0.0000
vn -0.0026 0.0175 0.9998
vn -0.0978 0.7090 0.6984
vn -0.1368 0.9906 -0.0000
vn -0.0978 0.7090 -0.6984
vn -0.0026 0.0175 -0.9998
vn 0.0943 -0.6916 -0.7161
vn 0.2015 -0.6667 0.7176
vn 0.2891 -0.9573 -0.0000
vn -0.0062 0.0198 0.9998
vn -0.2085 0.6862 0.6969
vn -0.2908 0.9568 -0.0000
vn -0.2085 0.6862 -0.6969
vn -0.0062 0.0198 -0.9998
vn 0.2015 -0.6667 -0.7176
vn 0.3170 -0.6187 0.7189
vn 0.4558 -0.8901 -0.0000
vn -0.0106 0.0204 0.9997
vn -0.3282 0.6389 0.6958
vn -0.4570 0.8895 -0.0000
vn -0.3282 0.6389 -0.6958
vn -0.0106 0.0204 -0.9997
vn 0.3170 -0.6187 -0.7189
vn 0.4298 -0.5457 0.7194
vn 0.6188 -0.7856 -0.0000
vn -0.0148 0.0188 0.9997
vn -0.4446 0.5646 0.6954
vn -0.6187 0.7856 -0.0000
vn -0.4446 0.5646 -0.6954
vn -0.0148 0.0188 -0.9997
vn 0.4298 -0.5457 -0.7194
vn 0.5269 -0.4536 0.7187
vn 0.7579 -0.6523 -0.0000
vn -0.0173 0.0150 0.9997
vn -0.5438 0.4691 0.6959
vn -0.7572 0.6532 -0.0000
vn -0.5438 0.4691 -0.6959
vn -0.0173 0.0150 -0.9997
vn 0.5269 -0.4536 -0.7187
vn 0.6006 -0.3522 0.7178
vn 0.8628 -0.5056 -0.0000
vn -0.0181 0.0108 0.9998
vn -0.6183 0.3636 0.6968
vn -0.8620 0.5069 -0.0000
vn -0.6183 0.3636 -0.6968
vn -0.0181 0.0108 -0.9998
vn 0.6006 -0.3522 -0.7178
vn 0.6511 -0.2502 0.7166
vn 0.9335 -0.3586 -0.0000
vn -0.0174 0.0068 0.9998
vn -0.6682 0.2578 0.6979
vn -0.9330 0.3600 -0.0000
vn -0.6682 0.2578 -0.6979
vn -0.0174 0.0068 -0.9998
vn 0.6511 -0.2502 -0.7166
vn 0.6814 -0.1554 0.7152
vn 0.9750 -0.2222 -0.0000
vn -0.6969 0.1597 0.6992
vn -0.9747 0.2234 -0.0000
vn -0.6969 0.1597 -0.6992
vn 0.6814 -0.1554 -0.7152
vn 0.6966 -0.0721 0.7139
vn 0.9947 -0.1029 -0.0000
vn -0.0134 0.0015 0.9999
vn -0.7099 0.0739 0.7004
vn -0.9946 0.1037 -0.0000
vn -0.7099 0.0739 -0.7004
vn -0.0134 0.0015 -0.9999
vn 0.6966 -0.0721 -0.7139
vn 0.7012 0.0002 0.7130
vn -0.0118 -0.0000 0.9999
vn -0.7130 -0.0002 0.7012
vn -0.7130 -0.0002 -0.7012
vn -0.0118 -0.0000 -0.9999
vn 0.7012 0.0002 -0.7130
vn 0.6964 0.0730 0.7139
vn 0.9946 0.1041 -0.0000
vn -0.0135 -0.0015 0.9999
vn -0.7099 -0.0748 0.7003
vn -0.9945 -0.1049 -0.0000
vn -0.7099 -0.0748 -0.7003
vn -0.0135 -0.0015 -0.9999
vn 0.6964 0.0730 -0.7139
vn 0.6811 0.1568 0.7152
vn 0.9745 0.2243 -0.0000
vn -0.0157 -0.0037 0.9999
vn -0.6966 -0.1611 0.6991
vn -0.9743 -0.2254 -0.0000
vn -0.6966 -0.1611 -0.6991
vn -0.0157 -0.0037 -0.9999
vn 0.6811 0.1568 -0.7152
vn 0.6505 0.2517 0.7166
vn -0.0174 -0.0069 0.9998
vn -0.6677 -0.2592 0.6979
vn -0.9322 -0.3619 -0.0000
vn -0.6677 -0.2592 -0.6979
vn -0.0174 -0.0069 -0.9998
vn 0.6505 0.2517 -0.7166
vn 0.6003 0.3529 0.7177
vn 0.8622 0.5066 -0.0000
vn -0.0179 -0.0106 0.9998
vn -0.6179 -0.3640 0.6969
vn -0.8616 -0.5076 -0.0000
vn -0.6179 -0.3640 -0.6969
vn -0.0179 -0.0106 -0.9998
vn 0.6003 0.3529 -0.7177
vn 0.5500 0.5500 0.6285
vn 0.1305 0.1305 0.9828
vn -0.4156 -0.4156 0.8090
vn -0.4156 -0.4156 -0.8090
vn 0.1305 0.1305 -0.9828
vn 0.5500 0.5500 -0.6285
vn 0.5053 0.5662 0.6513
vn 0.7287 0.0180 0.6846
vn 0.9996 0.0300 -0.0000
vn 0.6776 0.7354 -0.0000
vn 0.1072 0.1378 0.9846
vn -0.0006 0.0102 0.9999
vn -0.3883 -0.3782 0.8403
vn -0.7343 0.0484 0.6771
vn -0.7577 -0.6526 -0.0000
vn -0.9970 0.0771 -0.0000
vn -0.3883 -0.3782 -0.8403
vn -0.7343 0.0484 -0.6771
vn 0.1072 0.1378 -0.9846
vn -0.0006 0.0102 -0.9999
vn 0.5053 0.5662 -0.6513
vn 0.7287 0.0180 -0.6846
vn 0.7091 -0.0309 0.7044
vn 0.9991 -0.0435 -0.0000
vn 0.0055 -0.0003 1.0000
vn -0.7037 0.0304 0.7099
vn -0.9991 0.0431 -0.0000
vn -0.7037 0.0304 -0.7099
vn 0.0055 -0.0003 -1.0000
vn 0.7091 -0.0309 -0.7044
vn 0.7072 -0.0646 0.7041
vn 0.9959 -0.0910 -0.0000
vn 0.0061 -0.0006 1.0000
vn -0.7011 0.0639 0.7102
vn -0.9959 0.0908 -0.0000
vn -0.7011 0.0639 -0.7102
vn 0.0061 -0.0006 -1.0000
vn 0.7072 -0.0646 -0.7041
vn 0.7031 -0.1022 0.7037
vn 0.9896 -0.1438 -0.0000
vn 0.0067 -0.0010 1.0000
vn -0.6964 0.1010 0.7105
vn -0.9896 0.1435 -0.0000
vn -0.6964 0.1010 -0.7105
vn 0.0067 -0.0010 -1.0000
vn 0.7031 -0.1022 -0.7037
vn 0.6962 -0.1438 0.7033
vn 0.9793 -0.2023 -0.0000
vn 0.0074 -0.0016 1.0000
vn -0.6888 0.1420 0.7109
vn -0.9794 0.2018 -0.0000
vn -0.6888 0.1420 -0.7109
vn 0.0074 -0.0016 -1.0000
vn 0.6962 -0.1438 -0.7033
vn 0.6855 -0.1904 0.7028
vn 0.9635 -0.2677 -0.0000
vn 0.0085 -0.0024 1.0000
vn -0.6771 0.1879 0.7115
vn -0.9636 0.2673 -0.0000
vn -0.6771 0.1879 -0.7115
vn 0.0085 -0.0024 -1.0000
vn 0.6855 -0.1904 -0.7028
vn 0.6698 -0.2403 0.7026
vn 0.9413 -0.3377 -0.0000
vn 0.0086 -0.0031 1.0000
vn -0.6612 0.2372 0.7117
vn -0.9413 0.3377 -0.0000
vn -0.6612 0.2372 -0.7117
vn 0.0086 -0.0031 -1.0000
vn 0.6698 -0.2403 -0.7026
vn 0.6502 -0.2889 0.7027
vn 0.9139 -0.4060 -0.0000
vn 0.0081 -0.0036 1.0000
vn -0.6421 0.2854 0.7115
vn -0.9138 0.4062 -0.0000
vn -0.6421 0.2854 -0.7115
vn 0.0081 -0.0036 -1.0000
vn 0.6502 -0.2889 -0.7027
vn 0.6280 -0.3340 0.7029
vn 0.8829 -0.4696 -0.0000
vn 0.0074 -0.0039 1.0000
vn -0.6205 0.3302 0.7113
vn -0.8828 0.4698 -0.0000
vn -0.6205 0.3302 -0.7113
vn 0.0074 -0.0039 -1.0000
vn 0.6280 -0.3340 -0.7029
vn 0.5940 -0.4094 0.6925
vn 0.8207 -0.5714 -0.0000
vn -0.0075 -0.0191 0.9998
vn -0.7394 0.1416 0.6582
vn -0.9869 0.1616 -0.0000
vn -0.7394 0.1416 -0.6582
vn -0.0075 -0.0191 -0.9998
vn 0.5940 -0.4094 -0.6925
vn 0.2844 -0.7212 0.6317
vn 0.3819 -0.9242 -0.0000
vn 0.0215 -0.1303 0.9912
vn -0.4644 0.4343 0.7718
vn -0.9277 0.3734 -0.0000
vn -0.4644 0.4343 -0.7718
vn 0.0215 -0.1303 -0.9912
vn 0.2844 -0.7212 -0.6317
vn -0.6197 -0.3907 0.6807
vn -0.8560 -0.5170 -0.0000
vn -0.1661 -0.1301 0.9775
vn 0.1049 0.0337 0.9939
vn -0.9985 -0.0540 -0.0000
vn 0.1050 0.0337 -0.9939
vn -0.1661 -0.1301 -0.9775
vn -0.6197 -0.3907 -0.6807
vn -0.6659 0.3226 0.6727
vn -0.9056 0.4241 -0.0000
vn 0.0004 -0.0733 0.9973
vn 0.4394 -0.6852 0.5809
vn 0.5418 -0.8405 -0.0000
vn 0.4394 -0.6852 -0.5809
vn 0.0004 -0.0733 -0.9973
vn -0.6659 0.3226 -0.6727
vn -0.6291 0.3059 0.7146
vn -0.8992 0.4375 -0.0000
vn 0.0135 -0.0064 0.9999
vn 0.6428 -0.3118 0.6997
vn 0.8997 -0.4364 -0.0000
vn 0.6428 -0.3118 -0.6997
vn 0.0135 -0.0064 -0.9999
vn -0.6291 0.3059 -0.7146
vn -0.6628 0.2196 0.7159
vn -0.9492 0.3146 -0.0000
vn 0.0166 -0.0053 0.9998
vn 0.6796 -0.2242 0.6985
vn 0.9497 -0.3133 -0.0000
vn 0.6796 -0.2242 -0.6985
vn 0.0166 -0.0053 -0.9998
vn -0.6628 0.2196 -0.7159
vn -0.5878 0.5372 0.6048
vn -0.7293 0.6842 -0.0000
vn 0.0122 0.0405 0.9991
vn 0.7364 -0.0601 0.6739
vn 0.9970 -0.0771 -0.0000
vn 0.7364 -0.0601 -0.6739
vn 0.0122 0.0405 -0.9991
vn -0.5878 0.5372 -0.6048
vn -0.2887 -0.1724 0.9418
vn -0.9920 -0.1265 -0.0000
vn 0.1120 0.1616 0.9805
vn 0.5086 0.5661 0.6487
vn 0.6836 0.7299 -0.0000
vn 0.5086 0.5661 -0.6487
vn 0.1120 0.1616 -0.9805
vn -0.2887 -0.1724 -0.9418
vn -0.5462 -0.5576 0.6252
vn -0.7016 -0.7126 -0.0000
vn -0.1288 -0.1346 0.9825
vn 0.4204 0.4174 0.8056
vn 0.7137 0.7004 -0.0000
vn 0.4204 0.4174 -0.8056
vn -0.1288 -0.1346 -0.9825
vn -0.5462 -0.5576 -0.6252
vn 0.6617 0.2633 0.7020
vn 0.6817 0.2062 0.7020
vn 0.9572 0.2896 -0.0000
vn 0.9291 0.3697 -0.0000
vn 0.0096 0.0038 0.9999
vn 0.0099 0.0030 0.9999
vn -0.6521 -0.2595 0.7123
vn -0.6718 -0.2031 0.7123
vn -0.9291 -0.3698 -0.0000
vn -0.9572 -0.2893 -0.0000
vn -0.6521 -0.2595 -0.7123
vn -0.6718 -0.2031 -0.7123
vn 0.0096 0.0038 -0.9999
vn 0.0099 0.0030 -0.9999
vn 0.6617 0.2633 -0.7020
vn 0.6817 0.2062 -0.7020
vn 0.6960 0.1496 0.7023
vn 0.9777 0.2102 -0.0000
vn 0.0094 0.0021 1.0000
vn -0.6866 -0.1473 0.7120
vn -0.9778 -0.2097 -0.0000
vn -0.6866 -0.1473 -0.7120
vn 0.0094 0.0021 -1.0000
vn 0.6960 0.1496 -0.7023
vn 0.7050 0.0961 0.7027
vn 0.9908 0.1351 -0.0000
vn 0.0088 0.0012 1.0000
vn -0.6962 -0.0946 0.7116
vn -0.9909 -0.1346 -0.0000
vn -0.6962 -0.0946 -0.7116
vn 0.0088 0.0012 -1.0000
vn 0.7050 0.0961 -0.7027
vn 0.7098 0.0458 0.7029
vn 0.9979 0.0643 -0.0000
vn 0.0082 0.0004 1.0000
vn -0.7016 -0.0462 0.7110
vn -0.9978 -0.0660 -0.0000
vn -0.7016 -0.0462 -0.7110
vn 0.0082 0.0004 -1.0000
vn 0.7098 0.0458 -0.7029
vn 0.7135 -0.0175 0.7004
vn 0.9997 -0.0248 -0.0000
vn 0.0133 -0.0006 0.9999
vn -0.7003 0.0149 0.7137
vn -0.9998 0.0208 -0.0000
vn -0.7003 0.0149 -0.7137
vn 0.0133 -0.0006 -0.9999
vn 0.7135 -0.0175 -0.7004
vn 0.7074 -0.1190 0.6967
vn 0.9861 -0.1661 -0.0000
vn 0.0211 -0.0038 0.9998
vn -0.6866 0.1138 0.7181
vn -0.9866 0.1631 -0.0000
vn -0.6866 0.1138 -0.7181
vn 0.0211 -0.0038 -0.9998
vn 0.7074 -0.1190 -0.6967
vn 0.6744 -0.2485 0.6953
vn 0.9383 -0.3458 -0.0000
vn 0.0226 -0.0084 0.9997
vn -0.6520 0.2394 0.7194
vn -0.9388 0.3445 -0.0000
vn -0.6520 0.2394 -0.7194
vn 0.0226 -0.0084 -0.9997
vn 0.6744 -0.2485 -0.6953
vn 0.6111 -0.3792 0.6948
vn 0.8497 -0.5272 -0.0000
vn 0.0214 -0.0133 0.9997
vn -0.5897 0.3658 0.7201
vn -0.8498 0.5271 -0.0000
vn -0.5897 0.3658 -0.7201
vn 0.0214 -0.0133 -0.9997
vn 0.6111 -0.3792 -0.6948
vn 0.5218 -0.4944 0.6952
vn 0.7260 -0.6877 -0.0000
vn 0.0177 -0.0167 0.9997
vn -0.5037 0.4781 0.7195
vn -0.7251 0.6886 -0.0000
vn -0.5037 0.4781 -0.7195
vn 0.0177 -0.0167 -0.9997
vn 0.5218 -0.4944 -0.6952
vn 0.4183 -0.5833 0.6963
vn 0.5828 -0.8126 -0.0000
vn 0.0130 -0.0178 0.9998
vn -0.4047 0.5660 0.7183
vn -0.5814 0.8136 -0.0000
vn -0.4047 0.5660 -0.7183
vn 0.0130 -0.0178 -0.9998
vn 0.4183 -0.5833 -0.6963
vn 0.3129 -0.6446 0.6976
vn 0.4368 -0.8996 -0.0000
vn 0.0086 -0.0174 0.9998
vn -0.3037 0.6276 0.7169
vn -0.4354 0.9003 -0.0000
vn -0.3037 0.6276 -0.7169
vn 0.0086 -0.0174 -0.9998
vn 0.3129 -0.6446 -0.6976
vn 0.2152 -0.6819 0.6991
vn 0.3010 -0.9536 -0.0000
vn 0.0050 -0.0154 0.9999
vn -0.2096 0.6667 0.7153
vn -0.2997 0.9540 -0.0000
vn -0.2096 0.6667 -0.7153
vn 0.0050 -0.0155 -0.9999
vn 0.2152 -0.6819 -0.6991
vn 0.1305 -0.7017 0.7005
vn 0.1829 -0.9831 -0.0000
vn 0.0025 -0.0131 0.9999
vn -0.1276 0.6886 0.7138
vn -0.1821 0.9833 -0.0000
vn -0.1276 0.6886 -0.7138
vn 0.0025 -0.0131 -0.9999
vn 0.1305 -0.7017 -0.7005
vn 0.0597 -0.7100 0.7017
vn 0.0838 -0.9965 -0.0000
vn 0.0010 -0.0109 0.9999
vn -0.0585 0.6991 0.7126
vn -0.0833 0.9965 -0.0000
vn -0.0585 0.6991 -0.7126
vn 0.0010 -0.0109 -0.9999
vn 0.0597 -0.7100 -0.7017
vn 0.0006 -0.7117 0.7025
vn 0.0009 -1.0000 -0.0000
vn -0.0000 -0.0092 1.0000
vn -0.0006 0.7025 0.7117
vn -0.0008 1.0000 -0.0000
vn -0.0006 0.7025 -0.7117
vn -0.0000 -0.0092 -1.0000
vn 0.0006 -0.7117 -0.7025
vn -0.0565 -0.7099 0.7020
vn -0.0793 -0.9968 -0.0000
vn -0.0008 -0.0102 0.9999
vn 0.0555 0.6997 0.7123
vn 0.0790 0.9969 -0.0000
vn 0.0555 0.6997 -0.7123
vn -0.0008 -0.0102 -0.9999
vn -0.0565 -0.7099 -0.7020
vn -0.1221 -0.7026 0.7010
vn -0.1713 -0.9852 -0.0000
vn -0.0022 -0.0121 0.9999
vn 0.1196 0.6906 0.7133
vn 0.1706 0.9853 -0.0000
vn 0.1196 0.6906 -0.7133
vn -0.0022 -0.0121 -0.9999
vn -0.1221 -0.7026 -0.7010
vn -0.1989 -0.6860 0.6999
vn -0.2785 -0.9604 -0.0000
vn -0.0041 -0.0139 0.9999
vn 0.1943 0.6722 0.7144
vn 0.2776 0.9607 -0.0000
vn 0.1943 0.6722 -0.7144
vn -0.0041 -0.0139 -0.9999
vn -0.1989 -0.6860 -0.6999
vn -0.2861 -0.6557 0.6987
vn -0.4000 -0.9165 -0.0000
vn -0.0069 -0.0155 0.9999
vn 0.2787 0.6404 0.7157
vn 0.3990 0.9170 -0.0000
vn 0.2787 0.6404 -0.7157
vn -0.0069 -0.0155 -0.9999
vn -0.2861 -0.6557 -0.6987
vn -0.3802 -0.6072 0.6977
vn -0.5307 -0.8475 -0.0000
vn -0.0102 -0.0161 0.9998
vn 0.3695 0.5913 0.7168
vn 0.5299 0.8481 -0.0000
vn 0.3695 0.5913 -0.7168
vn -0.0102 -0.0161 -0.9998
vn -0.3802 -0.6072 -0.6977
vn -0.4733 -0.5385 0.6971
vn -0.6602 -0.7511 -0.0000
vn -0.0134 -0.0152 0.9998
vn 0.4597 0.5234 0.7175
vn 0.6599 0.7514 -0.0000
vn 0.4597 0.5234 -0.7174
vn -0.0134 -0.0152 -0.9998
vn -0.4733 -0.5385 -0.6971
vn -0.5567 -0.4520 0.6970
vn -0.7763 -0.6303 -0.0000
vn -0.0159 -0.0130 0.9998
vn 0.5408 0.4389 0.7176
vn 0.7765 0.6302 -0.0000
vn 0.5408 0.4389 -0.7176
vn -0.0159 -0.0130 -0.9998
vn -0.5567 -0.4520 -0.6970
vn -0.6230 -0.3542 0.6974
vn -0.8693 -0.4943 -0.0000
vn -0.0171 -0.0098 0.9998
vn 0.6061 0.3441 0.7171
vn 0.8697 0.4936 -0.0000
vn 0.6061 0.3441 -0.7171
vn -0.0171 -0.0098 -0.9998
vn -0.6230 -0.3542 -0.6974
vn -0.7093 -0.2078 0.6736
vn -0.9610 -0.2766 -0.0000
vn -0.0179 0.0281 0.9994
vn 0.5920 0.5023 0.6302
vn 0.7411 0.6714 -0.0000
vn 0.5920 0.5023 -0.6302
vn -0.0179 0.0281 -0.9994
vn -0.7093 -0.2078 -0.6736
vn -0.6040 0.4555 0.6540
vn -0.8095 0.5872 -0.0000
vn -0.1405 0.1302 0.9815
vn 0.3768 -0.1409 0.9155
vn 0.9975 -0.0706 -0.0000
vn 0.3768 -0.1409 -0.9155
vn -0.1405 0.1302 -0.9815
vn -0.6040 0.4555 -0.6540
vn 0.3205 0.6955 0.6431
vn 0.4364 0.8998 -0.0000
vn 0.0494 0.1740 0.9835
vn -0.3192 -0.2912 0.9018
vn -0.9669 -0.2550 -0.0000
vn -0.3192 -0.2912 -0.9018
vn 0.0494 0.1740 -0.9835
vn 0.3205 0.6955 -0.6431
vn 0.6424 0.3240 0.6946
vn 0.8880 0.4599 -0.0000
vn -0.0431 0.0301 0.9986
vn -0.7767 0.1427 0.6134
vn -0.9854 0.1701 -0.0000
vn -0.7767 0.1427 -0.6134
vn -0.0432 0.0301 -0.9986
vn 0.6424 0.3240 -0.6946
vn 0.6020 0.3521 0.7167
vn 0.8634 0.5046 -0.0000
vn -0.0162 -0.0097 0.9998
vn -0.6177 -0.3626 0.6978
vn -0.8624 -0.5063 -0.0000
vn -0.6177 -0.3626 -0.6978
vn -0.0162 -0.0097 -0.9998
vn 0.6020 0.3521 -0.7167
vn 0.5370 0.4437 0.7175
vn 0.7710 0.6368 -0.0000
vn -0.0156 -0.0130 0.9998
vn -0.5522 -0.4572 0.6971
vn -0.7702 -0.6378 -0.0000
vn -0.5522 -0.4572 -0.6971
vn -0.0156 -0.0130 -0.9998
vn 0.5370 0.4437 -0.7175
vn 0.4540 0.5279 0.7178
vn 0.6520 0.7582 -0.0000
vn -0.0136 -0.0157 0.9998
vn -0.4679 -0.5435 0.6969
vn -0.6524 -0.7579 -0.0000
vn -0.4679 -0.5435 -0.6969
vn -0.0136 -0.0157 -0.9998
vn 0.4540 0.5279 -0.7178
vn 0.3608 0.5964 0.7170
vn 0.5173 0.8558 -0.0000
vn -0.0102 -0.0165 0.9998
vn -0.3721 -0.6123 0.6976
vn -0.5194 -0.8545 -0.0000
vn -0.3721 -0.6123 -0.6976
vn -0.0102 -0.0165 -0.9998
vn 0.3608 0.5964 -0.7170
vn 0.2695 0.6446 0.7154
vn 0.3854 0.9227 -0.0000
vn -0.0066 -0.0152 0.9999
vn -0.2773 -0.6593 0.6989
vn -0.3878 -0.9217 -0.0000
vn -0.2773 -0.6593 -0.6989
vn -0.0066 -0.0152 -0.9999
vn 0.2695 0.6446 -0.7154
vn 0.1870 0.6745 0.7142
vn 0.2669 0.9637 -0.0000
vn -0.0039 -0.0135 0.9999
vn -0.1918 -0.6878 0.7001
vn -0.2687 -0.9632 -0.0000
vn -0.1918 -0.6878 -0.7001
vn -0.0039 -0.0135 -0.9999
vn 0.1870 0.6745 -0.7142
vn 0.1147 0.6917 0.7130
vn 0.1635 0.9865 -0.0000
vn -0.0020 -0.0116 0.9999
vn -0.1174 -0.7032 0.7012
vn -0.1647 -0.9863 -0.0000
vn -0.1174 -0.7032 -0.7012
vn -0.0020 -0.0116 -0.9999
vn 0.1147 0.6917 -0.7130
vn 0.0533 0.7002 0.7120
vn 0.0759 0.9971 -0.0000
vn -0.0007 -0.0098 1.0000
vn -0.0540 -0.7100 0.7021
vn -0.0758 -0.9971 -0.0000
vn -0.0540 -0.7100 -0.7021
vn -0.0007 -0.0098 -1.0000
vn 0.0533 0.7002 -0.7120
vn -0.0105 0.7009 0.7132
vn -0.0147 0.9999 -0.0000
vn 0.0004 -0.0125 0.9999
vn 0.0121 -0.7134 0.7007
vn 0.0172 -0.9999 -0.0000
vn 0.0121 -0.7134 -0.7007
vn 0.0004 -0.0125 -0.9999
vn -0.0105 0.7009 -0.7132
vn -0.1096 0.6871 0.7183
vn -0.1567 0.9877 -0.0000
vn 0.0042 -0.0224 0.9997
vn 0.1171 -0.7088 0.6956
vn 0.1634 -0.9866 -0.0000
vn 0.1171 -0.7088 -0.6956
vn 0.0042 -0.0224 -0.9997
vn -0.1096 0.6871 -0.7183
vn -0.2641 0.6368 0.7244
vn -0.3805 0.9248 -0.0000
vn 0.0150 -0.0321 0.9994
vn 0.2860 -0.6655 0.6895
vn 0.3952 -0.9186 -0.0000
vn 0.2860 -0.6655 -0.6895
vn 0.0150 -0.0321 -0.9994
vn -0.2641 0.6368 -0.7244
vn -0.4603 0.4993 0.7340
vn -0.6757 0.7372 -0.0000
vn 0.0349 -0.0357 0.9988
vn 0.5006 -0.5309 0.6837
vn 0.6862 -0.7274 -0.0000
vn 0.5006 -0.5309 -0.6837
vn 0.0349 -0.0357 -0.9988
vn -0.4603 0.4993 -0.7340
vn -0.6248 0.2568 0.7373
vn -0.9260 0.3774 -0.0000
vn 0.0481 -0.0215 0.9986
vn 0.6719 -0.2855 0.6834
vn 0.9203 -0.3913 -0.0000
vn 0.6719 -0.2855 -0.6834
vn 0.0481 -0.0215 -0.9986
vn -0.6248 0.2568 -0.7373
vn -0.6918 0.0265 0.7216
vn -0.9995 0.0305 -0.0000
vn 0.0292 -0.0044 0.9996
vn 0.7202 -0.0499 0.6920
vn 0.9975 -0.0701 -0.0000
vn 0.7202 -0.0499 -0.6920
vn 0.0292 -0.0044 -0.9996
vn -0.6918 0.0265 -0.7216
vn -0.6941 -0.0978 0.7132
vn -0.9897 -0.1432 -0.0000
vn 0.0163 0.0009 0.9999
vn 0.7103 0.0891 0.6982
vn 0.9923 0.1240 -0.0000
vn 0.7103 0.0891 -0.6982
vn 0.0163 0.0009 -0.9999
vn -0.6941 -0.0978 -0.7132
vn -0.6729 -0.1849 0.7163
vn -0.9644 -0.2644 -0.0000
vn 0.0174 0.0050 0.9998
vn 0.6898 0.1915 0.6982
vn 0.9635 0.2676 -0.0000
vn 0.6898 0.1915 -0.6982
vn 0.0174 0.0050 -0.9998
vn -0.6729 -0.1849 -0.7163
vn -0.6360 -0.2856 0.7169
vn -0.9124 -0.4093 -0.0000
vn 0.0174 0.0080 0.9998
vn 0.6531 0.2943 0.6977
vn 0.9117 0.4109 -0.0000
vn 0.6531 0.2943 -0.6977
vn 0.0174 0.0080 -0.9998
vn -0.6360 -0.2856 -0.7169
vn -0.5816 -0.3838 0.7173
vn -0.8343 -0.5514 -0.0000
vn 0.0163 0.0104 0.9998
vn 0.5990 0.3929 0.6977
vn 0.8363 0.5483 -0.0000
vn 0.5990 0.3929 -0.6977
vn 0.0163 0.0104 -0.9998
vn -0.5816 -0.3838 -0.7173
vn -0.5200 -0.4669 0.7153
vn -0.7433 -0.6690 -0.0000
vn 0.0125 0.0105 0.9999
vn 0.5348 0.4747 0.6991
vn 0.7480 0.6637 -0.0000
vn 0.5348 0.4747 -0.6991
vn 0.0125 0.0105 -0.9999
vn -0.5200 -0.4669 -0.7153
vn -0.4629 -0.5262 0.7134
vn -0.6601 -0.7512 -0.0000
vn 0.0087 0.0094 0.9999
vn 0.4730 0.5342 0.7007
vn 0.6631 0.7485 -0.0000
vn 0.4730 0.5342 -0.7007
vn 0.0087 0.0094 -0.9999
vn -0.4629 -0.5262 -0.7133
vn -0.4092 -0.5695 0.7129
vn -0.5833 -0.8123 -0.0000
vn 0.0068 0.0093 0.9999
vn 0.4166 0.5784 0.7014
vn 0.5845 0.8114 -0.0000
vn 0.4166 0.5784 -0.7014
vn 0.0068 0.0093 -0.9999
vn -0.4092 -0.5695 -0.7129
vn -0.3570 -0.6044 0.7123
vn -0.5084 -0.8611 -0.0000
vn 0.0053 0.0088 0.9999
vn 0.3628 0.6128 0.7020
vn 0.5095 0.8605 -0.0000
vn 0.3628 0.6128 -0.7020
vn 0.0053 0.0088 -0.9999
vn -0.3570 -0.6044 -0.7123
vn -0.3083 -0.6313 0.7116
vn -0.4388 -0.8986 -0.0000
vn 0.0040 0.0082 1.0000
vn 0.3125 0.6393 0.7026
vn 0.4392 0.8984 -0.0000
vn 0.3125 0.6393 -0.7026
vn 0.0040 0.0082 -1.0000
vn -0.3083 -0.6313 -0.7116
vn -0.2598 -0.6526 0.7118
vn -0.3698 -0.9291 -0.0000
vn 0.0035 0.0086 1.0000
vn 0.2635 0.6610 0.7026
vn 0.3704 0.9289 -0.0000
vn 0.2635 0.6610 -0.7026
vn 0.0035 0.0086 -1.0000
vn -0.2598 -0.6526 -0.7118
vn -0.2163 -0.6696 0.7105
vn -0.3073 -0.9516 -0.0000
vn 0.0022 0.0065 1.0000
vn 0.2190 0.6759 0.7037
vn 0.3084 0.9513 -0.0000
vn 0.2190 0.6759 -0.7037
vn 0.0022 0.0065 -1.0000
vn -0.2163 -0.6696 -0.7105
vn -0.1859 -0.6800 0.7093
vn -0.2637 -0.9646 -0.0000
vn 0.0012 0.0042 1.0000
vn 0.1873 0.6841 0.7049
vn 0.2641 0.9645 -0.0000
vn 0.1873 0.6841 -0.7049
vn 0.0012 0.0042 -1.0000
vn -0.1859 -0.6800 -0.7093
vn -0.1656 -0.6859 0.7086
vn -0.2347 -0.9721 -0.0000
vn 0.0007 0.0029 1.0000
vn 0.1664 0.6888 0.7056
vn 0.2348 0.9720 -0.0000
vn 0.1664 0.6888 -0.7056
vn 0.0007 0.0029 -1.0000
vn -0.1656 -0.6859 -0.7086
vn -0.1511 -0.6897 0.7082
vn -0.2141 -0.9768 -0.0000
vn 0.0005 0.0021 1.0000
vn 0.1516 0.6918 0.7060
vn 0.2140 0.9768 -0.0000
vn 0.1516 0.6918 -0.7060
vn 0.0005 0.0021 -1.0000
vn -0.1511 -0.6897 -0.7082
vn -0.1553 -0.6916 0.7054
vn -0.2191 -0.9757 -0.0000
vn -0.0008 -0.0034 1.0000
vn 0.1546 0.6882 0.7089
vn 0.2192 0.9757 -0.0000
vn 0.1546 0.6882 -0.7089
vn -0.0008 -0.0034 -1.0000
vn -0.1553 -0.6916 -0.7054
vn -0.1692 -0.6874 0.7063
vn -0.2390 -0.9710 -0.0000
vn -0.0004 -0.0015 1.0000
vn 0.1688 0.6859 0.7079
vn 0.2390 0.9710 -0.0000
vn 0.1688 0.6859 -0.7078
vn -0.0004 -0.0015 -1.0000
vn -0.1692 -0.6874 -0.7063
vn -0.1792 -0.6851 0.7061
vn -0.2531 -0.9674 -0.0000
vn -0.0005 -0.0020 1.0000
vn 0.1787 0.6831 0.7081
vn 0.2530 0.9675 -0.0000
vn 0.1787 0.6831 -0.7081
vn -0.0005 -0.0020 -1.0000
vn -0.1792 -0.6851 -0.7061
vn -0.1930 -0.6817 0.7057
vn -0.2724 -0.9622 -0.0000
vn -0.0008 -0.0027 1.0000
vn 0.1921 0.6790 0.7085
vn 0.2722 0.9622 -0.0000
vn 0.1921 0.6790 -0.7085
vn -0.0008 -0.0027 -1.0000
vn -0.1930 -0.6817 -0.7057
vn -0.2132 -0.6764 0.7050
vn -0.3006 -0.9538 -0.0000
vn -0.0013 -0.0041 1.0000
vn 0.2117 0.6724 0.7093
vn 0.3003 0.9539 -0.0000
vn 0.2117 0.6724 -0.7093
vn -0.0013 -0.0041 -1.0000
vn -0.2132 -0.6764 -0.7050
vn -0.2396 -0.6680 0.7045
vn -0.3376 -0.9413 -0.0000
vn -0.0018 -0.0049 1.0000
vn 0.2378 0.6631 0.7098
vn 0.3376 0.9413 -0.0000
vn 0.2378 0.6631 -0.7098
vn -0.0018 -0.0049 -1.0000
vn -0.2396 -0.6680 -0.7045
vn -0.2660 -0.6576 0.7048
vn -0.3750 -0.9270 -0.0000
vn -0.0017 -0.0042 1.0000
vn 0.2644 0.6534 0.7094
vn 0.3752 0.9270 -0.0000
vn 0.2644 0.6534 -0.7094
vn -0.0017 -0.0042 -1.0000
vn -0.2660 -0.6576 -0.7048
vn -0.2909 -0.6471 0.7047
vn -0.4101 -0.9120 -0.0000
vn -0.0020 -0.0043 1.0000
vn 0.2889 0.6428 0.7095
vn 0.4100 0.9121 -0.0000
vn 0.2889 0.6428 -0.7095
vn -0.0020 -0.0043 -1.0000
vn -0.2909 -0.6471 -0.7047
vn -0.3166 -0.6350 0.7046
vn -0.4462 -0.8950 -0.0000
vn -0.0022 -0.0044 1.0000
vn 0.3143 0.6306 0.7096
vn 0.4461 0.8950 -0.0000
vn 0.3143 0.6306 -0.7096
vn -0.0022 -0.0044 -1.0000
vn -0.3166 -0.6350 -0.7046
vn -0.3430 -0.6213 0.7045
vn -0.4833 -0.8754 -0.0000
vn -0.0025 -0.0045 1.0000
vn 0.3403 0.6169 0.7097
vn 0.4829 0.8757 -0.0000
vn 0.3403 0.6169 -0.7097
vn -0.0025 -0.0045 -1.0000
vn -0.3430 -0.6213 -0.7045
vn -0.3731 -0.6045 0.7038
vn -0.5253 -0.8509 -0.0000
vn -0.0035 -0.0056 1.0000
vn 0.3692 0.5992 0.7104
vn 0.5245 0.8514 -0.0000
vn 0.3692 0.5992 -0.7104
vn -0.0035 -0.0055 -1.0000
vn -0.3731 -0.6045 -0.7038
vn -0.4089 -0.5817 0.7032
vn -0.5751 -0.8181 -0.0000
vn -0.0046 -0.0065 1.0000
vn 0.4040 0.5754 0.7112
vn 0.5746 0.8185 -0.0000
vn 0.4040 0.5754 -0.7112
vn -0.0046 -0.0065 -1.0000
vn -0.4089 -0.5817 -0.7032
vn -0.4467 -0.5534 0.7030
vn -0.6282 -0.7781 -0.0000
vn -0.0052 -0.0064 1.0000
vn 0.4415 0.5470 0.7113
vn 0.6280 0.7782 -0.0000
vn 0.4415 0.5470 -0.7113
vn -0.0052 -0.0064 -1.0000
vn -0.4467 -0.5534 -0.7030
vn -0.4836 -0.5216 0.7029
vn -0.6799 -0.7333 -0.0000
vn -0.0057 -0.0062 1.0000
vn 0.4778 0.5154 0.7113
vn 0.6798 0.7334 -0.0000
vn 0.4778 0.5154 -0.7113
vn -0.0057 -0.0062 -1.0000
vn -0.4836 -0.5216 -0.7029
vn -0.5188 -0.4866 0.7029
vn -0.7294 -0.6841 -0.0000
vn -0.0062 -0.0058 1.0000
vn 0.5125 0.4809 0.7114
vn 0.7292 0.6843 -0.0000
vn 0.5125 0.4809 -0.7114
vn -0.0062 -0.0058 -1.0000
vn -0.5188 -0.4866 -0.7029
vn -0.5527 -0.4482 0.7026
vn -0.7767 -0.6298 -0.0000
vn -0.0070 -0.0056 1.0000
vn 0.5456 0.4427 0.7116
vn 0.7765 0.6301 -0.0000
vn 0.5456 0.4427 -0.7116
vn -0.0070 -0.0056 -1.0000
vn -0.5527 -0.4482 -0.7026
vn -0.5847 -0.4057 0.7025
vn -0.8216 -0.5701 -0.0000
vn -0.0076 -0.0053 1.0000
vn 0.5771 0.4004 0.7118
vn 0.8216 0.5701 -0.0000
vn 0.5771 0.4004 -0.7118
vn -0.0076 -0.0053 -1.0000
vn -0.5847 -0.4057 -0.7025
vn -0.6133 -0.3608 0.7027
vn -0.8619 -0.5071 -0.0000
vn -0.0077 -0.0046 1.0000
vn 0.6056 0.3561 0.7116
vn 0.8620 0.5068 -0.0000
vn 0.6056 0.3561 -0.7116
vn -0.0077 -0.0046 -1.0000
vn -0.6133 -0.3608 -0.7026
vn -0.6376 -0.3155 0.7028
vn -0.8962 -0.4436 -0.0000
vn -0.0077 -0.0038 1.0000
vn 0.6299 0.3115 0.7114
vn 0.8964 0.4432 -0.0000
vn 0.6299 0.3115 -0.7114
vn -0.0077 -0.0038 -1.0000
vn -0.6376 -0.3155 -0.7028
vn -0.6577 -0.2706 0.7030
vn -0.9248 -0.3805 -0.0000
vn -0.0076 -0.0031 1.0000
vn 0.6501 0.2675 0.7112
vn 0.9248 0.3805 -0.0000
vn 0.6501 0.2675 -0.7112
vn -0.0076 -0.0031 -1.0000
vn -0.6577 -0.2706 -0.7030
vn -0.6750 -0.2246 0.7028
vn -0.9489 -0.3157 -0.0000
vn -0.0082 -0.0027 1.0000
vn 0.6668 0.2220 0.7114
vn 0.9488 0.3159 -0.0000
vn 0.6668 0.2220 -0.7114
vn -0.0082 -0.0027 -1.0000
vn -0.6750 -0.2246 -0.7028
vn -0.6894 -0.1757 0.7027
vn -0.9690 -0.2470 -0.0000
vn -0.0086 -0.0022 1.0000
vn 0.6808 0.1734 0.7116
vn 0.9691 0.2468 -0.0000
vn 0.6808 0.1734 -0.7116
vn -0.0086 -0.0022 -1.0000
vn -0.6894 -0.1757 -0.7027
vn -0.6997 -0.1270 0.7030
vn -0.9839 -0.1785 -0.0000
vn -0.0081 -0.0015 1.0000
vn 0.6917 0.1252 0.7112
vn 0.9840 0.1781 -0.0000
vn 0.6917 0.1252 -0.7112
vn -0.0081 -0.0015 -1.0000
vn -0.6997 -0.1270 -0.7030
vn -0.7062 -0.0813 0.7033
vn -0.9934 -0.1145 -0.0000
vn -0.0075 -0.0009 1.0000
vn 0.6987 0.0802 0.7109
vn 0.9935 0.1140 -0.0000
vn 0.6987 0.0802 -0.7109
vn -0.0075 -0.0009 -1.0000
vn -0.7062 -0.0813 -0.7033
vn -0.7097 -0.0386 0.7035
vn -0.9985 -0.0542 -0.0000
vn -0.0069 -0.0002 1.0000
vn 0.7027 0.0394 0.7104
vn 0.9984 0.0563 -0.0000
vn 0.7027 0.0395 -0.7104
vn -0.0069 -0.0002 -1.0000
vn -0.7096 -0.0386 -0.7035
vn -0.7132 0.0198 0.7007
vn -0.9996 0.0280 -0.0000
vn -0.0128 0.0007 0.9999
vn 0.7005 -0.0167 0.7135
vn 0.9997 -0.0232 -0.0000
vn 0.7005 -0.0167 -0.7135
vn -0.0128 0.0007 -0.9999
vn -0.7132 0.0198 -0.7007
vn -0.7073 0.1206 0.6966
vn -0.9857 0.1682 -0.0000
vn -0.0213 0.0039 0.9998
vn 0.6862 -0.1150 0.7183
vn 0.9863 -0.1648 -0.0000
vn 0.6862 -0.1150 -0.7183
vn -0.0213 0.0039 -0.9998
vn -0.7073 0.1206 -0.6966
vn -0.6735 0.2511 0.6952
vn -0.9370 0.3494 -0.0000
vn -0.0227 0.0086 0.9997
vn 0.6510 -0.2418 0.7195
vn 0.9375 -0.3479 -0.0000
vn 0.6510 -0.2418 -0.7195
vn -0.0227 0.0086 -0.9997
vn -0.6735 0.2511 -0.6952
vn -0.6094 0.3821 0.6948
vn -0.8472 0.5312 -0.0000
vn -0.0214 0.0134 0.9997
vn 0.5879 -0.3686 0.7201
vn 0.8472 -0.5313 -0.0000
vn 0.5879 -0.3686 -0.7201
vn -0.0214 0.0134 -0.9997
vn -0.6094 0.3821 -0.6948
vn -0.5194 0.4968 0.6952
vn -0.7227 0.6912 -0.0000
vn -0.0176 0.0167 0.9997
vn 0.5013 -0.4806 0.7195
vn 0.7217 -0.6922 -0.0000
vn 0.5013 -0.4806 -0.7195
vn -0.0176 0.0167 -0.9997
vn -0.5194 0.4968 -0.6952
vn -0.4161 0.5847 0.6964
vn -0.5799 0.8147 -0.0000
vn -0.0128 0.0177 0.9998
vn 0.4026 -0.5676 0.7182
vn 0.5784 -0.8158 -0.0000
vn 0.4026 -0.5676 -0.7182
vn -0.0128 0.0177 -0.9998
vn -0.4161 0.5847 -0.6964
vn -0.3118 0.6450 0.6977
vn -0.4352 0.9003 -0.0000
vn -0.0084 0.0172 0.9998
vn 0.3026 -0.6282 0.7168
vn 0.4337 -0.9010 -0.0000
vn 0.3026 -0.6282 -0.7168
vn -0.0084 0.0172 -0.9998
vn -0.3118 0.6450 -0.6977
vn -0.2149 0.6820 0.6991
vn -0.3006 0.9538 -0.0000
vn -0.0049 0.0153 0.9999
vn 0.2093 -0.6668 0.7152
vn 0.2993 -0.9542 -0.0000
vn 0.2093 -0.6668 -0.7152
vn -0.0049 0.0153 -0.9999
vn -0.2149 0.6820 -0.6991
vn -0.1306 0.7016 0.7005
vn -0.1831 0.9831 -0.0000
vn -0.0025 0.0131 0.9999
vn 0.1277 -0.6886 0.7138
vn 0.1822 -0.9833 -0.0000
vn 0.1277 -0.6886 -0.7138
vn -0.0025 0.0131 -0.9999
vn -0.1306 0.7016 -0.7005
vn -0.0599 0.7100 0.7017
vn -0.0841 0.9965 -0.0000
vn -0.0010 0.0109 0.9999
vn 0.0586 -0.6991 0.7126
vn 0.0835 -0.9965 -0.0000
vn 0.0586 -0.6991 -0.7126
vn -0.0010 0.0109 -0.9999
vn -0.0599 0.7100 -0.7017
vn -0.0022 0.7115 0.7027
vn -0.0031 1.0000 -0.0000
vn -0.0000 0.0087 1.0000
vn 0.0020 -0.7027 0.7115
vn 0.0029 -1.0000 -0.0000
vn 0.0020 -0.7027 -0.7115
vn -0.0000 0.0087 -1.0000
vn -0.0022 0.7115 -0.7027
vn 0.0509 0.7099 0.7024
vn 0.0715 0.9974 -0.0000
vn 0.0007 0.0093 1.0000
vn -0.0500 -0.7006 0.7118
vn -0.0712 -0.9975 -0.0000
vn -0.0500 -0.7006 -0.7118
vn 0.0007 0.0093 -1.0000
vn 0.0509 0.7099 -0.7024
vn 0.1122 0.7040 0.7013
vn 0.1574 0.9875 -0.0000
vn 0.0019 0.0115 0.9999
vn -0.1099 -0.6926 0.7129
vn -0.1566 -0.9877 -0.0000
vn -0.1099 -0.6926 -0.7129
vn 0.0019 0.0115 -0.9999
vn 0.1122 0.7040 -0.7013
vn 0.1874 0.6892 0.6999
vn 0.2625 0.9649 -0.0000
vn 0.0039 0.0139 0.9999
vn -0.1828 -0.6755 0.7144
vn -0.2611 -0.9653 -0.0000
vn -0.1828 -0.6755 -0.7144
vn 0.0039 0.0139 -0.9999
vn 0.1874 0.6892 -0.6999
vn 0.2782 0.6596 0.6982
vn 0.3887 0.9214 -0.0000
vn 0.0071 0.0165 0.9998
vn -0.2700 -0.6436 0.7162
vn -0.3866 -0.9222 -0.0000
vn -0.2700 -0.6436 -0.7162
vn 0.0071 0.0165 -0.9998
vn 0.2782 0.6596 -0.6982
vn 0.3819 0.6074 0.6966
vn 0.5323 0.8466 -0.0000
vn 0.0116 0.0182 0.9998
vn -0.3695 -0.5897 0.7181
vn -0.5308 -0.8475 -0.0000
vn -0.3695 -0.5897 -0.7181
vn 0.0116 0.0182 -0.9998
vn 0.3819 0.6074 -0.6966
vn 0.4850 0.5293 0.6961
vn 0.6756 0.7373 -0.0000
vn 0.0152 0.0166 0.9997
vn -0.4698 -0.5127 0.7186
vn -0.6756 -0.7373 -0.0000
vn -0.4698 -0.5127 -0.7186
vn 0.0152 0.0166 -0.9997
vn 0.4850 0.5293 -0.6961
vn 0.5720 0.4332 0.6965
vn 0.7972 0.6037 -0.0000
vn 0.0172 0.0131 0.9998
vn -0.5552 -0.4196 0.7181
vn -0.7979 -0.6028 -0.0000
vn -0.5552 -0.4196 -0.7181
vn 0.0172 0.0131 -0.9998
vn 0.5720 0.4332 -0.6965
vn 0.6359 0.3304 0.6975
vn 0.8873 0.4612 -0.0000
vn 0.0173 0.0091 0.9998
vn -0.6190 -0.3206 0.7170
vn -0.8880 -0.4598 -0.0000
vn -0.6190 -0.3206 -0.7170
vn 0.0173 0.0091 -0.9998
vn 0.6359 0.3304 -0.6975
vn 0.7158 0.1825 0.6740
vn 0.9702 0.2423 -0.0000
vn 0.0159 -0.0310 0.9994
vn -0.5943 -0.5063 0.6249
vn -0.7420 -0.6703 -0.0000
vn -0.5943 -0.5063 -0.6249
vn 0.0159 -0.0310 -0.9994
vn 0.7158 0.1825 -0.6740
vn 0.5899 -0.4736 0.6540
vn 0.7913 -0.6114 -0.0000
vn 0.1366 -0.1353 0.9814
vn -0.3626 0.1416 0.9211
vn -0.9984 0.0572 -0.0000
vn -0.3626 0.1416 -0.9211
vn 0.1366 -0.1353 -0.9814
vn 0.5899 -0.4736 -0.6540
vn -0.3304 -0.6911 0.6428
vn -0.4494 -0.8933 -0.0000
vn -0.0471 -0.1810 0.9823
vn 0.2497 0.2535 0.9345
vn -0.0608 0.9981 -0.0000
vn 0.2497 0.2535 -0.9345
vn -0.0471 -0.1810 -0.9823
vn -0.3304 -0.6911 -0.6428
vn -0.6462 -0.3175 0.6940
vn -0.8929 -0.4503 -0.0000
vn 0.0505 -0.0445 0.9977
vn 0.7145 -0.3284 0.6178
vn 0.9194 -0.3932 -0.0000
vn 0.7145 -0.3284 -0.6178
vn 0.0505 -0.0445 -0.9977
vn -0.6462 -0.3175 -0.6940
vn -0.6111 -0.3370 0.7162
vn -0.8758 -0.4826 -0.0000
vn 0.0156 0.0088 0.9998
vn 0.6263 0.3466 0.6983
vn 0.8749 0.4843 -0.0000
vn 0.6263 0.3466 -0.6983
vn 0.0156 0.0088 -0.9998
vn -0.6111 -0.3370 -0.7162
vn -0.5523 -0.4256 0.7168
vn -0.7922 -0.6103 -0.0000
vn 0.0151 0.0117 0.9998
vn 0.5670 0.4378 0.6977
vn 0.7915 0.6111 -0.0000
vn 0.5670 0.4378 -0.6977
vn 0.0151 0.0117 -0.9998
vn -0.5523 -0.4256 -0.7168
vn -0.4782 -0.5073 0.7169
vn -0.6860 -0.7276 -0.0000
vn 0.0133 0.0141 0.9998
vn 0.4913 0.5216 0.6976
vn 0.6856 0.7279 -0.0000
vn 0.4913 0.5216 -0.6976
vn 0.0132 0.0141 -0.9998
vn -0.4782 -0.5073 -0.7169
vn -0.3904 -0.5772 0.7172
vn -0.5601 -0.8284 -0.0000
vn 0.0111 0.0163 0.9998
vn 0.4018 0.5934 0.6974
vn 0.5607 0.8280 -0.0000
vn 0.4018 0.5934 -0.6974
vn 0.0111 0.0163 -0.9998
vn -0.3904 -0.5772 -0.7172
vn -0.2950 -0.6321 0.7165
vn -0.4225 -0.9064 -0.0000
vn 0.0080 0.0167 0.9998
vn 0.3041 0.6483 0.6980
vn 0.4248 0.9053 -0.0000
vn 0.3041 0.6483 -0.6980
vn 0.0080 0.0167 -0.9998
vn -0.2950 -0.6321 -0.7165
vn -0.2041 -0.6687 0.7150
vn -0.2916 -0.9565 -0.0000
vn 0.0048 0.0149 0.9999
vn 0.2103 0.6832 0.6993
vn 0.2943 0.9557 -0.0000
vn 0.2103 0.6832 -0.6993
vn 0.0048 0.0149 -0.9999
vn -0.2041 -0.6687 -0.7150
vn -0.1248 -0.6893 0.7136
vn -0.1779 -0.9840 -0.0000
vn 0.0025 0.0128 0.9999
vn 0.1282 0.7019 0.7006
vn 0.1797 0.9837 -0.0000
vn 0.1282 0.7019 -0.7006
vn 0.0025 0.0128 -0.9999
vn -0.1248 -0.6893 -0.7136
vn -0.0578 -0.6994 0.7124
vn -0.0823 -0.9966 -0.0000
vn 0.0009 0.0107 0.9999
vn 0.0587 0.7101 0.7017
vn 0.0823 0.9966 -0.0000
vn 0.0587 0.7101 -0.7017
vn 0.0009 0.0107 -0.9999
vn -0.0578 -0.6994 -0.7124
vn 0.0100 -0.7006 0.7135
vn 0.0140 -0.9999 -0.0000
vn -0.0005 0.0131 0.9999
vn -0.0120 0.7137 0.7004
vn -0.0169 0.9999 -0.0000
vn -0.0120 0.7137 -0.7004
vn -0.0005 0.0131 -0.9999
vn 0.0100 -0.7006 -0.7135
vn 0.1123 -0.6864 0.7185
vn 0.1604 -0.9871 -0.0000
vn -0.0045 0.0230 0.9997
vn -0.1208 0.7085 0.6953
vn -0.1684 0.9857 -0.0000
vn -0.1208 0.7085 -0.6953
vn -0.0045 0.0230 -0.9997
vn 0.1123 -0.6864 -0.7185
vn 0.2695 -0.6341 0.7247
vn 0.3881 -0.9216 -0.0000
vn -0.0157 0.0325 0.9993
vn -0.2933 0.6626 0.6892
vn -0.4052 0.9142 -0.0000
vn -0.2933 0.6626 -0.6892
vn -0.0157 0.0325 -0.9993
vn 0.2695 -0.6341 -0.7247
vn 0.4666 -0.4930 0.7344
vn 0.6851 -0.7285 -0.0000
vn -0.0354 0.0353 0.9987
vn -0.5077 0.5241 0.6838
vn -0.6960 0.7181 -0.0000
vn -0.5077 0.5241 -0.6838
vn -0.0354 0.0353 -0.9987
vn 0.4666 -0.4930 -0.7344
vn 0.6283 -0.2499 0.7368
vn 0.9306 -0.3661 -0.0000
vn -0.0473 0.0208 0.9987
vn -0.6740 0.2794 0.6838
vn -0.9237 0.3832 -0.0000
vn -0.6740 0.2794 -0.6838
vn -0.0473 0.0208 -0.9987
vn 0.6283 -0.2499 -0.7368
vn 0.6928 -0.0259 0.7207
vn 0.9996 -0.0290 -0.0000
vn -0.0276 0.0046 0.9996
vn -0.7194 0.0511 0.6927
vn -0.9974 0.0719 -0.0000
vn -0.7194 0.0511 -0.6927
vn -0.0276 0.0046 -0.9996
vn 0.6928 -0.0259 -0.7207
vn 0.6964 0.0878 0.7122
vn 0.9917 0.1288 -0.0000
vn -0.0144 -0.0004 0.9999
vn -0.7107 -0.0781 0.6991
vn -0.9941 -0.1087 -0.0000
vn -0.7107 -0.0781 -0.6991
vn -0.0144 -0.0004 -0.9999
vn 0.6964 0.0878 -0.7122
vn 0.6792 0.1644 0.7153
vn 0.9721 0.2345 -0.0000
vn -0.0158 -0.0041 0.9999
vn -0.6945 -0.1704 0.6991
vn -0.9712 -0.2384 -0.0000
vn -0.6945 -0.1704 -0.6991
vn -0.0158 -0.0041 -0.9999
vn 0.6792 0.1644 -0.7153
vn 0.6487 0.2574 0.7162
vn 0.9298 0.3682 -0.0000
vn -0.0164 -0.0068 0.9998
vn -0.6646 -0.2658 0.6984
vn -0.9284 -0.3715 -0.0000
vn -0.6646 -0.2658 -0.6983
vn -0.0164 -0.0068 -0.9998
vn 0.6487 0.2574 -0.7162
vn 0.6013 0.3527 0.7170
vn 0.8624 0.5062 -0.0000
vn -0.0162 -0.0093 0.9998
vn -0.6181 -0.3615 0.6980
vn -0.8632 -0.5048 -0.0000
vn -0.6181 -0.3615 -0.6980
vn -0.0162 -0.0093 -0.9998
vn 0.6013 0.3527 -0.7170
vn 0.5436 0.4386 0.7156
vn 0.7774 0.6290 -0.0000
vn -0.0134 -0.0101 0.9999
vn -0.5590 -0.4462 0.6989
vn -0.7817 -0.6237 -0.0000
vn -0.5590 -0.4462 -0.6989
vn -0.0134 -0.0101 -0.9999
vn 0.5436 0.4386 -0.7156
vn 0.4863 0.5039 0.7138
vn 0.6938 0.7201 -0.0000
vn -0.0098 -0.0096 0.9999
vn -0.4978 -0.5117 0.7002
vn -0.6974 -0.7166 -0.0000
vn -0.4978 -0.5117 -0.7002
vn -0.0098 -0.0096 -0.9999
vn 0.4863 0.5039 -0.7138
vn 0.4312 0.5526 0.7133
vn -0.0077 -0.0095 0.9999
vn -0.4397 -0.5614 0.7010
vn -0.6167 -0.7872 -0.0000
vn -0.4397 -0.5614 -0.7010
vn -0.0077 -0.0095 -0.9999
vn 0.4311 0.5526 -0.7133
vn 0.3776 0.5914 0.7125
vn 0.5380 0.8430 -0.0000
vn -0.0059 -0.0090 0.9999
vn -0.3843 -0.5999 0.7017
vn -0.5395 -0.8420 -0.0000
vn -0.3843 -0.5999 -0.7017
vn -0.0059 -0.0090 -0.9999
vn 0.3776 0.5914 -0.7125
vn 0.3280 0.6211 0.7118
vn 0.4669 0.8843 -0.0000
vn -0.0044 -0.0083 1.0000
vn -0.3327 -0.6293 0.7024
vn -0.4674 -0.8841 -0.0000
vn -0.3327 -0.6293 -0.7024
vn -0.0044 -0.0083 -1.0000
vn 0.3280 0.6211 -0.7118
vn 0.2775 0.6448 0.7122
vn 0.3953 0.9186 -0.0000
vn -0.0040 -0.0091 1.0000
vn -0.2818 -0.6538 0.7023
vn -0.3959 -0.9183 -0.0000
vn -0.2818 -0.6538 -0.7023
vn -0.0040 -0.0091 -1.0000
vn 0.2775 0.6448 -0.7122
vn 0.2312 0.6643 0.7108
vn 0.3286 0.9445 -0.0000
vn -0.0026 -0.0070 1.0000
vn -0.2344 -0.6710 0.7034
vn -0.3299 -0.9440 -0.0000
vn -0.2344 -0.6710 -0.7034
vn -0.0026 -0.0070 -1.0000
vn 0.2312 0.6643 -0.7108
vn 0.1984 0.6763 0.7095
vn 0.2814 0.9596 -0.0000
vn -0.0014 -0.0045 1.0000
vn -0.2001 -0.6807 0.7047
vn -0.2820 -0.9594 -0.0000
vn -0.2001 -0.6807 -0.7047
vn -0.0014 -0.0045 -1.0000
vn 0.1984 0.6763 -0.7095
vn 0.1761 0.6831 0.7088
vn 0.2496 0.9684 -0.0000
vn -0.0009 -0.0032 1.0000
vn -0.1770 -0.6863 0.7054
vn -0.2497 -0.9683 -0.0000
vn -0.1770 -0.6863 -0.7054
vn -0.0009 -0.0033 -1.0000
vn 0.1761 0.6831 -0.7088
vn 0.1595 0.6876 0.7084
vn 0.2260 0.9741 -0.0000
vn -0.0006 -0.0025 1.0000
vn -0.1601 -0.6900 0.7058
vn -0.2261 -0.9741 -0.0000
vn -0.1601 -0.6900 -0.7058
vn -0.0006 -0.0025 -1.0000
vn 0.1595 0.6876 -0.7084
vn 0.1527 0.6905 0.7071
vn 0.2159 0.9764 -0.0000
vn -0.0000 -0.0000 1.0000
vn -0.1527 -0.6904 0.7071
vn -0.2159 -0.9764 -0.0000
vn -0.1527 -0.6904 -0.7071
vn -0.0000 -0.0000 -1.0000
vn 0.1527 0.6905 -0.7071
vn 0.1604 0.6900 0.7058
vn 0.2265 0.9740 -0.0000
vn 0.0006 0.0025 1.0000
vn -0.1598 -0.6875 0.7084
vn -0.2264 -0.9740 -0.0000
vn -0.1598 -0.6875 -0.7084
vn 0.0006 0.0025 -1.0000
vn 0.1604 0.6900 -0.7058
vn 0.1776 0.6862 0.7054
vn 0.2505 0.9681 -0.0000
vn 0.0009 0.0033 1.0000
vn -0.1766 -0.6829 0.7088
vn -0.2504 -0.9681 -0.0000
vn -0.1766 -0.6829 -0.7088
vn 0.0009 0.0033 -1.0000
vn 0.1776 0.6862 -0.7054
vn 0.2003 0.6806 0.7048
vn 0.2823 0.9593 -0.0000
vn 0.0013 0.0044 1.0000
vn -0.1988 -0.6762 0.7094
vn -0.1988 -0.6762 -0.7094
vn 0.0013 0.0044 -1.0000
vn 0.2003 0.6806 -0.7048
vn 0.2316 0.6715 0.7038
vn 0.3260 0.9454 -0.0000
vn 0.0022 0.0062 1.0000
vn -0.2292 -0.6654 0.7104
vn -0.3256 -0.9455 -0.0000
vn -0.2292 -0.6654 -0.7104
vn 0.0022 0.0062 -1.0000
vn 0.2316 0.6715 -0.7038
vn 0.2708 0.6573 0.7033
vn 0.3809 0.9246 -0.0000
vn 0.0030 0.0072 1.0000
vn -0.2677 -0.6502 0.7110
vn -0.3808 -0.9247 -0.0000
vn -0.2677 -0.6502 -0.7110
vn 0.0030 0.0072 -1.0000
vn 0.2708 0.6573 -0.7033
vn 0.3108 0.6392 0.7034
vn 0.4373 0.8993 -0.0000
vn 0.0032 0.0066 1.0000
vn -0.3075 -0.6327 0.7107
vn -0.4372 -0.8994 -0.0000
vn -0.3075 -0.6327 -0.7107
vn 0.0032 0.0066 -1.0000
vn 0.3108 0.6392 -0.7034
vn 0.3513 0.6184 0.7030
vn 0.4941 0.8694 -0.0000
vn 0.0041 0.0072 1.0000
vn -0.3470 -0.6113 0.7113
vn -0.4935 -0.8697 -0.0000
vn -0.3470 -0.6113 -0.7113
vn 0.0041 0.0072 -1.0000
vn 0.3513 0.6184 -0.7030
vn 0.3954 0.5918 0.7025
vn 0.5556 0.8314 -0.0000
vn 0.0052 0.0077 1.0000
vn -0.3899 -0.5843 0.7118
vn -0.5550 -0.8319 -0.0000
vn -0.3899 -0.5843 -0.7118
vn 0.0052 0.0077 -1.0000
vn 0.3954 0.5918 -0.7025
vn 0.4426 0.5581 0.7019
vn 0.6214 0.7835 -0.0000
vn 0.0066 0.0082 0.9999
vn -0.4358 -0.5501 0.7124
vn -0.6209 -0.7839 -0.0000
vn -0.4358 -0.5501 -0.7124
vn 0.0066 0.0082 -0.9999
vn 0.4426 0.5581 -0.7019
vn 0.4901 0.5172 0.7017
vn 0.6879 0.7259 -0.0000
vn 0.0075 0.0080 0.9999
vn -0.4825 -0.5092 0.7127
vn -0.6878 -0.7259 -0.0000
vn -0.4825 -0.5092 -0.7127
vn 0.0075 0.0080 -0.9999
vn 0.4901 0.5172 -0.7017
vn 0.5339 0.4716 0.7018
vn 0.7495 0.6620 -0.0000
vn 0.0080 0.0071 0.9999
vn -0.5260 -0.4645 0.7125
vn -0.7496 -0.6619 -0.0000
vn -0.5260 -0.4645 -0.7125
vn 0.0080 0.0071 -0.9999
vn 0.5339 0.4716 -0.7018
vn 0.5731 0.4230 0.7018
vn 0.8046 0.5939 -0.0000
vn 0.0086 0.0063 0.9999
vn -0.5646 -0.4167 0.7125
vn -0.8046 -0.5938 -0.0000
vn -0.5646 -0.4167 -0.7125
vn 0.0086 0.0063 -0.9999
vn 0.5731 0.4230 -0.7018
vn 0.6077 0.3716 0.7019
vn 0.8532 0.5217 -0.0000
vn 0.0090 0.0055 0.9999
vn -0.5988 -0.3660 0.7124
vn -0.8533 -0.5215 -0.0000
vn -0.5988 -0.3660 -0.7124
vn 0.0090 0.0055 -0.9999
vn 0.6077 0.3716 -0.7019
vn 0.6371 0.3183 0.7020
vn 0.8945 0.4470 -0.0000
vn 0.0092 0.0046 0.9999
vn -0.6279 -0.3137 0.7122
vn -0.8946 -0.4469 -0.0000
vn -0.6279 -0.3137 -0.7122
vn 0.0092 0.0046 -0.9999
vn 0.6371 0.3183 -0.7020
vn -0.0000 -0.7440 0.6682
vn -0.6208 -0.4178 0.6633
vn -0.8287 -0.5597 -0.0000
vn -0.0000 -1.0000 -0.0000
vn -0.0000 -0.2333 0.9724
vn 0.0373 -0.0641 0.9972
vn -0.0000 -0.5030 0.8643
vn 0.7804 -0.2593 0.5690
vn 0.9574 -0.2889 -0.0000
vn -0.0000 -0.5030 -0.8643
vn 0.7804 -0.2593 -0.5690
vn -0.0000 -0.2333 -0.9724
vn 0.0373 -0.0641 -0.9972
vn -0.0000 -0.7440 -0.6682
vn -0.6208 -0.4178 -0.6633
vn -0.6342 -0.2999 0.7126
vn -0.9061 -0.4231 -0.0000
vn 0.0175 0.0115 0.9998
vn 0.6429 0.3249 0.6937
vn 0.8920 0.4520 -0.0000
vn 0.6429 0.3249 -0.6937
vn 0.0175 0.0115 -0.9998
vn -0.6342 -0.2999 -0.7126
vn -0.5119 -0.4462 0.7341
vn -0.7948 -0.6069 -0.0000
vn 0.0419 0.0521 0.9978
vn 0.4927 0.5469 0.6769
vn 0.6692 0.7431 -0.0000
vn 0.4927 0.5469 -0.6769
vn 0.0419 0.0521 -0.9978
vn -0.5119 -0.4462 -0.7341
vn -0.0582 -0.6066 0.7929
vn 0.0220 -0.9998 -0.0000
vn 0.0171 0.0780 0.9968
vn 0.1204 0.7279 0.6750
vn 0.1632 0.9866 -0.0000
vn 0.1204 0.7279 -0.6750
vn 0.0171 0.0780 -0.9968
vn -0.0582 -0.6066 -0.7929
vn 0.3239 -0.6349 0.7014
vn 0.4940 -0.8695 -0.0000
vn -0.0010 0.0320 0.9995
vn -0.2025 0.6967 0.6882
vn -0.2774 0.9607 -0.0000
vn -0.2025 0.6967 -0.6882
vn -0.0010 0.0320 -0.9995
vn 0.3239 -0.6349 -0.7014
vn 0.3386 -0.6142 0.7128
vn 0.4847 -0.8747 -0.0000
vn -0.0056 0.0128 0.9999
vn -0.3373 0.6301 0.6994
vn -0.4713 0.8820 -0.0000
vn -0.3373 0.6301 -0.6994
vn -0.0056 0.0128 -0.9999
vn 0.3386 -0.6142 -0.7128
vn 0.3953 -0.5798 0.7125
vn 0.5635 -0.8261 -0.0000
vn -0.0060 0.0090 0.9999
vn -0.4008 0.5891 0.7016
vn -0.5624 0.8268 -0.0000
vn -0.4008 0.5891 -0.7016
vn -0.0060 0.0090 -0.9999
vn 0.3953 -0.5798 -0.7125
vn 0.4444 -0.5431 0.7124
vn 0.6332 -0.7740 -0.0000
vn -0.0067 0.0082 0.9999
vn -0.4510 0.5513 0.7019
vn -0.6332 0.7740 -0.0000
vn -0.4510 0.5513 -0.7019
vn -0.0067 0.0082 -0.9999
vn 0.4444 -0.5431 -0.7124
vn 0.4897 -0.5027 0.7124
vn 0.6978 -0.7163 -0.0000
vn -0.0074 0.0076 0.9999
vn -0.4971 0.5102 0.7019
vn -0.6978 0.7163 -0.0000
vn -0.4971 0.5102 -0.7019
vn -0.0074 0.0076 -0.9999
vn 0.4897 -0.5027 -0.7124
vn 0.5315 -0.4582 0.7125
vn 0.7574 -0.6530 -0.0000
vn -0.0080 0.0069 0.9999
vn -0.5395 0.4651 0.7018
vn -0.7574 0.6530 -0.0000
vn -0.5395 0.4651 -0.7018
vn -0.0080 0.0069 -0.9999
vn 0.5315 -0.4582 -0.7125
vn 0.5695 -0.4099 0.7125
vn 0.8116 -0.5842 -0.0000
vn -0.0087 0.0062 0.9999
vn -0.5782 0.4162 0.7018
vn -0.8116 0.5842 -0.0000
vn -0.5782 0.4162 -0.7018
vn -0.0087 0.0063 -0.9999
vn 0.5695 -0.4099 -0.7125
vn 0.6034 -0.3580 0.7126
vn 0.8600 -0.5103 -0.0000
vn -0.0093 0.0055 0.9999
vn -0.6127 0.3635 0.7017
vn -0.8600 0.5102 -0.0000
vn -0.6127 0.3635 -0.7017
vn -0.0093 0.0055 -0.9999
vn 0.6034 -0.3580 -0.7126
vn 0.6329 -0.3027 0.7126
vn 0.9021 -0.4314 -0.0000
vn -0.0099 0.0047 0.9999
vn -0.6428 0.3073 0.7017
vn -0.9022 0.4313 -0.0000
vn -0.6428 0.3073 -0.7017
vn -0.0099 0.0047 -0.9999
vn 0.6329 -0.3027 -0.7126
vn 0.6577 -0.2440 0.7127
vn 0.9376 -0.3478 -0.0000
vn -0.0105 0.0039 0.9999
vn -0.6681 0.2478 0.7016
vn -0.9376 0.3477 -0.0000
vn -0.6681 0.2478 -0.7016
vn -0.0105 0.0039 -0.9999
vn 0.6577 -0.2440 -0.7127
vn 0.6773 -0.1820 0.7129
vn 0.9657 -0.2596 -0.0000
vn -0.0110 0.0029 0.9999
vn -0.6883 0.1849 0.7014
vn -0.9658 0.2594 -0.0000
vn -0.6883 0.1849 -0.7014
vn -0.0110 0.0029 -0.9999
vn 0.6773 -0.1820 -0.7128
vn 0.6913 -0.1169 0.7130
vn 0.9860 -0.1668 -0.0000
vn -0.0116 0.0019 0.9999
vn -0.7029 0.1188 0.7013
vn -0.9860 0.1666 -0.0000
vn -0.7029 0.1188 -0.7013
vn -0.0116 0.0019 -0.9999
vn 0.6913 -0.1169 -0.7130
vn 0.6992 -0.0486 0.7132
vn 0.9976 -0.0694 -0.0000
vn -0.0121 0.0008 0.9999
vn -0.7114 0.0493 0.7011
vn -0.9976 0.0691 -0.0000
vn -0.7114 0.0493 -0.7011
vn -0.0121 0.0008 -0.9999
vn 0.6992 -0.0486 -0.7132
vn 0.7002 0.0232 0.7135
vn 0.9995 0.0330 -0.0000
vn -0.0128 -0.0005 0.9999
vn -0.7130 -0.0238 0.7008
vn -0.9994 -0.0334 -0.0000
vn -0.7130 -0.0238 -0.7008
vn -0.0128 -0.0005 -0.9999
vn 0.7002 0.0232 -0.7135
vn 0.6931 0.0989 0.7140
vn 0.9900 0.1412 -0.0000
vn -0.0136 -0.0020 0.9999
vn -0.7066 -0.1012 0.7003
vn -0.9899 -0.1419 -0.0000
vn -0.7066 -0.1012 -0.7003
vn -0.0136 -0.0020 -0.9999
vn 0.6931 0.0989 -0.7140
vn 0.6760 0.1800 0.7146
vn 0.9664 0.2571 -0.0000
vn -0.0147 -0.0041 0.9999
vn -0.6904 -0.1853 0.6993
vn -0.9658 -0.2593 -0.0000
vn -0.6904 -0.1853 -0.6993
vn -0.0147 -0.0041 -0.9999
vn 0.6760 0.1800 -0.7146
vn 0.7237 0.2373 0.6481
vn 0.9564 0.2920 -0.0000
vn -0.0304 -0.0725 0.9969
vn -0.6638 -0.4835 0.5706
vn -0.8030 -0.5960 -0.0000
vn -0.6638 -0.4835 -0.5706
vn -0.0304 -0.0725 -0.9969
vn 0.7236 0.2373 -0.6481
vn 0.3584 -0.4933 0.7926
vn 0.5878 -0.8090 -0.0000
vn 0.0831 -0.1143 0.9900
vn 0.1281 -0.1763 0.9760
vn 0.1281 -0.1763 -0.9760
vn 0.0831 -0.1143 -0.9900
vn 0.3584 -0.4933 -0.7926
vn -0.4493 -0.6149 0.6481
vn -0.5732 -0.8194 -0.0000
vn 0.0784 0.0065 0.9969
vn 0.6650 0.4819 0.5706
vn 0.8149 0.5795 -0.0000
vn 0.6650 0.4819 -0.5706
vn 0.0784 0.0065 -0.9969
vn -0.4493 -0.6149 -0.6481
vn -0.3801 -0.5872 0.7146
vn -0.5431 -0.8397 -0.0000
vn 0.0085 0.0127 0.9999
vn 0.3895 0.5993 0.6993
vn 0.5451 0.8384 -0.0000
vn 0.3895 0.5993 -0.6993
vn 0.0085 0.0127 -0.9999
vn -0.3801 -0.5872 -0.7146
vn -0.3083 -0.6286 0.7140
vn -0.4403 -0.8979 -0.0000
vn 0.0061 0.0123 0.9999
vn 0.3146 0.6408 0.7003
vn 0.4408 0.8976 -0.0000
vn 0.3146 0.6408 -0.7003
vn 0.0061 0.0123 -0.9999
vn -0.3083 -0.6286 -0.7140
vn -0.2384 -0.6588 0.7135
vn -0.3403 -0.9403 -0.0000
vn 0.0044 0.0120 0.9999
vn 0.2430 0.6707 0.7008
vn 0.3406 0.9402 -0.0000
vn 0.2430 0.6707 -0.7008
vn 0.0044 0.0120 -0.9999
vn -0.2384 -0.6588 -0.7135
vn -0.1698 -0.6800 0.7132
vn -0.2423 -0.9702 -0.0000
vn 0.0030 0.0118 0.9999
vn 0.1730 0.6918 0.7011
vn 0.2426 0.9701 -0.0000
vn 0.1730 0.6918 -0.7011
vn 0.0030 0.0118 -0.9999
vn -0.1698 -0.6800 -0.7132
vn -0.1024 -0.6936 0.7130
vn -0.1461 -0.9893 -0.0000
vn 0.0017 0.0116 0.9999
vn 0.1043 0.7052 0.7013
vn 0.1463 0.9892 -0.0000
vn 0.1043 0.7052 -0.7013
vn 0.0017 0.0116 -0.9999
vn -0.1024 -0.6936 -0.7130
vn -0.0362 -0.7004 0.7129
vn -0.0515 -0.9987 -0.0000
vn 0.0006 0.0114 0.9999
vn 0.0368 0.7118 0.7015
vn 0.0517 0.9987 -0.0000
vn 0.0368 0.7118 -0.7015
vn 0.0006 0.0114 -0.9999
vn -0.0362 -0.7004 -0.7128
vn 0.0288 -0.7009 0.7127
vn 0.0411 -0.9992 -0.0000
vn -0.0004 0.0111 0.9999
vn -0.0292 0.7120 0.7016
vn -0.0409 0.9992 -0.0000
vn -0.0292 0.7120 -0.7016
vn -0.0004 0.0111 -0.9999
vn 0.0288 -0.7009 -0.7127
vn 0.0923 -0.6954 0.7126
vn 0.1315 -0.9913 -0.0000
vn -0.0014 0.0109 0.9999
vn -0.0937 0.7063 0.7017
vn -0.1314 0.9913 -0.0000
vn -0.0937 0.7063 -0.7017
vn -0.0014 0.0109 -0.9999
vn 0.0923 -0.6954 -0.7126
vn 0.1540 -0.6845 0.7126
vn 0.2196 -0.9756 -0.0000
vn -0.0024 0.0106 0.9999
vn -0.1564 0.6951 0.7017
vn -0.2195 0.9756 -0.0000
vn -0.1564 0.6951 -0.7017
vn -0.0024 0.0106 -0.9999
vn 0.1540 -0.6845 -0.7126
vn 0.2139 -0.6683 0.7125
vn 0.3048 -0.9524 -0.0000
vn -0.0033 0.0102 0.9999
vn -0.2171 0.6785 0.7018
vn -0.3048 0.9524 -0.0000
vn -0.2171 0.6785 -0.7018
vn -0.0033 0.0102 -0.9999
vn 0.2139 -0.6683 -0.7125
vn 0.2716 -0.6470 0.7125
vn 0.3870 -0.9221 -0.0000
vn -0.0041 0.0098 0.9999
vn -0.2756 0.6568 0.7018
vn -0.3869 0.9221 -0.0000
vn -0.2756 0.6568 -0.7018
vn -0.0041 0.0098 -0.9999
vn 0.2716 -0.6470 -0.7125
vn 0.3267 -0.6210 0.7124
vn 0.4656 -0.8850 -0.0000
vn -0.0049 0.0093 0.9999
vn -0.3316 0.6304 0.7019
vn -0.4656 0.8850 -0.0000
vn -0.3316 0.6304 -0.7019
vn -0.0049 0.0093 -0.9999
vn 0.3267 -0.6210 -0.7124
vn 0.3792 -0.5905 0.7124
vn 0.5404 -0.8414 -0.0000
vn -0.0057 0.0089 0.9999
vn -0.3850 0.5993 0.7019
vn -0.5405 0.8414 -0.0000
vn -0.3850 0.5993 -0.7019
vn -0.0057 0.0089 -0.9999
vn 0.3792 -0.5905 -0.7124
vn 0.4292 -0.5551 0.7125
vn 0.6115 -0.7912 -0.0000
vn -0.0067 0.0085 0.9999
vn -0.4364 0.5632 0.7016
vn -0.6126 0.7904 -0.0000
vn -0.4364 0.5632 -0.7016
vn -0.0067 0.0085 -0.9999
vn 0.4292 -0.5551 -0.7125
vn 0.4795 -0.5118 0.7128
vn 0.6821 -0.7312 -0.0000
vn -0.0105 0.0093 0.9999
vn -0.4951 0.5155 0.6994
vn -0.6932 0.7208 -0.0000
vn -0.4951 0.5155 -0.6994
vn -0.0105 0.0093 -0.9999
vn 0.4795 -0.5118 -0.7128
vn 0.5037 -0.5043 0.7014
vn 0.6743 -0.7385 -0.0000
vn -0.0301 0.0109 0.9995
vn -0.6000 0.4079 0.6882
vn -0.8280 0.5607 -0.0000
vn -0.6000 0.4079 -0.6882
vn -0.0301 0.0109 -0.9995
vn 0.5037 -0.5043 -0.7014
vn 0.5949 -0.1321 0.7929
vn 0.9440 -0.3299 -0.0000
vn -0.0795 0.0078 0.9968
vn -0.7295 0.1104 0.6750
vn -0.9887 0.1496 -0.0000
vn -0.7295 0.1104 -0.6750
vn -0.0795 0.0078 -0.9968
vn 0.5949 -0.1321 -0.7929
vn 0.5825 0.3490 0.7341
vn 0.8228 0.5683 -0.0000
vn -0.0625 -0.0238 0.9978
vn -0.6723 -0.2996 0.6769
vn -0.9135 -0.4068 -0.0000
vn -0.6723 -0.2996 -0.6769
vn -0.0625 -0.0238 -0.9978
vn 0.5825 0.3490 -0.7341
vn 0.4812 0.5105 0.7126
vn 0.6824 0.7310 -0.0000
vn -0.0163 -0.0131 0.9998
vn -0.5077 -0.5110 0.6937
vn -0.7056 -0.7086 -0.0000
vn -0.5077 -0.5110 -0.6937
vn -0.0163 -0.0131 -0.9998
vn 0.4812 0.5105 -0.7126
vn 0.5892 0.4614 0.6634
vn 0.7884 0.6152 -0.0000
vn 0.0495 -0.0553 0.9972
vn 0.0054 -0.8223 0.5690
vn -0.0211 -0.9998 -0.0000
vn 0.0054 -0.8223 -0.5690
vn 0.0495 -0.0553 -0.9972
vn 0.5892 0.4614 -0.6634
vn 0.7076 -0.2299 0.6682
vn 0.9511 -0.3090 -0.0000
vn 0.2219 -0.0721 0.9724
vn 0.4784 -0.1554 0.8643
vn 0.4784 -0.1554 -0.8643
vn 0.2219 -0.0721 -0.9724
vn 0.7076 -0.2299 -0.6682
vn 0.2055 -0.7195 0.6634
vn 0.2762 -0.9611 -0.0000
vn 0.0725 0.0156 0.9972
vn 0.4877 0.6621 0.5690
vn 0.5706 0.8212 -0.0000
vn 0.4877 0.6621 -0.5690
vn 0.0725 0.0156 -0.9972
vn 0.2055 -0.7195 -0.6634
vn 0.0893 -0.6958 0.7126
vn 0.1224 -0.9925 -0.0000
vn -0.0055 0.0202 0.9998
vn -0.1103 0.7118 0.6937
vn -0.1543 0.9880 -0.0000
vn -0.1103 0.7118 -0.6937
vn -0.0055 0.0202 -0.9998
vn 0.0893 -0.6958 -0.7126
vn 0.2662 -0.6247 0.7341
vn 0.3316 -0.9434 -0.0000
vn -0.0366 0.0560 0.9978
vn -0.3679 0.6375 0.6769
vn -0.4999 0.8661 -0.0000
vn -0.3679 0.6375 -0.6769
vn -0.0366 0.0560 -0.9978
vn 0.2662 -0.6247 -0.7341
vn 0.5589 -0.2428 0.7929
vn 0.9576 -0.2880 -0.0000
vn -0.0689 0.0404 0.9968
vn -0.6551 0.3395 0.6750
vn -0.8879 0.4601 -0.0000
vn -0.6551 0.3395 -0.6750
vn -0.0689 0.0404 -0.9968
vn 0.5589 -0.2428 -0.7929
vn 0.7039 0.1119 0.7014
vn 0.9796 0.2011 -0.0000
vn -0.0308 0.0089 0.9995
vn -0.7252 0.0227 0.6882
vn -0.9995 0.0330 -0.0000
vn -0.7252 0.0227 -0.6882
vn -0.0308 0.0089 -0.9995
vn 0.7039 0.1119 -0.7014
vn 0.6888 0.1322 0.7128
vn 0.9817 0.1906 -0.0000
vn -0.0139 -0.0014 0.9999
vn -0.7035 -0.1260 0.6994
vn -0.9844 -0.1757 -0.0000
vn -0.7035 -0.1260 -0.6994
vn -0.0139 -0.0014 -0.9999
vn 0.6888 0.1322 -0.7128
vn 0.6735 0.1968 0.7125
vn 0.9598 0.2806 -0.0000
vn -0.0104 -0.0029 0.9999
vn -0.6841 -0.1991 0.7017
vn -0.9602 -0.2794 -0.0000
vn -0.6841 -0.1991 -0.7016
vn -0.0104 -0.0029 -0.9999
vn 0.6735 0.1968 -0.7125
vn 0.6539 0.2548 0.7124
vn 0.9318 0.3631 -0.0000
vn -0.0098 -0.0038 0.9999
vn -0.6637 -0.2586 0.7019
vn -0.9318 -0.3630 -0.0000
vn -0.6637 -0.2586 -0.7019
vn -0.0098 -0.0038 -0.9999
vn 0.6539 0.2548 -0.7124
vn 0.6294 0.3104 0.7124
vn 0.8969 0.4423 -0.0000
vn -0.0095 -0.0047 0.9999
vn -0.6388 -0.3151 0.7019
vn -0.8969 -0.4423 -0.0000
vn -0.6388 -0.3151 -0.7019
vn -0.0095 -0.0047 -0.9999
vn 0.6294 0.3104 -0.7124
vn 0.6000 0.3639 0.7125
vn 0.8551 0.5185 -0.0000
vn -0.0091 -0.0055 0.9999
vn -0.6091 -0.3694 0.7018
vn -0.8550 -0.5186 -0.0000
vn -0.6091 -0.3694 -0.7018
vn -0.0091 -0.0055 -0.9999
vn 0.6000 0.3639 -0.7124
vn 0.5658 0.4149 0.7125
vn 0.8064 0.5913 -0.0000
vn -0.0086 -0.0063 0.9999
vn -0.5745 -0.4213 0.7018
vn -0.8064 -0.5914 -0.0000
vn -0.5745 -0.4213 -0.7018
vn -0.0086 -0.0063 -0.9999
vn 0.5658 0.4149 -0.7125
vn 0.5270 0.4632 0.7126
vn 0.7511 0.6602 -0.0000
vn -0.0081 -0.0071 0.9999
vn -0.5351 -0.4704 0.7017
vn -0.7510 -0.6603 -0.0000
vn -0.5351 -0.4704 -0.7017
vn -0.0081 -0.0071 -0.9999
vn 0.5270 0.4632 -0.7126
vn 0.4834 0.5084 0.7126
vn 0.6891 0.7247 -0.0000
vn -0.0075 -0.0079 0.9999
vn -0.4909 -0.5164 0.7017
vn -0.6890 -0.7247 -0.0000
vn -0.4909 -0.5164 -0.7017
vn -0.0075 -0.0079 -0.9999
vn 0.4834 0.5084 -0.7126
vn 0.4352 0.5501 0.7127
vn 0.6205 0.7842 -0.0000
vn -0.0069 -0.0088 0.9999
vn -0.4421 -0.5589 0.7016
vn -0.6204 -0.7843 -0.0000
vn -0.4421 -0.5589 -0.7016
vn -0.0069 -0.0088 -0.9999
vn 0.4352 0.5501 -0.7127
vn 0.3824 0.5879 0.7128
vn 0.5453 0.8382 -0.0000
vn -0.0062 -0.0096 0.9999
vn -0.3886 -0.5975 0.7015
vn -0.5452 -0.8383 -0.0000
vn -0.3886 -0.5975 -0.7015
vn -0.0062 -0.0096 -0.9999
vn 0.3824 0.5879 -0.7128
vn 0.3248 0.6214 0.7130
vn 0.4633 0.8862 -0.0000
vn -0.0054 -0.0104 0.9999
vn -0.3302 -0.6318 0.7013
vn -0.4631 -0.8863 -0.0000
vn -0.3302 -0.6318 -0.7013
vn -0.0054 -0.0104 -0.9999
vn 0.3248 0.6214 -0.7130
vn 0.2623 0.6500 0.7132
vn 0.3743 0.9273 -0.0000
vn -0.0045 -0.0113 0.9999
vn -0.2667 -0.6613 0.7011
vn -0.3740 -0.9274 -0.0000
vn -0.2667 -0.6613 -0.7011
vn -0.0045 -0.0113 -0.9999
vn 0.2623 0.6500 -0.7132
vn 0.1943 0.6731 0.7135
vn 0.2774 0.9607 -0.0000
vn -0.0035 -0.0123 0.9999
vn -0.1977 -0.6855 0.7008
vn -0.2771 -0.9609 -0.0000
vn -0.1977 -0.6855 -0.7008
vn -0.0035 -0.0123 -0.9999
vn 0.1943 0.6731 -0.7135
vn 0.1201 0.6898 0.7140
vn 0.1716 0.9852 -0.0000
vn -0.0023 -0.0135 0.9999
vn -0.1221 -0.7033 0.7003
vn -0.1710 -0.9853 -0.0000
vn -0.1221 -0.7033 -0.7003
vn -0.0023 -0.0135 -0.9999
vn 0.1201 0.6898 -0.7140
vn 0.0377 0.6985 0.7146
vn 0.0542 0.9985 -0.0000
vn -0.0006 -0.0153 0.9999
vn -0.0371 -0.7138 0.6993
vn -0.0518 -0.9987 -0.0000
vn -0.0371 -0.7138 -0.6993
vn -0.0006 -0.0153 -0.9999
vn 0.0377 0.6985 -0.7146
vn -0.0021 0.7616 0.6481
vn 0.0179 0.9998 -0.0000
vn 0.0596 -0.0513 0.9969
vn 0.2548 -0.7807 0.5706
vn 0.3187 -0.9479 -0.0000
vn 0.2548 -0.7807 -0.5706
vn 0.0596 -0.0513 -0.9969
vn -0.0021 0.7616 -0.6481
vn 0.5799 0.1884 0.7926
vn 0.9511 0.3090 -0.0000
vn 0.1344 0.0437 0.9900
vn 0.2072 0.0673 0.9760
vn 0.2072 0.0673 -0.9760
vn 0.1344 0.0437 -0.9900
vn 0.5799 0.1884 -0.7926
vn 0.4460 -0.6173 0.6481
vn 0.6021 -0.7984 -0.0000
vn 0.0180 0.0765 0.9969
vn -0.2528 0.7813 0.5706
vn -0.2993 0.9541 -0.0000
vn -0.2528 0.7813 -0.5706
vn 0.0180 0.0765 -0.9969
vn 0.4460 -0.6173 -0.6481
vn 0.4411 -0.5429 0.7146
vn 0.6307 -0.7760 -0.0000
vn -0.0095 0.0120 0.9999
vn -0.4496 0.5557 0.6993
vn -0.6289 0.7775 -0.0000
vn -0.4496 0.5557 -0.6993
vn -0.0095 0.0120 -0.9999
vn 0.4411 -0.5429 -0.7146
vn 0.5026 -0.4875 0.7140
vn 0.7179 -0.6962 -0.0000
vn -0.0098 0.0096 0.9999
vn -0.5122 0.4973 0.7003
vn -0.5122 0.4973 -0.7003
vn -0.0098 0.0096 -0.9999
vn 0.5026 -0.4875 -0.7140
vn 0.5529 -0.4303 0.7135
vn 0.7892 -0.6142 -0.0000
vn -0.0101 0.0079 0.9999
vn -0.5628 0.4384 0.7008
vn -0.7889 0.6145 -0.0000
vn -0.5628 0.4384 -0.7008
vn -0.0101 0.0079 -0.9999
vn 0.5529 -0.4303 -0.7135
vn 0.5943 -0.3717 0.7132
vn 0.8478 -0.5302 -0.0000
vn -0.0103 0.0065 0.9999
vn -0.6045 0.3783 0.7011
vn -0.8477 0.5305 -0.0000
vn -0.6045 0.3783 -0.7011
vn -0.0103 0.0065 -0.9999
vn 0.5943 -0.3717 -0.7132
vn 0.6280 -0.3117 0.7130
vn 0.8957 -0.4446 -0.0000
vn -0.0105 0.0052 0.9999
vn -0.6385 0.3171 0.7013
vn -0.8956 0.4448 -0.0000
vn -0.6385 0.3171 -0.7013
vn -0.0105 0.0052 -0.9999
vn 0.6280 -0.3117 -0.7130
vn 0.6549 -0.2508 0.7128
vn 0.9339 -0.3576 -0.0000
vn -0.0106 0.0041 0.9999
vn -0.6655 0.2550 0.7015
vn -0.9338 0.3578 -0.0000
vn -0.6655 0.2550 -0.7015
vn -0.0106 0.0041 -0.9999
vn 0.6549 -0.2508 -0.7128
vn 0.6754 -0.1892 0.7127
vn 0.9629 -0.2697 -0.0000
vn -0.0107 0.0030 0.9999
vn -0.6862 0.1923 0.7016
vn -0.9629 0.2698 -0.0000
vn -0.6862 0.1923 -0.7016
vn -0.0107 0.0030 -0.9999
vn 0.6754 -0.1892 -0.7127
vn 0.6899 -0.1272 0.7126
vn 0.9834 -0.1812 -0.0000
vn -0.0108 0.0020 0.9999
vn -0.7007 0.1292 0.7017
vn -0.9834 0.1813 -0.0000
vn -0.7007 0.1292 -0.7017
vn -0.0108 0.0020 -0.9999
vn 0.6899 -0.1272 -0.7126
vn 0.6986 -0.0650 0.7126
vn 0.9957 -0.0927 -0.0000
vn -0.0108 0.0010 0.9999
vn -0.7094 0.0661 0.7017
vn -0.9957 0.0927 -0.0000
vn -0.7094 0.0661 -0.7017
vn -0.0108 0.0010 -0.9999
vn 0.6986 -0.0650 -0.7126
vn 0.7017 -0.0031 0.7125
vn 1.0000 -0.0044 -0.0000
vn -0.0107 0.0001 0.9999
vn -0.7124 0.0032 0.7018
vn -1.0000 0.0044 -0.0000
vn -0.7124 0.0032 -0.7018
vn -0.0107 0.0001 -0.9999
vn 0.7017 -0.0031 -0.7125
vn 0.6993 0.0583 0.7125
vn 0.9965 0.0831 -0.0000
vn -0.0106 -0.0009 0.9999
vn -0.7099 -0.0592 0.7018
vn -0.9965 -0.0831 -0.0000
vn -0.7099 -0.0592 -0.7018
vn -0.0106 -0.0009 -0.9999
vn 0.6993 0.0583 -0.7125
vn 0.6916 0.1188 0.7124
vn 0.9856 0.1694 -0.0000
vn -0.0104 -0.0018 0.9999
vn -0.7020 -0.1206 0.7019
vn -0.9856 -0.1693 -0.0000
vn -0.7020 -0.1206 -0.7019
vn -0.0104 -0.0018 -0.9999
vn 0.6916 0.1188 -0.7124
vn 0.6788 0.1782 0.7124
vn 0.9672 0.2539 -0.0000
vn -0.0102 -0.0027 0.9999
vn -0.6889 -0.1809 0.7019
vn -0.9672 -0.2540 -0.0000
vn -0.6889 -0.1809 -0.7019
vn -0.0102 -0.0027 -0.9999
vn 0.6788 0.1782 -0.7124
vn 0.6606 0.2367 0.7125
vn 0.9415 0.3371 -0.0000
vn -0.0102 -0.0038 0.9999
vn -0.6705 -0.2410 0.7016
vn -0.9410 -0.3383 -0.0000
vn -0.6705 -0.2410 -0.7016
vn -0.0102 -0.0038 -0.9999
vn 0.6606 0.2367 -0.7125
vn 0.6349 0.2979 0.7128
vn 0.9062 0.4228 -0.0000
vn -0.0120 -0.0071 0.9999
vn -0.6432 -0.3115 0.6994
vn -0.8997 -0.4365 -0.0000
vn -0.6432 -0.3115 -0.6994
vn -0.0120 -0.0071 -0.9999
vn 0.6349 0.2979 -0.7128
vn 0.6352 0.3232 0.7014
vn 0.9107 0.4131 -0.0000
vn -0.0197 -0.0253 0.9995
vn -0.5733 -0.4446 0.6882
vn -0.7892 -0.6142 -0.0000
vn -0.5733 -0.4446 -0.6882
vn -0.0197 -0.0253 -0.9995
vn 0.6352 0.3232 -0.7014
vn 0.3095 0.5249 0.7929
vn 0.6055 0.7959 -0.0000
vn -0.0320 -0.0732 0.9968
vn -0.3304 -0.6597 0.6750
vn -0.4479 -0.8941 -0.0000
vn -0.3304 -0.6597 -0.6750
vn -0.0320 -0.0732 -0.9968
vn 0.3095 0.5249 -0.7929
vn -0.1519 0.6619 0.7341
vn -0.2862 0.9582 -0.0000
vn 0.0033 -0.0668 0.9978
vn 0.0771 -0.7320 0.6769
vn 0.1046 -0.9945 -0.0000
vn 0.0771 -0.7320 -0.6769
vn 0.0033 -0.0668 -0.9978
vn -0.1519 0.6619 -0.7341
vn -0.3368 0.6154 0.7126
vn -0.4844 0.8749 -0.0000
vn 0.0074 -0.0195 0.9998
vn 0.3291 -0.6407 0.6937
vn 0.4559 -0.8900 -0.0000
vn 0.3291 -0.6407 -0.6937
vn 0.0074 -0.0195 -0.9998
vn -0.3368 0.6154 -0.7126
vn -0.2567 0.7029 0.6634
vn 0.0678 0.0300 0.9972
vn 0.7837 -0.2490 0.5690
vn 0.9443 -0.3290 -0.0000
vn 0.7837 -0.2490 -0.5690
vn 0.0678 0.0300 -0.9972
vn -0.2567 0.7029 -0.6634
vn 0.4373 0.6019 0.6682
vn 0.5878 0.8090 -0.0000
vn 0.1371 0.1887 0.9724
vn 0.2956 0.4069 0.8643
vn 0.2956 0.4069 -0.8643
vn 0.1371 0.1887 -0.9724
vn 0.4373 0.6019 -0.6682
vn 0.7478 -0.0269 0.6634
vn 0.9994 -0.0343 -0.0000
vn 0.0076 0.0738 0.9972
vn -0.4790 0.6684 0.5690
vn -0.6047 0.7965 -0.0000
vn -0.4790 0.6684 -0.5690
vn 0.0076 0.0738 -0.9972
vn 0.7478 -0.0269 -0.6634
vn 0.6894 -0.1301 0.7126
vn 0.9817 -0.1903 -0.0000
vn -0.0209 0.0010 0.9998
vn -0.7111 0.1150 0.6937
vn -0.9873 0.1586 -0.0000
vn -0.7111 0.1150 -0.6936
vn -0.0209 0.0010 -0.9998
vn 0.6894 -0.1301 -0.7126
vn 0.6764 0.0601 0.7341
vn 0.9997 0.0239 -0.0000
vn -0.0645 -0.0175 0.9978
vn -0.7200 -0.1528 0.6769
vn -0.9782 -0.2078 -0.0000
vn -0.7200 -0.1528 -0.6769
vn -0.0645 -0.0175 -0.9978
vn 0.6764 0.0601 -0.7341
vn 0.4036 0.4566 0.7929
vn 0.5698 0.8218 -0.0000
vn -0.0597 -0.0530 0.9968
vn -0.5253 -0.5181 0.6750
vn -0.7120 -0.7022 -0.0000
vn -0.5253 -0.5181 -0.6750
vn -0.0597 -0.0530 -0.9968
vn 0.4036 0.4566 -0.7929
vn 0.1111 0.7040 0.7014
vn 0.1114 0.9938 -0.0000
vn -0.0180 -0.0265 0.9995
vn -0.2456 -0.6827 0.6882
vn -0.2456 -0.6827 -0.6882
vn -0.0180 -0.0265 -0.9995
vn 0.1111 0.7040 -0.7014
vn 0.0871 0.6959 0.7128
vn 0.1220 0.9925 -0.0000
vn -0.0030 -0.0136 0.9999
vn -0.0975 -0.7080 0.6994
vn -0.1371 -0.9906 -0.0000
vn -0.0975 -0.7080 -0.6994
vn -0.0030 -0.0136 -0.9999
vn 0.0871 0.6959 -0.7128
vn 0.0209 0.7014 0.7125
vn 0.0297 0.9996 -0.0000
vn -0.0004 -0.0108 0.9999
vn -0.0220 -0.7122 0.7016
vn -0.0310 -0.9995 -0.0000
vn -0.0220 -0.7122 -0.7016
vn -0.0004 -0.0108 -0.9999
vn 0.0209 0.7014 -0.7125
vn -0.0403 0.7006 0.7124
vn -0.0574 0.9984 -0.0000
vn 0.0006 -0.0105 0.9999
vn 0.0408 -0.7111 0.7019
vn 0.0573 -0.9984 -0.0000
vn 0.0408 -0.7111 -0.7019
vn 0.0006 -0.0105 -0.9999
vn -0.0403 0.7006 -0.7124
vn -0.1007 0.6945 0.7124
vn -0.1435 0.9897 -0.0000
vn 0.0015 -0.0104 0.9999
vn 0.1022 -0.7049 0.7019
vn 0.1435 -0.9896 -0.0000
vn 0.1022 -0.7049 -0.7019
vn 0.0015 -0.0104 -0.9999
vn -0.1007 0.6945 -0.7124
vn -0.1606 0.6831 0.7125
vn -0.2289 0.9734 -0.0000
vn 0.0024 -0.0103 0.9999
vn 0.1631 -0.6934 0.7018
vn 0.2290 -0.9734 -0.0000
vn 0.1631 -0.6934 -0.7018
vn 0.0024 -0.0103 -0.9999
vn -0.1606 0.6831 -0.7125
vn -0.2198 0.6664 0.7125
vn -0.3132 0.9497 -0.0000
vn 0.0034 -0.0102 0.9999
vn 0.2231 -0.6765 0.7018
vn 0.3132 -0.9497 -0.0000
vn 0.2231 -0.6765 -0.7018
vn 0.0034 -0.0102 -0.9999
vn -0.2198 0.6664 -0.7125
vn -0.2777 0.6443 0.7126
vn -0.3958 0.9183 -0.0000
vn 0.0043 -0.0099 0.9999
vn 0.2820 -0.6542 0.7017
vn 0.3959 -0.9183 -0.0000
vn 0.2820 -0.6542 -0.7017
vn 0.0043 -0.0099 -0.9999
vn -0.2777 0.6443 -0.7126
vn -0.3341 0.6169 0.7126
vn -0.4763 0.8793 -0.0000
vn 0.0052 -0.0096 0.9999
vn 0.3394 -0.6265 0.7017
vn 0.4764 -0.8793 -0.0000
vn 0.3394 -0.6265 -0.7017
vn 0.0052 -0.0096 -0.9999
vn -0.3341 0.6169 -0.7126
vn -0.3887 0.5839 0.7127
vn -0.5541 0.8325 -0.0000
vn 0.0062 -0.0093 0.9999
vn 0.3949 -0.5932 0.7016
vn 0.5542 -0.8324 -0.0000
vn 0.3949 -0.5932 -0.7016
vn 0.0062 -0.0093 -0.9999
vn -0.3887 0.5839 -0.7127
vn -0.4409 0.5454 0.7128
vn -0.6287 0.7776 -0.0000
vn 0.0072 -0.0089 0.9999
vn 0.4482 -0.5542 0.7014
vn 0.6288 -0.7775 -0.0000
vn 0.4482 -0.5542 -0.7014
vn 0.0072 -0.0089 -0.9999
vn -0.4409 0.5454 -0.7129
vn -0.4906 0.5010 0.7130
vn -0.6996 0.7145 -0.0000
vn 0.0082 -0.0084 0.9999
vn 0.4989 -0.5093 0.7013
vn 0.6998 -0.7143 -0.0000
vn 0.4989 -0.5092 -0.7013
vn 0.0082 -0.0084 -0.9999
vn -0.4906 0.5010 -0.7130
vn -0.5371 0.4503 0.7132
vn -0.7663 0.6425 -0.0000
vn 0.0093 -0.0078 0.9999
vn 0.5466 -0.4580 0.7011
vn 0.7665 -0.6423 -0.0000
vn 0.5466 -0.4580 -0.7011
vn 0.0093 -0.0078 -0.9999
vn -0.5371 0.4503 -0.7132
vn -0.5801 0.3928 0.7135
vn 0.0106 -0.0071 0.9999
vn 0.5908 -0.3998 0.7008
vn 0.8282 -0.5604 -0.0000
vn 0.5908 -0.3998 -0.7008
vn 0.0106 -0.0071 -0.9999
vn -0.5801 0.3928 -0.7135
vn -0.6189 0.3274 0.7140
vn -0.8839 0.4676 -0.0000
vn 0.0121 -0.0064 0.9999
vn 0.6312 -0.3334 0.7003
vn 0.8842 -0.4671 -0.0000
vn 0.6312 -0.3334 -0.7003
vn 0.0121 -0.0064 -0.9999
vn -0.6189 0.3274 -0.7140
vn -0.6527 0.2517 0.7146
vn -0.9329 0.3601 -0.0000
vn 0.0144 -0.0053 0.9999
vn 0.6674 -0.2559 0.6993
vn 0.9338 -0.3579 -0.0000
vn 0.6674 -0.2559 -0.6993
vn 0.0144 -0.0053 -0.9999
vn -0.6527 0.2517 -0.7146
vn -0.7249 0.2334 0.6481
vn -0.9454 0.3260 -0.0000
vn 0.0672 0.0408 0.9969
vn 0.8212 0.0010 0.5706
vn 0.9999 0.0102 -0.0000
vn 0.8212 0.0010 -0.5706
vn 0.0672 0.0408 -0.9969
vn -0.7249 0.2334 -0.6481
vn -0.0000 0.6097 0.7926
vn -0.0000 1.0000 -0.0000
vn -0.0000 0.1413 0.9900
vn -0.0000 0.2179 0.9760
vn -0.0000 0.2179 -0.9760
vn -0.0000 0.1413 -0.9900
vn -0.0000 0.6097 -0.7926
vn 0.7249 0.2334 0.6481
vn 0.9454 0.3260 -0.0000
vn -0.0672 0.0408 0.9969
vn -0.8212 0.0010 0.5706
vn -0.9999 0.0102 -0.0000
vn -0.8212 0.0010 -0.5706
vn -0.0672 0.0408 -0.9969
vn 0.7249 0.2334 -0.6481
vn 0.6527 0.2517 0.7146
vn 0.9329 0.3601 -0.0000
vn -0.0144 -0.0053 0.9999
vn -0.6674 -0.2559 0.6993
vn -0.9338 -0.3579 -0.0000
vn -0.6674 -0.2559 -0.6993
vn -0.0144 -0.0053 -0.9999
vn 0.6527 0.2517 -0.7146
vn 0.6189 0.3274 0.7140
vn 0.8839 0.4676 -0.0000
vn -0.0121 -0.0064 0.9999
vn -0.6312 -0.3334 0.7003
vn -0.8842 -0.4671 -0.0000
vn -0.6312 -0.3334 -0.7003
vn -0.0121 -0.0064 -0.9999
vn 0.6189 0.3274 -0.7140
vn 0.5801 0.3928 0.7135
vn 0.8280 0.5608 -0.0000
vn -0.0106 -0.0071 0.9999
vn -0.5908 -0.3998 0.7008
vn -0.8282 -0.5604 -0.0000
vn -0.5908 -0.3998 -0.7008
vn -0.0106 -0.0071 -0.9999
vn 0.5801 0.3928 -0.7135
vn 0.5371 0.4503 0.7132
vn 0.7663 0.6425 -0.0000
vn -0.0093 -0.0078 0.9999
vn -0.5466 -0.4580 0.7011
vn -0.7665 -0.6423 -0.0000
vn -0.5466 -0.4580 -0.7011
vn -0.0093 -0.0078 -0.9999
vn 0.5371 0.4503 -0.7132
vn 0.4906 0.5010 0.7130
vn 0.6996 0.7145 -0.0000
vn -0.0082 -0.0084 0.9999
vn -0.4989 -0.5092 0.7013
vn -0.4989 -0.5092 -0.7013
vn -0.0082 -0.0084 -0.9999
vn 0.4906 0.5010 -0.7130
vn 0.4409 0.5454 0.7128
vn 0.6287 0.7776 -0.0000
vn -0.0072 -0.0089 0.9999
vn -0.4482 -0.5542 0.7014
vn -0.6288 -0.7775 -0.0000
vn -0.4482 -0.5542 -0.7015
vn -0.0072 -0.0089 -0.9999
vn 0.4409 0.5454 -0.7128
vn 0.3887 0.5839 0.7127
vn 0.5541 0.8325 -0.0000
vn -0.0062 -0.0093 0.9999
vn -0.3949 -0.5932 0.7016
vn -0.5542 -0.8324 -0.0000
vn -0.3949 -0.5932 -0.7016
vn -0.0062 -0.0093 -0.9999
vn 0.3887 0.5839 -0.7127
vn 0.3341 0.6169 0.7126
vn 0.4763 0.8793 -0.0000
vn -0.0052 -0.0096 0.9999
vn -0.3394 -0.6265 0.7017
vn -0.4764 -0.8793 -0.0000
vn -0.3394 -0.6265 -0.7017
vn -0.0052 -0.0096 -0.9999
vn 0.3341 0.6169 -0.7126
vn 0.2777 0.6443 0.7126
vn 0.3958 0.9183 -0.0000
vn -0.0043 -0.0099 0.9999
vn -0.2820 -0.6542 0.7017
vn -0.2820 -0.6542 -0.7017
vn -0.0043 -0.0099 -0.9999
vn 0.2777 0.6443 -0.7126
vn 0.2198 0.6664 0.7125
vn 0.3132 0.9497 -0.0000
vn -0.0034 -0.0102 0.9999
vn -0.2231 -0.6765 0.7018
vn -0.3132 -0.9497 -0.0000
vn -0.2231 -0.6765 -0.7018
vn -0.0034 -0.0102 -0.9999
vn 0.2198 0.6664 -0.7125
vn 0.1606 0.6831 0.7125
vn 0.2289 0.9734 -0.0000
vn -0.0024 -0.0103 0.9999
vn -0.1631 -0.6934 0.7018
vn -0.2290 -0.9734 -0.0000
vn -0.1631 -0.6934 -0.7018
vn -0.0024 -0.0103 -0.9999
vn 0.1606 0.6831 -0.7125
vn 0.1007 0.6945 0.7124
vn 0.1435 0.9897 -0.0000
vn -0.0015 -0.0104 0.9999
vn -0.1022 -0.7049 0.7019
vn -0.1435 -0.9896 -0.0000
vn -0.1022 -0.7049 -0.7019
vn -0.0015 -0.0104 -0.9999
vn 0.1007 0.6945 -0.7124
vn 0.0403 0.7006 0.7124
vn 0.0574 0.9984 -0.0000
vn -0.0006 -0.0105 0.9999
vn -0.0408 -0.7111 0.7019
vn -0.0573 -0.9984 -0.0000
vn -0.0408 -0.7111 -0.7019
vn -0.0006 -0.0105 -0.9999
vn 0.0403 0.7006 -0.7124
vn -0.0209 0.7014 0.7125
vn -0.0297 0.9996 -0.0000
vn 0.0004 -0.0108 0.9999
vn 0.0220 -0.7122 0.7016
vn 0.0310 -0.9995 -0.0000
vn 0.0220 -0.7122 -0.7016
vn 0.0004 -0.0108 -0.9999
vn -0.0209 0.7014 -0.7125
vn -0.0871 0.6959 0.7128
vn -0.1220 0.9925 -0.0000
vn 0.0030 -0.0136 0.9999
vn 0.0975 -0.7080 0.6994
vn 0.1371 -0.9906 -0.0000
vn 0.0975 -0.7080 -0.6994
vn 0.0030 -0.0136 -0.9999
vn -0.0871 0.6959 -0.7128
vn -0.1111 0.7040 0.7014
vn -0.1114 0.9938 -0.0000
vn 0.0180 -0.0265 0.9995
vn 0.2456 -0.6827 0.6882
vn 0.3403 -0.9403 -0.0000
vn 0.2456 -0.6827 -0.6882
vn 0.0180 -0.0265 -0.9995
vn -0.1111 0.7040 -0.7014
vn -0.4036 0.4566 0.7928
vn -0.5697 0.8218 -0.0000
vn 0.0597 -0.0530 0.9968
vn 0.5253 -0.5181 0.6750
vn 0.7120 -0.7022 -0.0000
vn 0.5253 -0.5181 -0.6750
vn 0.0597 -0.0530 -0.9968
vn -0.4036 0.4566 -0.7928
vn -0.6764 0.0602 0.7341
vn -0.9997 0.0240 -0.0000
vn 0.0645 -0.0175 0.9978
vn 0.7200 -0.1528 0.6769
vn 0.9782 -0.2078 -0.0000
vn 0.7200 -0.1528 -0.6769
vn 0.0645 -0.0175 -0.9978
vn -0.6764 0.0602 -0.7341
vn -0.6894 -0.1301 0.7126
vn -0.9817 -0.1903 -0.0000
vn 0.0209 0.0010 0.9998
vn 0.7111 0.1150 0.6936
vn 0.9873 0.1586 -0.0000
vn 0.7111 0.1150 -0.6936
vn 0.0209 0.0010 -0.9998
vn -0.6894 -0.1301 -0.7126
vn -0.7478 -0.0269 0.6633
vn -0.0076 0.0738 0.9972
vn 0.4790 0.6684 0.5690
vn 0.6047 0.7965 -0.0000
vn 0.4790 0.6684 -0.5690
vn -0.0076 0.0738 -0.9972
vn -0.7478 -0.0269 -0.6633
vn -0.4373 0.6019 0.6682
vn -0.5878 0.8090 -0.0000
vn -0.1371 0.1887 0.9724
vn -0.2956 0.4069 0.8643
vn -0.2956 0.4069 -0.8643
vn -0.1371 0.1887 -0.9724
vn -0.4373 0.6019 -0.6682
vn 0.2567 0.7029 0.6634
vn 0.3415 0.9399 -0.0000
vn -0.0678 0.0300 0.9972
vn -0.7837 -0.2490 0.5690
vn -0.9443 -0.3290 -0.0000
vn -0.7837 -0.2490 -0.5690
vn -0.0678 0.0300 -0.9972
vn 0.2567 0.7029 -0.6634
vn 0.3368 0.6154 0.7126
vn 0.4844 0.8749 -0.0000
vn -0.0074 -0.0195 0.9998
vn -0.3291 -0.6407 0.6937
vn -0.4559 -0.8900 -0.0000
vn -0.3291 -0.6407 -0.6937
vn -0.0074 -0.0195 -0.9998
vn 0.3368 0.6154 -0.7126
vn 0.1519 0.6619 0.7341
vn 0.2862 0.9582 -0.0000
vn -0.0033 -0.0668 0.9978
vn -0.0771 -0.7320 0.6769
vn -0.1046 -0.9945 -0.0000
vn -0.0771 -0.7320 -0.6769
vn -0.0033 -0.0668 -0.9978
vn 0.1519 0.6619 -0.7341
vn -0.3095 0.5249 0.7929
vn -0.6055 0.7959 -0.0000
vn 0.0320 -0.0732 0.9968
vn 0.3304 -0.6597 0.6750
vn 0.4478 -0.8941 -0.0000
vn 0.3304 -0.6597 -0.6750
vn 0.0320 -0.0732 -0.9968
vn -0.3095 0.5249 -0.7929
vn -0.6352 0.3232 0.7014
vn -0.9107 0.4131 -0.0000
vn 0.0197 -0.0253 0.9995
vn 0.5733 -0.4446 0.6882
vn 0.5733 -0.4446 -0.6882
vn 0.0197 -0.0253 -0.9995
vn -0.6352 0.3232 -0.7014
vn -0.6349 0.2979 0.7128
vn -0.9062 0.4228 -0.0000
vn 0.0120 -0.0071 0.9999
vn 0.6432 -0.3115 0.6994
vn 0.8997 -0.4365 -0.0000
vn 0.6432 -0.3115 -0.6994
vn 0.0120 -0.0071 -0.9999
vn -0.6349 0.2979 -0.7128
vn -0.6606 0.2367 0.7125
vn -0.9415 0.3371 -0.0000
vn 0.0102 -0.0038 0.9999
vn 0.6705 -0.2410 0.7016
vn 0.9410 -0.3383 -0.0000
vn 0.6705 -0.2410 -0.7016
vn 0.0102 -0.0038 -0.9999
vn -0.6606 0.2367 -0.7125
vn -0.6788 0.1782 0.7124
vn -0.9672 0.2539 -0.0000
vn 0.0102 -0.0027 0.9999
vn 0.6889 -0.1809 0.7019
vn 0.9672 -0.2540 -0.0000
vn 0.6889 -0.1809 -0.7019
vn 0.0102 -0.0027 -0.9999
vn -0.6788 0.1782 -0.7124
vn -0.6916 0.1188 0.7124
vn -0.9856 0.1694 -0.0000
vn 0.0104 -0.0018 0.9999
vn 0.7020 -0.1206 0.7019
vn 0.9856 -0.1693 -0.0000
vn 0.7020 -0.1206 -0.7019
vn 0.0104 -0.0018 -0.9999
vn -0.6916 0.1188 -0.7124
vn -0.6993 0.0583 0.7125
vn -0.9965 0.0831 -0.0000
vn 0.0106 -0.0009 0.9999
vn 0.7099 -0.0592 0.7018
vn 0.9965 -0.0831 -0.0000
vn 0.7099 -0.0592 -0.7018
vn 0.0106 -0.0009 -0.9999
vn -0.6993 0.0583 -0.7125
vn -0.7017 -0.0031 0.7125
vn -1.0000 -0.0044 -0.0000
vn 0.0107 0.0001 0.9999
vn 0.7124 0.0032 0.7018
vn 1.0000 0.0044 -0.0000
vn 0.7124 0.0032 -0.7018
vn 0.0107 0.0001 -0.9999
vn -0.7017 -0.0031 -0.7125
vn -0.6986 -0.0650 0.7126
vn -0.9957 -0.0927 -0.0000
vn 0.0108 0.0010 0.9999
vn 0.7094 0.0661 0.7017
vn 0.9957 0.0927 -0.0000
vn 0.7094 0.0661 -0.7017
vn 0.0108 0.0010 -0.9999
vn -0.6986 -0.0650 -0.7126
vn -0.6899 -0.1272 0.7126
vn -0.9834 -0.1812 -0.0000
vn 0.0108 0.0020 0.9999
vn 0.7007 0.1292 0.7017
vn 0.9834 0.1813 -0.0000
vn 0.7007 0.1292 -0.7017
vn 0.0108 0.0020 -0.9999
vn -0.6899 -0.1272 -0.7126
vn -0.6755 -0.1892 0.7127
vn -0.9629 -0.2697 -0.0000
vn 0.0107 0.0030 0.9999
vn 0.6862 0.1923 0.7016
vn 0.9629 0.2698 -0.0000
vn 0.6862 0.1923 -0.7016
vn 0.0107 0.0030 -0.9999
vn -0.6755 -0.1892 -0.7127
vn -0.6549 -0.2508 0.7128
vn -0.9339 -0.3576 -0.0000
vn 0.0106 0.0041 0.9999
vn 0.6655 0.2550 0.7014
vn 0.9338 0.3578 -0.0000
vn 0.6655 0.2550 -0.7014
vn 0.0106 0.0041 -0.9999
vn -0.6549 -0.2508 -0.7129
vn -0.6280 -0.3118 0.7130
vn -0.8957 -0.4446 -0.0000
vn 0.0105 0.0052 0.9999
vn 0.6385 0.3171 0.7013
vn 0.8956 0.4448 -0.0000
vn 0.6385 0.3171 -0.7013
vn 0.0105 0.0052 -0.9999
vn -0.6280 -0.3118 -0.7130
vn -0.5943 -0.3717 0.7132
vn -0.8478 -0.5302 -0.0000
vn 0.0103 0.0065 0.9999
vn 0.6045 0.3783 0.7011
vn 0.8477 0.5305 -0.0000
vn 0.6045 0.3783 -0.7011
vn 0.0103 0.0065 -0.9999
vn -0.5943 -0.3717 -0.7132
vn -0.5529 -0.4303 0.7135
vn 0.0101 0.0079 0.9999
vn 0.5628 0.4384 0.7008
vn 0.7889 0.6145 -0.0000
vn 0.5628 0.4384 -0.7008
vn 0.0101 0.0079 -0.9999
vn -0.5529 -0.4303 -0.7135
vn -0.5026 -0.4875 0.7140
vn -0.7179 -0.6962 -0.0000
vn 0.0098 0.0096 0.9999
vn 0.5122 0.4973 0.7003
vn 0.7175 0.6966 -0.0000
vn 0.5122 0.4973 -0.7003
vn 0.0098 0.0096 -0.9999
vn -0.5026 -0.4875 -0.7140
vn -0.4411 -0.5429 0.7146
vn -0.6307 -0.7760 -0.0000
vn 0.0095 0.0120 0.9999
vn 0.4496 0.5557 0.6993
vn 0.6289 0.7775 -0.0000
vn 0.4496 0.5557 -0.6993
vn 0.0095 0.0120 -0.9999
vn -0.4411 -0.5429 -0.7146
vn -0.4460 -0.6173 0.6481
vn -0.6021 -0.7984 -0.0000
vn -0.0180 0.0765 0.9969
vn 0.2528 0.7813 0.5706
vn 0.2993 0.9541 -0.0000
vn 0.2528 0.7813 -0.5706
vn -0.0180 0.0765 -0.9969
vn -0.4460 -0.6173 -0.6481
vn -0.5799 0.1884 0.7926
vn -0.9511 0.3090 -0.0000
vn -0.1344 0.0437 0.9900
vn -0.2072 0.0673 0.9760
vn -0.2072 0.0673 -0.9760
vn -0.1344 0.0437 -0.9900
vn -0.5799 0.1884 -0.7926
vn 0.0021 0.7616 0.6481
vn -0.0179 0.9998 -0.0000
vn -0.0596 -0.0513 0.9969
vn -0.2548 -0.7807 0.5706
vn -0.3187 -0.9479 -0.0000
vn -0.2548 -0.7807 -0.5706
vn -0.0596 -0.0513 -0.9969
vn 0.0021 0.7616 -0.6481
vn -0.0377 0.6985 0.7146
vn -0.0542 0.9985 -0.0000
vn 0.0006 -0.0153 0.9999
vn 0.0371 -0.7138 0.6993
vn 0.0518 -0.9987 -0.0000
vn 0.0371 -0.7138 -0.6993
vn 0.0006 -0.0153 -0.9999
vn -0.0377 0.6985 -0.7146
vn -0.1201 0.6898 0.7140
vn -0.1716 0.9852 -0.0000
vn 0.0023 -0.0135 0.9999
vn 0.1221 -0.7033 0.7003
vn 0.1710 -0.9853 -0.0000
vn 0.1221 -0.7033 -0.7003
vn 0.0023 -0.0135 -0.9999
vn -0.1201 0.6898 -0.7140
vn -0.1943 0.6731 0.7135
vn 0.0035 -0.0123 0.9999
vn 0.1977 -0.6855 0.7008
vn 0.2771 -0.9609 -0.0000
vn 0.1977 -0.6855 -0.7008
vn 0.0035 -0.0123 -0.9999
vn -0.1943 0.6731 -0.7135
vn -0.2623 0.6500 0.7132
vn -0.3743 0.9273 -0.0000
vn 0.0045 -0.0113 0.9999
vn 0.2667 -0.6613 0.7011
vn 0.3740 -0.9274 -0.0000
vn 0.2667 -0.6613 -0.7011
vn 0.0045 -0.0113 -0.9999
vn -0.2623 0.6500 -0.7132
vn -0.3248 0.6214 0.7130
vn -0.4633 0.8862 -0.0000
vn 0.0054 -0.0104 0.9999
vn 0.3302 -0.6318 0.7013
vn 0.4631 -0.8863 -0.0000
vn 0.3302 -0.6318 -0.7013
vn 0.0054 -0.0104 -0.9999
vn -0.3248 0.6214 -0.7130
vn -0.3824 0.5879 0.7128
vn -0.5453 0.8382 -0.0000
vn 0.0062 -0.0096 0.9999
vn 0.3886 -0.5975 0.7014
vn 0.5452 -0.8383 -0.0000
vn 0.3886 -0.5975 -0.7015
vn 0.0062 -0.0096 -0.9999
vn -0.3824 0.5879 -0.7128
vn -0.4352 0.5501 0.7127
vn -0.6205 0.7842 -0.0000
vn 0.0069 -0.0088 0.9999
vn 0.4421 -0.5589 0.7016
vn 0.6204 -0.7843 -0.0000
vn 0.4421 -0.5589 -0.7016
vn 0.0069 -0.0088 -0.9999
vn -0.4352 0.5501 -0.7127
vn -0.4834 0.5084 0.7126
vn -0.6891 0.7247 -0.0000
vn 0.0075 -0.0079 0.9999
vn 0.4909 -0.5164 0.7017
vn 0.6890 -0.7247 -0.0000
vn 0.4909 -0.5164 -0.7017
vn 0.0075 -0.0080 -0.9999
vn -0.4834 0.5084 -0.7126
vn -0.5270 0.4632 0.7126
vn -0.7511 0.6602 -0.0000
vn 0.0081 -0.0071 0.9999
vn 0.5351 -0.4704 0.7017
vn 0.7510 -0.6603 -0.0000
vn 0.5351 -0.4704 -0.7017
vn 0.0081 -0.0071 -0.9999
vn -0.5270 0.4632 -0.7125
vn -0.5658 0.4149 0.7125
vn -0.8064 0.5913 -0.0000
vn 0.0086 -0.0063 0.9999
vn 0.5745 -0.4213 0.7018
vn 0.8064 -0.5914 -0.0000
vn 0.5745 -0.4213 -0.7018
vn 0.0086 -0.0063 -0.9999
vn -0.5658 0.4149 -0.7125
vn -0.6000 0.3639 0.7124
vn -0.8551 0.5185 -0.0000
vn 0.0091 -0.0055 0.9999
vn 0.6091 -0.3694 0.7018
vn 0.8550 -0.5186 -0.0000
vn 0.6091 -0.3694 -0.7018
vn 0.0091 -0.0055 -0.9999
vn -0.6000 0.3639 -0.7125
vn -0.6294 0.3104 0.7124
vn -0.8969 0.4423 -0.0000
vn 0.0095 -0.0047 0.9999
vn 0.6388 -0.3151 0.7019
vn 0.8969 -0.4423 -0.0000
vn 0.6388 -0.3151 -0.7019
vn 0.0095 -0.0047 -0.9999
vn -0.6294 0.3104 -0.7124
vn -0.6539 0.2548 0.7124
vn -0.9318 0.3631 -0.0000
vn 0.0098 -0.0038 0.9999
vn 0.6637 -0.2586 0.7019
vn 0.9318 -0.3630 -0.0000
vn 0.6637 -0.2586 -0.7019
vn 0.0098 -0.0038 -0.9999
vn -0.6539 0.2548 -0.7124
vn -0.6735 0.1968 0.7125
vn -0.9598 0.2806 -0.0000
vn 0.0104 -0.0029 0.9999
vn 0.6841 -0.1991 0.7017
vn 0.9602 -0.2794 -0.0000
vn 0.6841 -0.1991 -0.7017
vn 0.0104 -0.0029 -0.9999
vn -0.6735 0.1968 -0.7125
vn -0.6888 0.1322 0.7128
vn -0.9817 0.1907 -0.0000
vn 0.0139 -0.0014 0.9999
vn 0.7035 -0.1260 0.6994
vn 0.9844 -0.1757 -0.0000
vn 0.7035 -0.1260 -0.6994
vn 0.0139 -0.0014 -0.9999
vn -0.6888 0.1322 -0.7128
vn -0.7039 0.1119 0.7014
vn -0.9796 0.2011 -0.0000
vn 0.0308 0.0089 0.9995
vn 0.7252 0.0227 0.6882
vn 0.7252 0.0227 -0.6882
vn 0.0308 0.0089 -0.9995
vn -0.7039 0.1119 -0.7014
vn -0.5589 -0.2428 0.7929
vn -0.9576 -0.2880 -0.0000
vn 0.0689 0.0404 0.9968
vn 0.6551 0.3395 0.6750
vn 0.8879 0.4601 -0.0000
vn 0.6551 0.3395 -0.6750
vn 0.0689 0.0404 -0.9968
vn -0.5589 -0.2428 -0.7929
vn -0.2662 -0.6247 0.7341
vn -0.3316 -0.9434 -0.0000
vn 0.0366 0.0560 0.9978
vn 0.3679 0.6375 0.6769
vn 0.4999 0.8661 -0.0000
vn 0.3679 0.6375 -0.6769
vn 0.0366 0.0560 -0.9978
vn -0.2662 -0.6247 -0.7341
vn -0.0893 -0.6958 0.7126
vn -0.1224 -0.9925 -0.0000
vn 0.0055 0.0202 0.9998
vn 0.1103 0.7118 0.6937
vn 0.1543 0.9880 -0.0000
vn 0.1103 0.7118 -0.6937
vn 0.0055 0.0202 -0.9998
vn -0.0893 -0.6958 -0.7126
vn -0.2055 -0.7195 0.6633
vn -0.2762 -0.9611 -0.0000
vn -0.0725 0.0156 0.9972
vn -0.4877 0.6621 0.5690
vn -0.5706 0.8212 -0.0000
vn -0.4877 0.6621 -0.5690
vn -0.0725 0.0156 -0.9972
vn -0.2055 -0.7195 -0.6633
vn -0.7076 -0.2299 0.6682
vn -0.9511 -0.3090 -0.0000
vn -0.2219 -0.0721 0.9724
vn -0.4784 -0.1554 0.8643
vn -0.4784 -0.1554 -0.8643
vn -0.2219 -0.0721 -0.9724
vn -0.7076 -0.2299 -0.6682
vn -0.5892 0.4614 0.6633
vn -0.7884 0.6152 -0.0000
vn -0.0495 -0.0553 0.9972
vn -0.0054 -0.8223 0.5690
vn 0.0211 -0.9998 -0.0000
vn -0.0054 -0.8223 -0.5690
vn -0.0495 -0.0553 -0.9972
vn -0.5892 0.4614 -0.6633
vn -0.4812 0.5105 0.7126
vn -0.6824 0.7310 -0.0000
vn 0.0163 -0.0131 0.9998
vn 0.5077 -0.5110 0.6937
vn 0.7056 -0.7086 -0.0000
vn 0.5077 -0.5110 -0.6936
vn 0.0163 -0.0131 -0.9998
vn -0.4812 0.5105 -0.7126
vn -0.5826 0.3489 0.7341
vn -0.8228 0.5683 -0.0000
vn 0.0625 -0.0238 0.9978
vn 0.6723 -0.2996 0.6769
vn 0.9135 -0.4068 -0.0000
vn 0.6723 -0.2996 -0.6769
vn 0.0625 -0.0238 -0.9978
vn -0.5826 0.3489 -0.7341
vn -0.5949 -0.1322 0.7929
vn -0.9440 -0.3299 -0.0000
vn 0.0795 0.0078 0.9968
vn 0.7295 0.1104 0.6750
vn 0.9887 0.1496 -0.0000
vn 0.7295 0.1104 -0.6750
vn 0.0795 0.0078 -0.9968
vn -0.5949 -0.1322 -0.7929
vn -0.5037 -0.5042 0.7014
vn -0.6743 -0.7385 -0.0000
vn 0.0301 0.0109 0.9995
vn 0.6000 0.4079 0.6882
vn 0.8280 0.5607 -0.0000
vn 0.6000 0.4079 -0.6882
vn 0.0301 0.0109 -0.9995
vn -0.5037 -0.5042 -0.7014
vn -0.4795 -0.5118 0.7128
vn -0.6821 -0.7312 -0.0000
vn 0.0105 0.0093 0.9999
vn 0.4951 0.5155 0.6994
vn 0.6931 0.7208 -0.0000
vn 0.4951 0.5155 -0.6994
vn 0.0105 0.0093 -0.9999
vn -0.4795 -0.5118 -0.7128
vn -0.4292 -0.5551 0.7125
vn -0.6115 -0.7912 -0.0000
vn 0.0067 0.0085 0.9999
vn 0.4364 0.5632 0.7016
vn 0.6126 0.7904 -0.0000
vn 0.4364 0.5632 -0.7016
vn 0.0067 0.0085 -0.9999
vn -0.4292 -0.5551 -0.7125
vn -0.3792 -0.5905 0.7124
vn -0.5404 -0.8414 -0.0000
vn 0.0057 0.0089 0.9999
vn 0.3850 0.5993 0.7019
vn 0.5405 0.8414 -0.0000
vn 0.3850 0.5993 -0.7019
vn 0.0057 0.0089 -0.9999
vn -0.3792 -0.5905 -0.7124
vn -0.3267 -0.6210 0.7124
vn -0.4656 -0.8850 -0.0000
vn 0.0049 0.0093 0.9999
vn 0.3317 0.6304 0.7019
vn 0.4656 0.8850 -0.0000
vn 0.3317 0.6304 -0.7019
vn 0.0049 0.0093 -0.9999
vn -0.3267 -0.6210 -0.7124
vn -0.2715 -0.6471 0.7125
vn -0.3870 -0.9221 -0.0000
vn 0.0041 0.0098 0.9999
vn 0.2756 0.6568 0.7018
vn 0.3869 0.9221 -0.0000
vn 0.2756 0.6568 -0.7018
vn 0.0041 0.0098 -0.9999
vn -0.2715 -0.6471 -0.7125
vn -0.2139 -0.6683 0.7125
vn -0.3048 -0.9524 -0.0000
vn 0.0033 0.0102 0.9999
vn 0.2171 0.6785 0.7018
vn 0.3048 0.9524 -0.0000
vn 0.2171 0.6785 -0.7018
vn 0.0033 0.0102 -0.9999
vn -0.2139 -0.6683 -0.7125
vn -0.1540 -0.6845 0.7126
vn -0.2196 -0.9756 -0.0000
vn 0.0024 0.0106 0.9999
vn 0.1564 0.6951 0.7017
vn 0.2195 0.9756 -0.0000
vn 0.1564 0.6951 -0.7017
vn 0.0024 0.0106 -0.9999
vn -0.1540 -0.6845 -0.7126
vn -0.0923 -0.6955 0.7126
vn -0.1315 -0.9913 -0.0000
vn 0.0014 0.0109 0.9999
vn 0.0937 0.7063 0.7017
vn 0.0937 0.7063 -0.7017
vn 0.0014 0.0109 -0.9999
vn -0.0923 -0.6954 -0.7126
vn -0.0288 -0.7009 0.7127
vn -0.0411 -0.9992 -0.0000
vn 0.0004 0.0111 0.9999
vn 0.0292 0.7120 0.7016
vn 0.0409 0.9992 -0.0000
vn 0.0292 0.7120 -0.7016
vn 0.0004 0.0111 -0.9999
vn -0.0288 -0.7009 -0.7127
vn 0.0362 -0.7004 0.7128
vn 0.0515 -0.9987 -0.0000
vn -0.0006 0.0114 0.9999
vn -0.0368 0.7118 0.7014
vn -0.0517 0.9987 -0.0000
vn -0.0368 0.7118 -0.7014
vn -0.0006 0.0114 -0.9999
vn 0.0362 -0.7004 -0.7128
vn 0.1024 -0.6936 0.7130
vn 0.1461 -0.9893 -0.0000
vn -0.0017 0.0116 0.9999
vn -0.1043 0.7052 0.7013
vn -0.1463 0.9892 -0.0000
vn -0.1043 0.7052 -0.7013
vn -0.0017 0.0116 -0.9999
vn 0.1024 -0.6936 -0.7130
vn 0.1699 -0.6800 0.7132
vn 0.2423 -0.9702 -0.0000
vn -0.0030 0.0118 0.9999
vn -0.1730 0.6918 0.7011
vn -0.2426 0.9701 -0.0000
vn -0.1730 0.6918 -0.7011
vn -0.0030 0.0118 -0.9999
vn 0.1699 -0.6800 -0.7132
vn 0.2384 -0.6588 0.7135
vn -0.0044 0.0120 0.9999
vn -0.2430 0.6707 0.7008
vn -0.3406 0.9402 -0.0000
vn -0.2430 0.6707 -0.7008
vn -0.0044 0.0120 -0.9999
vn 0.2384 -0.6588 -0.7135
vn 0.3083 -0.6286 0.7140
vn 0.4402 -0.8979 -0.0000
vn -0.0061 0.0123 0.9999
vn -0.3146 0.6408 0.7003
vn -0.4408 0.8976 -0.0000
vn -0.3146 0.6408 -0.7003
vn -0.0061 0.0123 -0.9999
vn 0.3083 -0.6286 -0.7140
vn 0.3801 -0.5872 0.7146
vn 0.5431 -0.8397 -0.0000
vn -0.0085 0.0127 0.9999
vn -0.3895 0.5993 0.6993
vn -0.5451 0.8384 -0.0000
vn -0.3895 0.5993 -0.6993
vn -0.0085 0.0127 -0.9999
vn 0.3801 -0.5872 -0.7146
vn 0.4493 -0.6149 0.6481
vn -0.0784 0.0065 0.9969
vn -0.6650 0.4819 0.5706
vn -0.8149 0.5795 -0.0000
vn -0.6650 0.4819 -0.5706
vn -0.0784 0.0065 -0.9969
vn 0.4493 -0.6149 -0.6481
vn -0.3584 -0.4933 0.7926
vn -0.5878 -0.8090 -0.0000
vn -0.0831 -0.1143 0.9900
vn -0.1281 -0.1763 0.9760
vn -0.1281 -0.1763 -0.9760
vn -0.0831 -0.1143 -0.9900
vn -0.3584 -0.4933 -0.7926
vn -0.7236 0.2373 0.6481
vn -0.9564 0.2920 -0.0000
vn 0.0304 -0.0725 0.9969
vn 0.6638 -0.4835 0.5706
vn 0.8030 -0.5960 -0.0000
vn 0.6638 -0.4835 -0.5706
vn 0.0304 -0.0725 -0.9969
vn -0.7236 0.2373 -0.6481
vn -0.6760 0.1800 0.7146
vn -0.9664 0.2571 -0.0000
vn 0.0147 -0.0041 0.9999
vn 0.6904 -0.1853 0.6993
vn 0.9658 -0.2593 -0.0000
vn 0.6904 -0.1853 -0.6993
vn 0.0147 -0.0041 -0.9999
vn -0.6760 0.1800 -0.7146
vn -0.6931 0.0989 0.7140
vn -0.9900 0.1412 -0.0000
vn 0.0136 -0.0020 0.9999
vn 0.7066 -0.1012 0.7003
vn 0.9899 -0.1419 -0.0000
vn 0.7066 -0.1012 -0.7003
vn 0.0136 -0.0020 -0.9999
vn -0.6931 0.0989 -0.7140
vn -0.7002 0.0232 0.7135
vn 0.0128 -0.0005 0.9999
vn 0.7130 -0.0238 0.7008
vn 0.9994 -0.0334 -0.0000
vn 0.7130 -0.0238 -0.7008
vn 0.0128 -0.0005 -0.9999
vn -0.7002 0.0232 -0.7135
vn -0.6992 -0.0486 0.7132
vn -0.9976 -0.0694 -0.0000
vn 0.0121 0.0008 0.9999
vn 0.7114 0.0493 0.7011
vn 0.9976 0.0691 -0.0000
vn 0.7114 0.0493 -0.7011
vn 0.0121 0.0008 -0.9999
vn -0.6992 -0.0486 -0.7132
vn -0.6913 -0.1169 0.7130
vn -0.9860 -0.1668 -0.0000
vn 0.0116 0.0019 0.9999
vn 0.7029 0.1188 0.7013
vn 0.9860 0.1666 -0.0000
vn 0.7029 0.1188 -0.7013
vn 0.0116 0.0019 -0.9999
vn -0.6913 -0.1169 -0.7130
vn -0.6773 -0.1820 0.7128
vn -0.9657 -0.2596 -0.0000
vn 0.0110 0.0029 0.9999
vn 0.6883 0.1849 0.7014
vn 0.9658 0.2594 -0.0000
vn 0.6883 0.1849 -0.7014
vn 0.0110 0.0029 -0.9999
vn -0.6773 -0.1820 -0.7128
vn -0.6577 -0.2440 0.7127
vn -0.9376 -0.3478 -0.0000
vn 0.0105 0.0039 0.9999
vn 0.6681 0.2478 0.7016
vn 0.9376 0.3477 -0.0000
vn 0.6681 0.2478 -0.7016
vn 0.0105 0.0039 -0.9999
vn -0.6577 -0.2440 -0.7127
vn -0.6329 -0.3027 0.7126
vn -0.9021 -0.4314 -0.0000
vn 0.0099 0.0047 0.9999
vn 0.6428 0.3073 0.7017
vn 0.9022 0.4313 -0.0000
vn 0.6428 0.3073 -0.7017
vn 0.0099 0.0047 -0.9999
vn -0.6329 -0.3027 -0.7126
vn -0.6034 -0.3580 0.7126
vn -0.8600 -0.5103 -0.0000
vn 0.0093 0.0055 0.9999
vn 0.6127 0.3635 0.7017
vn 0.8600 0.5102 -0.0000
vn 0.6127 0.3635 -0.7017
vn 0.0093 0.0055 -0.9999
vn -0.6034 -0.3580 -0.7126
vn -0.5695 -0.4099 0.7125
vn -0.8116 -0.5842 -0.0000
vn 0.0087 0.0062 0.9999
vn 0.5782 0.4162 0.7018
vn 0.8116 0.5842 -0.0000
vn 0.5782 0.4162 -0.7018
vn 0.0087 0.0062 -0.9999
vn -0.5695 -0.4099 -0.7125
vn -0.5315 -0.4582 0.7125
vn -0.7574 -0.6530 -0.0000
vn 0.0080 0.0069 0.9999
vn 0.5395 0.4651 0.7018
vn 0.7574 0.6530 -0.0000
vn 0.5395 0.4651 -0.7018
vn 0.0080 0.0069 -0.9999
vn -0.5315 -0.4582 -0.7125
vn -0.4897 -0.5027 0.7124
vn -0.6978 -0.7163 -0.0000
vn 0.0074 0.0076 0.9999
vn 0.4971 0.5102 0.7019
vn 0.6978 0.7163 -0.0000
vn 0.4971 0.5102 -0.7019
vn 0.0074 0.0076 -0.9999
vn -0.4897 -0.5027 -0.7124
vn -0.4444 -0.5431 0.7124
vn -0.6332 -0.7740 -0.0000
vn 0.0067 0.0082 0.9999
vn 0.4510 0.5513 0.7019
vn 0.6332 0.7740 -0.0000
vn 0.4510 0.5513 -0.7019
vn 0.0067 0.0082 -0.9999
vn -0.4444 -0.5431 -0.7124
vn -0.3953 -0.5798 0.7125
vn -0.5635 -0.8261 -0.0000
vn 0.0060 0.0090 0.9999
vn 0.4008 0.5891 0.7017
vn 0.5624 0.8268 -0.0000
vn 0.4008 0.5891 -0.7016
vn 0.0060 0.0090 -0.9999
vn -0.3953 -0.5798 -0.7125
vn -0.3386 -0.6142 0.7128
vn -0.4847 -0.8747 -0.0000
vn 0.0056 0.0128 0.9999
vn 0.3373 0.6301 0.6994
vn 0.4713 0.8820 -0.0000
vn 0.3373 0.6301 -0.6994
vn 0.0056 0.0128 -0.9999
vn -0.3386 -0.6142 -0.7128
vn -0.3239 -0.6349 0.7014
vn -0.4940 -0.8695 -0.0000
vn 0.0010 0.0320 0.9995
vn 0.2025 0.6967 0.6882
vn 0.2025 0.6967 -0.6882
vn 0.0010 0.0320 -0.9995
vn -0.3239 -0.6349 -0.7014
vn 0.0582 -0.6066 0.7929
vn -0.0220 -0.9998 -0.0000
vn -0.0171 0.0780 0.9968
vn -0.1204 0.7279 0.6750
vn -0.1632 0.9866 -0.0000
vn -0.1204 0.7279 -0.6750
vn -0.0171 0.0780 -0.9968
vn 0.0582 -0.6066 -0.7929
vn 0.5119 -0.4462 0.7341
vn 0.7948 -0.6069 -0.0000
vn -0.0419 0.0521 0.9978
vn -0.4927 0.5469 0.6769
vn -0.6692 0.7431 -0.0000
vn -0.4927 0.5469 -0.6769
vn -0.0419 0.0521 -0.9978
vn 0.5119 -0.4462 -0.7341
vn 0.6342 -0.2999 0.7126
vn 0.9061 -0.4231 -0.0000
vn -0.0175 0.0115 0.9998
vn -0.6429 0.3249 0.6936
vn -0.8920 0.4520 -0.0000
vn -0.6429 0.3249 -0.6936
vn -0.0175 0.0115 -0.9998
vn 0.6342 -0.2999 -0.7126
vn 0.6208 -0.4178 0.6634
vn -0.0373 -0.0641 0.9972
vn -0.7804 -0.2593 0.5690
vn -0.9574 -0.2889 -0.0000
vn -0.7804 -0.2593 -0.5690
vn -0.0373 -0.0641 -0.9972
vn 0.6208 -0.4178 -0.6634
vn -0.6905 -0.0000 0.7234
vn -0.6669 -0.1787 0.7234
vn -0.9659 -0.2588 -0.0000
vn -1.0000 -0.0000 -0.0000
vn 0.0319 -0.0000 0.9995
vn 0.0308 0.0082 0.9995
vn 0.7223 -0.0000 0.6915
vn 0.6977 0.1870 0.6915
vn 0.9659 0.2588 -0.0000
vn 0.7223 -0.0000 -0.6915
vn 0.6977 0.1870 -0.6915
vn 0.0319 -0.0000 -0.9995
vn 0.0308 0.0082 -0.9995
vn -0.6905 -0.0000 -0.7234
vn -0.6669 -0.1787 -0.7234
vn -0.5980 -0.3452 0.7234
vn -0.8660 -0.5000 -0.0000
vn 0.0276 0.0159 0.9995
vn 0.6256 0.3612 0.6915
vn 0.8660 0.5000 -0.0000
vn 0.6256 0.3612 -0.6915
vn 0.0276 0.0159 -0.9995
vn -0.5980 -0.3452 -0.7234
vn -0.4882 -0.4882 0.7234
vn 0.0225 0.0225 0.9995
vn 0.5108 0.5108 0.6915
vn 0.5108 0.5108 -0.6915
vn 0.0225 0.0225 -0.9995
vn -0.4882 -0.4882 -0.7234
vn -0.3452 -0.5980 0.7234
vn -0.5000 -0.8660 -0.0000
vn 0.0159 0.0276 0.9995
vn 0.3612 0.6256 0.6915
vn 0.5000 0.8660 -0.0000
vn 0.3612 0.6256 -0.6915
vn 0.0159 0.0276 -0.9995
vn -0.3452 -0.5980 -0.7234
vn -0.1787 -0.6669 0.7234
vn -0.2588 -0.9659 -0.0000
vn 0.0082 0.0308 0.9995
vn 0.1870 0.6977 0.6915
vn 0.2588 0.9659 -0.0000
vn 0.1870 0.6977 -0.6915
vn 0.0082 0.0308 -0.9995
vn -0.1787 -0.6669 -0.7234
vn -0.0000 -0.6905 0.7234
vn -0.0000 0.0318 0.9995
vn -0.0000 0.7223 0.6915
vn -0.0000 0.7223 -0.6915
vn -0.0000 0.0319 -0.9995
vn -0.0000 -0.6905 -0.7234
vn 0.1787 -0.6669 0.7234
vn 0.2588 -0.9659 -0.0000
vn -0.0082 0.0308 0.9995
vn -0.1870 0.6977 0.6915
vn -0.2588 0.9659 -0.0000
vn -0.1870 0.6977 -0.6915
vn -0.0082 0.0308 -0.9995
vn 0.1787 -0.6669 -0.7234
vn 0.3452 -0.5980 0.7234
vn 0.5000 -0.8660 -0.0000
vn -0.0159 0.0276 0.9995
vn -0.3612 0.6256 0.6915
vn -0.5000 0.8660 -0.0000
vn -0.3612 0.6256 -0.6915
vn -0.0159 0.0276 -0.9995
vn 0.3452 -0.5980 -0.7234
vn 0.4882 -0.4882 0.7234
vn -0.0225 0.0225 0.9995
vn -0.5108 0.5108 0.6915
vn -0.5108 0.5108 -0.6915
vn -0.0225 0.0225 -0.9995
vn 0.4882 -0.4882 -0.7234
vn 0.5980 -0.3452 0.7234
vn 0.8660 -0.5000 -0.0000
vn -0.0276 0.0159 0.9995
vn -0.6256 0.3612 0.6915
vn -0.8660 0.5000 -0.0000
vn -0.6256 0.3612 -0.6915
vn -0.0276 0.0159 -0.9995
vn 0.5980 -0.3452 -0.7234
vn 0.6669 -0.1787 0.7234
vn 0.9659 -0.2588 -0.0000
vn -0.0308 0.0082 0.9995
vn -0.6977 0.1870 0.6915
vn -0.9659 0.2588 -0.0000
vn -0.6977 0.1870 -0.6915
vn -0.0308 0.0082 -0.9995
vn 0.6669 -0.1787 -0.7234
vn 0.6905 -0.0000 0.7234
vn -0.0319 -0.0000 0.9995
vn -0.7223 -0.0000 0.6915
vn -0.7223 -0.0000 -0.6915
vn -0.0319 -0.0000 -0.9995
vn 0.6905 -0.0000 -0.7234
vn 0.6669 0.1787 0.7234
vn -0.0308 -0.0082 0.9995
vn -0.6977 -0.1870 0.6915
vn -0.6977 -0.1870 -0.6915
vn -0.0308 -0.0082 -0.9995
vn 0.6669 0.1787 -0.7234
vn 0.5980 0.3452 0.7234
vn -0.0276 -0.0159 0.9995
vn -0.6256 -0.3612 0.6915
vn -0.6256 -0.3612 -0.6915
vn -0.0276 -0.0159 -0.9995
vn 0.5980 0.3452 -0.7234
vn 0.4882 0.4882 0.7234
vn -0.0225 -0.0225 0.9995
vn -0.5108 -0.5108 0.6915
vn -0.5108 -0.5108 -0.6915
vn -0.0225 -0.0225 -0.9995
vn 0.4882 0.4882 -0.7234
vn 0.3452 0.5980 0.7234
vn -0.0159 -0.0276 0.9995
vn -0.3612 -0.6256 0.6915
vn -0.3612 -0.6256 -0.6915
vn -0.0159 -0.0276 -0.9995
vn 0.3452 0.5980 -0.7234
vn 0.1787 0.6669 0.7234
vn -0.0082 -0.0308 0.9995
vn -0.1870 -0.6977 0.6915
vn -0.1870 -0.6977 -0.6915
vn -0.0082 -0.0308 -0.9995
vn 0.1787 0.6669 -0.7234
vn -0.0000 0.6905 0.7234
vn -0.0000 -0.0319 0.9995
vn -0.0000 -0.7223 0.6915
vn -0.0000 -0.7223 -0.6915
vn -0.0000 -0.0319 -0.9995
vn -0.0000 0.6905 -0.7234
vn -0.1787 0.6669 0.7234
vn 0.0082 -0.0308 0.9995
vn 0.1870 -0.6977 0.6915
vn 0.1870 -0.6977 -0.6915
vn 0.0082 -0.0308 -0.9995
vn -0.1787 0.6669 -0.7234
vn -0.3452 0.5980 0.7234
vn 0.0159 -0.0276 0.9995
vn 0.3612 -0.6256 0.6915
vn 0.3612 -0.6256 -0.6915
vn 0.0159 -0.0276 -0.9995
vn -0.3452 0.5980 -0.7234
vn -0.4882 0.4882 0.7234
vn 0.0225 -0.0225 0.9995
vn 0.5108 -0.5108 0.6915
vn 0.5108 -0.5108 -0.6915
vn 0.0225 -0.0225 -0.9995
vn -0.4882 0.4882 -0.7234
vn -0.5980 0.3452 0.7234
vn 0.0276 -0.0159 0.9995
vn 0.6256 -0.3612 0.6915
vn 0.6256 -0.3612 -0.6915
vn 0.0276 -0.0159 -0.9995
vn -0.5980 0.3452 -0.7234
vn -0.6669 0.1787 0.7234
vn 0.0308 -0.0082 0.9995
vn 0.6977 -0.1870 0.6915
vn 0.6977 -0.1870 -0.6915
vn 0.0308 -0.0082 -0.9995
vn -0.6669 0.1787 -0.7234
vn -0.9952 -0.0980 -0.0000
vn -0.9569 -0.2903 -0.0000
vn -0.8819 -0.4714 -0.0000
vn -0.7730 -0.6344 -0.0000
vn -0.6344 -0.7730 -0.0000
vn -0.4714 -0.8819 -0.0000
vn -0.2903 -0.9569 -0.0000
vn -0.0980 -0.9952 -0.0000
vn 0.0980 -0.9952 -0.0000
vn 0.2903 -0.9569 -0.0000
vn 0.4714 -0.8819 -0.0000
vn 0.6344 -0.7730 -0.0000
vn 0.7730 -0.6344 -0.0000
vn 0.8819 -0.4714 -0.0000
vn 0.9569 -0.2903 -0.0000
vn 0.9952 -0.0980 -0.0000
vn 0.9952 0.0980 -0.0000
vn 0.9569 0.2903 -0.0000
vn 0.8819 0.4714 -0.0000
vn 0.7730 0.6344 -0.0000
vn 0.6344 0.7730 -0.0000
vn 0.4714 0.8819 -0.0000
vn 0.2903 0.9569 -0.0000
vn 0.0980 0.9952 -0.0000
vn -0.0980 0.9952 -0.0000
vn -0.2903 0.9569 -0.0000
vn -0.4714 0.8819 -0.0000
vn -0.6344 0.7730 -0.0000
vn -0.7730 0.6344 -0.0000
vn -0.8819 0.4714 -0.0000
vn -0.9569 0.2903 -0.0000
vn -0.9952 0.0980 -0.0000
vn 0.1951 0.9808 -0.0000
vn 0.5556 0.8315 -0.0000
vn 0.8315 0.5556 -0.0000
vn 0.9808 0.1951 -0.0000
vn 0.9808 -0.1951 -0.0000
vn 0.8315 -0.5556 -0.0000
vn 0.5556 -0.8315 -0.0000
vn 0.1951 -0.9808 -0.0000
vn -0.1951 -0.9808 -0.0000
vn -0.5556 -0.8315 -0.0000
vn -0.8315 -0.5556 -0.0000
vn -0.9808 -0.1951 -0.0000
vn -0.9808 0.1951 -0.0000
vn -0.8315 0.5556 -0.0000
vn -0.5556 0.8315 -0.0000
vn -0.1951 0.9808 -0.0000
vn 0.6989 0.0953 0.7089
vn 0.6975 0.1037 0.7090
vn 0.9839 0.1789 0.0010
vn 0.9861 0.1662 0.0006
vn 0.0013 -0.0315 0.9995
vn 0.0018 -0.0322 0.9995
vn -0.6956 -0.1396 0.7048
vn -0.6937 -0.1491 0.7047
vn -0.9861 -0.1662 -0.0002
vn -0.9839 -0.1789 -0.0007
vn -0.7025 -0.0960 -0.7052
vn -0.7008 -0.1044 -0.7057
vn -0.0082 0.0303 -0.9995
vn -0.0080 0.0311 -0.9995
vn 0.6923 0.1391 -0.7081
vn 0.6908 0.1486 -0.7076
vn 0.6951 0.1186 0.7091
vn 0.9796 0.2012 0.0017
vn 0.0028 -0.0335 0.9994
vn -0.6901 -0.1658 0.7045
vn -0.9796 -0.2012 -0.0014
vn -0.6975 -0.1192 -0.7066
vn -0.0075 0.0325 -0.9994
vn 0.6879 0.1654 -0.7067
vn 0.6934 0.1289 0.7089
vn 0.9763 0.2165 0.0022
vn 0.0040 -0.0342 0.9994
vn -0.6872 -0.1772 0.7045
vn -0.9763 -0.2165 -0.0020
vn -0.6948 -0.1293 -0.7074
vn -0.0067 0.0336 -0.9994
vn 0.6859 0.1770 -0.7059
vn 0.6930 0.1336 0.7085
vn 0.9748 0.2233 0.0024
vn 0.0052 -0.0344 0.9994
vn -0.6855 -0.1822 0.7049
vn -0.9748 -0.2233 -0.0023
vn -0.6932 -0.1336 -0.7082
vn -0.0057 0.0343 -0.9994
vn 0.6853 0.1821 -0.7051
vn 0.6941 0.1317 0.7077
vn 0.9754 0.2203 0.0022
vn 0.0064 -0.0339 0.9994
vn -0.6855 -0.1798 0.7056
vn -0.9754 -0.2203 -0.0023
vn -0.6930 -0.1315 -0.7088
vn -0.0044 0.0344 -0.9994
vn 0.6864 0.1800 -0.7046
vn 0.6967 0.1230 0.7067
vn 0.9784 0.2069 0.0017
vn 0.0075 -0.0329 0.9994
vn -0.6870 -0.1697 0.7065
vn -0.9784 -0.2069 -0.0019
vn -0.6943 -0.1224 -0.7092
vn -0.0030 0.0338 -0.9994
vn 0.6892 0.1701 -0.7043
vn 0.7004 0.1075 0.7056
vn 0.9830 0.1834 0.0008
vn 0.0084 -0.0313 0.9995
vn -0.6900 -0.1520 0.7077
vn -0.9830 -0.1834 -0.0012
vn -0.6968 -0.1067 -0.7093
vn -0.0015 0.0326 -0.9995
vn 0.6932 0.1525 -0.7044
vn 0.7046 0.0858 0.7044
vn 0.9886 0.1508 -0.0003
vn 0.0091 -0.0293 0.9995
vn -0.6936 -0.1275 0.7090
vn -0.9886 -0.1508 -0.0002
vn -0.6999 -0.0850 -0.7092
vn -0.0001 0.0306 -0.9995
vn 0.6979 0.1280 -0.7047
vn 0.7085 0.0592 0.7032
vn 0.9938 0.1108 -0.0015
vn 0.0095 -0.0270 0.9996
vn -0.6972 -0.0976 0.7102
vn -0.9938 -0.1108 0.0009
vn -0.7030 -0.0585 -0.7088
vn 0.0010 0.0281 -0.9996
vn 0.7022 0.0980 -0.7052
vn 0.7114 0.0292 0.7022
vn 0.9978 0.0658 -0.0028
vn 0.0098 -0.0245 0.9997
vn -0.7000 -0.0640 0.7113
vn -0.9978 -0.0658 0.0021
vn -0.7054 -0.0287 -0.7082
vn 0.0016 0.0252 -0.9997
vn 0.7054 0.0642 -0.7059
vn 0.7128 -0.0025 0.7013
vn 0.9998 0.0183 -0.0039
vn 0.0098 -0.0219 0.9997
vn -0.7014 -0.0285 0.7122
vn -0.9998 -0.0183 0.0032
vn -0.7067 0.0027 -0.7076
vn 0.0019 0.0221 -0.9998
vn 0.7069 0.0285 -0.7067
vn 0.7126 -0.0342 0.7007
vn 0.9996 -0.0292 -0.0048
vn 0.0097 -0.0193 0.9998
vn -0.7013 0.0070 0.7128
vn -0.9996 0.0292 0.0042
vn -0.7065 0.0341 -0.7068
vn 0.0018 0.0190 -0.9998
vn 0.7067 -0.0072 -0.7075
vn 0.7110 -0.0659 0.7001
vn 0.9970 -0.0766 -0.0057
vn 0.0099 -0.0167 0.9998
vn -0.6993 0.0424 0.7135
vn -0.9970 0.0766 0.0050
vn -0.7048 0.0655 -0.7064
vn 0.0017 0.0158 -0.9999
vn 0.7048 -0.0429 -0.7081
vn 0.7077 -0.0974 0.6997
vn 0.9923 -0.1238 -0.0064
vn 0.0101 -0.0141 0.9998
vn -0.6958 0.0777 0.7140
vn -0.9923 0.1239 0.0057
vn -0.7017 0.0967 -0.7058
vn 0.0013 0.0127 -0.9999
vn 0.7012 -0.0784 -0.7086
vn 0.7031 -0.1272 0.6996
vn 0.9857 -0.1685 -0.0068
vn 0.0100 -0.0116 0.9999
vn -0.6911 0.1112 0.7141
vn -0.9857 0.1686 0.0062
vn -0.6976 0.1263 -0.7053
vn 0.0004 0.0098 -1.0000
vn 0.6960 -0.1120 -0.7092
vn 0.6976 -0.1536 0.6998
vn 0.9781 -0.2082 -0.0071
vn 0.0097 -0.0093 0.9999
vn -0.6858 0.1409 0.7141
vn -0.9781 0.2082 0.0066
vn -0.6929 0.1526 -0.7046
vn -0.0008 0.0074 -1.0000
vn 0.6900 -0.1418 -0.7098
vn 0.6922 -0.1750 0.7002
vn 0.9706 -0.2405 -0.0073
vn 0.0091 -0.0072 0.9999
vn -0.6807 0.1651 0.7137
vn -0.9706 0.2405 0.0069
vn -0.6886 0.1741 -0.7040
vn -0.0023 0.0056 -1.0000
vn 0.6839 -0.1659 -0.7104
vn 0.6875 -0.1903 0.7008
vn 0.9646 -0.2637 -0.0073
vn 0.0083 -0.0056 0.9999
vn -0.6767 0.1826 0.7132
vn -0.9646 0.2637 0.0070
vn -0.6852 0.1897 -0.7033
vn -0.0038 0.0044 -1.0000
vn 0.6788 -0.1832 -0.7111
vn 0.6844 -0.1989 0.7015
vn 0.9609 -0.2768 -0.0073
vn 0.0073 -0.0045 1.0000
vn -0.6746 0.1926 0.7126
vn -0.9609 0.2768 0.0071
vn -0.6834 0.1986 -0.7025
vn -0.0053 0.0039 -1.0000
vn 0.6755 -0.1929 -0.7117
vn 0.6832 -0.2007 0.7021
vn 0.9600 -0.2798 -0.0072
vn 0.0061 -0.0040 1.0000
vn -0.6745 0.1950 0.7121
vn -0.9600 0.2798 0.0072
vn -0.6835 0.2007 -0.7018
vn -0.0066 0.0041 -1.0000
vn 0.6743 -0.1950 -0.7123
vn 0.6839 -0.1961 0.7028
vn 0.9619 -0.2731 -0.0071
vn 0.0048 -0.0040 1.0000
vn -0.6765 0.1902 0.7115
vn -0.9619 0.2731 0.0073
vn -0.6853 0.1965 -0.7012
vn -0.0076 0.0048 -1.0000
vn 0.6752 -0.1898 -0.7128
vn 0.6861 -0.1859 0.7033
vn 0.9661 -0.2580 -0.0070
vn 0.0037 -0.0047 1.0000
vn -0.6800 0.1790 0.7110
vn -0.9661 0.2580 0.0073
vn -0.6886 0.1865 -0.7008
vn -0.0083 0.0060 -0.9999
vn 0.6778 -0.1784 -0.7133
vn 0.6895 -0.1712 0.7038
vn 0.9717 -0.2360 -0.0068
vn 0.0026 -0.0059 1.0000
vn -0.6846 0.1625 0.7106
vn -0.9717 0.2360 0.0072
vn -0.6927 0.1720 -0.7004
vn -0.0087 0.0074 -0.9999
vn 0.6817 -0.1618 -0.7135
vn 0.6913 -0.1628 0.7040
vn 0.9747 -0.2234 -0.0068
vn 0.0021 -0.0067 1.0000
vn -0.6870 0.1531 0.7104
vn -0.9747 0.2234 0.0072
vn -0.6949 0.1636 -0.7003
vn -0.0088 0.0082 -0.9999
vn 0.6838 -0.1524 -0.7136
vt 0.000000 1.000000
vt 0.027027 1.000000
vt 0.027027 0.875000
vt 0.000000 0.875000
vt 0.000000 0.125000
vt 0.027027 0.125000
vt 0.027027 0.000000
vt 0.000000 0.000000
vt 0.000000 0.250000
vt 0.027027 0.250000
vt 0.000000 0.375000
vt 0.027027 0.375000
vt 0.000000 0.500000
vt 0.027027 0.500000
vt 0.000000 0.625000
vt 0.027027 0.625000
vt 0.000000 0.750000
vt 0.027027 0.750000
vt 0.054054 1.000000
vt 0.054054 0.875000
vt 0.054054 0.125000
vt 0.054054 0.000000
vt 0.054054 0.250000
vt 0.054054 0.375000
vt 0.054054 0.500000
vt 0.054054 0.625000
vt 0.054054 0.750000
vt 0.081081 1.000000
vt 0.081081 0.875000
vt 0.081081 0.125000
vt 0.081081 0.000000
vt 0.081081 0.250000
vt 0.081081 0.375000
vt 0.081081 0.500000
vt 0.081081 0.625000
vt 0.081081 0.750000
vt 0.108108 1.000000
vt 0.108108 0.875000
vt 0.108108 0.125000
vt 0.108108 0.000000
vt 0.108108 0.250000
vt 0.108108 0.375000
vt 0.108108 0.500000
vt 0.108108 0.625000
vt 0.108108 0.750000
vt 0.135135 1.000000
vt 0.135135 0.875000
vt 0.135135 0.125000
vt 0.135135 0.000000
vt 0.135135 0.250000
vt 0.135135 0.375000
vt 0.135135 0.500000
vt 0.135135 0.625000
vt 0.135135 0.750000
vt 0.162162 1.000000
vt 0.162162 0.875000
vt 0.162162 0.125000
vt 0.162162 0.000000
vt 0.162162 0.250000
vt 0.162162 0.375000
vt 0.162162 0.500000
vt 0.162162 0.625000
vt 0.162162 0.750000
vt 0.189189 1.000000
vt 0.189189 0.875000
vt 0.189189 0.125000
vt 0.189189 0.000000
vt 0.189189 0.250000
vt 0.189189 0.375000
vt 0.189189 0.500000
vt 0.189189 0.625000
vt 0.189189 0.750000
vt 0.216216 1.000000
vt 0.216216 0.875000
vt 0.216216 0.125000
vt 0.216216 0.000000
vt 0.216216 0.250000
vt 0.216216 0.375000
vt 0.216216 0.500000
vt 0.216216 0.625000
vt 0.216216 0.750000
vt 0.243243 1.000000
vt 0.243243 0.875000
vt 0.243243 0.125000
vt 0.243243 0.000000
vt 0.243243 0.250000
vt 0.243243 0.375000
vt 0.243243 0.500000
vt 0.243243 0.625000
vt 0.243243 0.750000
vt 0.270270 1.000000
vt 0.270270 0.875000
vt 0.270270 0.125000
vt 0.270270 0.000000
vt 0.270270 0.250000
vt 0.270270 0.375000
vt 0.270270 0.500000
vt 0.270270 0.625000
vt 0.270270 0.750000
vt 0.297297 1.000000
vt 0.297297 0.875000
vt 0.297297 0.125000
vt 0.297297 0.000000
vt 0.297297 0.250000
vt 0.297297 0.375000
vt 0.297297 0.500000
vt 0.297297 0.625000
vt 0.297297 0.750000
vt 0.324324 1.000000
vt 0.324324 0.875000
vt 0.324324 0.125000
vt 0.324324 0.000000
vt 0.324324 0.250000
vt 0.324324 0.375000
vt 0.324324 0.500000
vt 0.324324 0.625000
vt 0.324324 0.750000
vt 0.351351 1.000000
vt 0.351351 0.875000
vt 0.351351 0.125000
vt 0.351351 0.000000
vt 0.351351 0.250000
vt 0.351351 0.375000
vt 0.351351 0.500000
vt 0.351351 0.625000
vt 0.351351 0.750000
vt 0.378378 1.000000
vt 0.378378 0.875000
vt 0.378378 0.125000
vt 0.378378 0.000000
vt 0.378378 0.250000
vt 0.378378 0.375000
vt 0.378378 0.500000
vt 0.378378 0.625000
vt 0.378378 0.750000
vt 0.405405 1.000000
vt 0.405405 0.875000
vt 0.405405 0.125000
vt 0.405405 0.000000
vt 0.405405 0.250000
vt 0.405405 0.375000
vt 0.405405 0.500000
vt 0.405405 0.625000
vt 0.405405 0.750000
vt 0.432432 1.000000
vt 0.432432 0.875000
vt 0.432432 0.125000
vt 0.432432 0.000000
vt 0.432432 0.250000
vt 0.432432 0.375000
vt 0.432432 0.500000
vt 0.432432 0.625000
vt 0.432432 0.750000
vt 0.459459 1.000000
vt 0.459459 0.875000
vt 0.459459 0.125000
vt 0.459459 0.000000
vt 0.459459 0.250000
vt 0.459459 0.375000
vt 0.459459 0.500000
vt 0.459459 0.625000
vt 0.459459 0.750000
vt 0.486486 1.000000
vt 0.486486 0.875000
vt 0.486486 0.125000
vt 0.486486 0.000000
vt 0.486486 0.250000
vt 0.486486 0.375000
vt 0.486486 0.500000
vt 0.486486 0.625000
vt 0.486486 0.750000
vt 0.513514 1.000000
vt 0.513514 0.875000
vt 0.513514 0.125000
vt 0.513514 0.000000
vt 0.513514 0.250000
vt 0.513514 0.375000
vt 0.513514 0.500000
vt 0.513514 0.625000
vt 0.513514 0.750000
vt 0.540541 1.000000
vt 0.540541 0.875000
vt 0.540541 0.125000
vt 0.540541 0.000000
vt 0.540541 0.250000
vt 0.540541 0.375000
vt 0.540541 0.500000
vt 0.540541 0.625000
vt 0.540541 0.750000
vt 0.567568 1.000000
vt 0.567568 0.875000
vt 0.567568 0.125000
vt 0.567568 0.000000
vt 0.567568 0.250000
vt 0.567568 0.375000
vt 0.567568 0.500000
vt 0.567568 0.625000
vt 0.567568 0.750000
vt 0.594595 1.000000
vt 0.594595 0.875000
vt 0.594595 0.125000
vt 0.594595 0.000000
vt 0.594595 0.250000
vt 0.594595 0.375000
vt 0.594595 0.500000
vt 0.594595 0.625000
vt 0.594595 0.750000
vt 0.621622 1.000000
vt 0.621622 0.875000
vt 0.621622 0.125000
vt 0.621622 0.000000
vt 0.621622 0.250000
vt 0.621622 0.375000
vt 0.621622 0.500000
vt 0.621622 0.625000
vt 0.621622 0.750000
vt 0.648649 1.000000
vt 0.648649 0.875000
vt 0.648649 0.125000
vt 0.648649 0.000000
vt 0.648649 0.250000
vt 0.648649 0.375000
vt 0.648649 0.500000
vt 0.648649 0.625000
vt 0.648649 0.750000
vt 0.675676 1.000000
vt 0.675676 0.875000
vt 0.675676 0.125000
vt 0.675676 0.000000
vt 0.675676 0.250000
vt 0.675676 0.375000
vt 0.675676 0.500000
vt 0.675676 0.625000
vt 0.675676 0.750000
vt 0.702703 1.000000
vt 0.702703 0.875000
vt 0.702703 0.125000
vt 0.702703 0.000000
vt 0.702703 0.250000
vt 0.702703 0.375000
vt 0.702703 0.500000
vt 0.702703 0.625000
vt 0.702703 0.750000
vt 0.729730 1.000000
vt 0.729730 0.875000
vt 0.729730 0.125000
vt 0.729730 0.000000
vt 0.729730 0.250000
vt 0.729730 0.375000
vt 0.729730 0.500000
vt 0.729730 0.625000
vt 0.729730 0.750000
vt 0.756757 1.000000
vt 0.756757 0.875000
vt 0.756757 0.125000
vt 0.756757 0.000000
vt 0.756757 0.250000
vt 0.756757 0.375000
vt 0.756757 0.500000
vt 0.756757 0.625000
vt 0.756757 0.750000
vt 0.783784 1.000000
vt 0.783784 0.875000
vt 0.783784 0.125000
vt 0.783784 0.000000
vt 0.783784 0.250000
vt 0.783784 0.375000
vt 0.783784 0.500000
vt 0.783784 0.625000
vt 0.783784 0.750000
vt 0.810811 1.000000
vt 0.810811 0.875000
vt 0.810811 0.125000
vt 0.810811 0.000000
vt 0.810811 0.250000
vt 0.810811 0.375000
vt 0.810811 0.500000
vt 0.810811 0.625000
vt 0.810811 0.750000
vt 0.837838 1.000000
vt 0.837838 0.875000
vt 0.837838 0.125000
vt 0.837838 0.000000
vt 0.837838 0.250000
vt 0.837838 0.375000
vt 0.837838 0.500000
vt 0.837838 0.625000
vt 0.837838 0.750000
vt 0.864865 1.000000
vt 0.864865 0.875000
vt 0.864865 0.125000
vt 0.864865 0.000000
vt 0.864865 0.250000
vt 0.864865 0.375000
vt 0.864865 0.500000
vt 0.864865 0.625000
vt 0.864865 0.750000
vt 0.891892 1.000000
vt 0.891892 0.875000
vt 0.891892 0.125000
vt 0.891892 0.000000
vt 0.891892 0.250000
vt 0.891892 0.375000
vt 0.891892 0.500000
vt 0.891892 0.625000
vt 0.891892 0.750000
vt 0.918919 1.000000
vt 0.918919 0.875000
vt 0.918919 0.125000
vt 0.918919 0.000000
vt 0.918919 0.250000
vt 0.918919 0.375000
vt 0.918919 0.500000
vt 0.918919 0.625000
vt 0.918919 0.750000
vt 0.945946 1.000000
vt 0.945946 0.875000
vt 0.945946 0.125000
vt 0.945946 0.000000
vt 0.945946 0.250000
vt 0.945946 0.375000
vt 0.945946 0.500000
vt 0.945946 0.625000
vt 0.945946 0.750000
vt 0.972973 1.000000
vt 0.972973 0.875000
vt 0.972973 0.125000
vt 0.972973 0.000000
vt 0.972973 0.250000
vt 0.972973 0.375000
vt 0.972973 0.500000
vt 0.972973 0.625000
vt 0.972973 0.750000
vt 1.000000 1.000000
vt 1.000000 0.875000
vt 1.000000 0.125000
vt 1.000000 0.000000
vt 1.000000 0.250000
vt 1.000000 0.375000
vt 1.000000 0.500000
vt 1.000000 0.625000
vt 1.000000 0.750000
vt 0.022222 1.000000
vt 0.022222 0.875000
vt 0.022222 0.125000
vt 0.022222 0.000000
vt 0.022222 0.250000
vt 0.022222 0.375000
vt 0.022222 0.500000
vt 0.022222 0.625000
vt 0.022222 0.750000
vt 0.044444 1.000000
vt 0.044444 0.875000
vt 0.044444 0.125000
vt 0.044444 0.000000
vt 0.044444 0.250000
vt 0.044444 0.375000
vt 0.044444 0.500000
vt 0.044444 0.625000
vt 0.044444 0.750000
vt 0.066667 1.000000
vt 0.066667 0.875000
vt 0.066667 0.125000
vt 0.066667 0.000000
vt 0.066667 0.250000
vt 0.066667 0.375000
vt 0.066667 0.500000
vt 0.066667 0.625000
vt 0.066667 0.750000
vt 0.088889 1.000000
vt 0.088889 0.875000
vt 0.088889 0.125000
vt 0.088889 0.000000
vt 0.088889 0.250000
vt 0.088889 0.375000
vt 0.088889 0.500000
vt 0.088889 0.625000
vt 0.088889 0.750000
vt 0.111111 1.000000
vt 0.111111 0.875000
vt 0.111111 0.125000
vt 0.111111 0.000000
vt 0.111111 0.250000
vt 0.111111 0.375000
vt 0.111111 0.500000
vt 0.111111 0.625000
vt 0.111111 0.750000
vt 0.133333 1.000000
vt 0.133333 0.875000
vt 0.133333 0.125000
vt 0.133333 0.000000
vt 0.133333 0.250000
vt 0.133333 0.375000
vt 0.133333 0.500000
vt 0.133333 0.625000
vt 0.133333 0.750000
vt 0.155556 1.000000
vt 0.155556 0.875000
vt 0.155556 0.125000
vt 0.155556 0.000000
vt 0.155556 0.250000
vt 0.155556 0.375000
vt 0.155556 0.500000
vt 0.155556 0.625000
vt 0.155556 0.750000
vt 0.177778 1.000000
vt 0.177778 0.875000
vt 0.177778 0.125000
vt 0.177778 0.000000
vt 0.177778 0.250000
vt 0.177778 0.375000
vt 0.177778 0.500000
vt 0.177778 0.625000
vt 0.177778 0.750000
vt 0.200000 1.000000
vt 0.200000 0.875000
vt 0.200000 0.125000
vt 0.200000 0.000000
vt 0.200000 0.250000
vt 0.200000 0.375000
vt 0.200000 0.500000
vt 0.200000 0.625000
vt 0.200000 0.750000
vt 0.222222 1.000000
vt 0.222222 0.875000
vt 0.222222 0.125000
vt 0.222222 0.000000
vt 0.222222 0.250000
vt 0.222222 0.375000
vt 0.222222 0.500000
vt 0.222222 0.625000
vt 0.222222 0.750000
vt 0.244444 1.000000
vt 0.244444 0.875000
vt 0.244444 0.125000
vt 0.244444 0.000000
vt 0.244444 0.250000
vt 0.244444 0.375000
vt 0.244444 0.500000
vt 0.244444 0.625000
vt 0.244444 0.750000
vt 0.266667 1.000000
vt 0.266667 0.875000
vt 0.266667 0.125000
vt 0.266667 0.000000
vt 0.266667 0.250000
vt 0.266667 0.375000
vt 0.266667 0.500000
vt 0.266667 0.625000
vt 0.266667 0.750000
vt 0.288889 1.000000
vt 0.288889 0.875000
vt 0.288889 0.125000
vt 0.288889 0.000000
vt 0.288889 0.250000
vt 0.288889 0.375000
vt 0.288889 0.500000
vt 0.288889 0.625000
vt 0.288889 0.750000
vt 0.311111 1.000000
vt 0.311111 0.875000
vt 0.311111 0.125000
vt 0.311111 0.000000
vt 0.311111 0.250000
vt 0.311111 0.375000
vt 0.311111 0.500000
vt 0.311111 0.625000
vt 0.311111 0.750000
vt 0.333333 1.000000
vt 0.333333 0.875000
vt 0.333333 0.125000
vt 0.333333 0.000000
vt 0.333333 0.250000
vt 0.333333 0.375000
vt 0.333333 0.500000
vt 0.333333 0.625000
vt 0.333333 0.750000
vt 0.355556 1.000000
vt 0.355556 0.875000
vt 0.355556 0.125000
vt 0.355556 0.000000
vt 0.355556 0.250000
vt 0.355556 0.375000
vt 0.355556 0.500000
vt 0.355556 0.625000
vt 0.355556 0.750000
vt 0.377778 1.000000
vt 0.377778 0.875000
vt 0.377778 0.125000
vt 0.377778 0.000000
vt 0.377778 0.250000
vt 0.377778 0.375000
vt 0.377778 0.500000
vt 0.377778 0.625000
vt 0.377778 0.750000
vt 0.400000 1.000000
vt 0.400000 0.875000
vt 0.400000 0.125000
vt 0.400000 0.000000
vt 0.400000 0.250000
vt 0.400000 0.375000
vt 0.400000 0.500000
vt 0.400000 0.625000
vt 0.400000 0.750000
vt 0.422222 1.000000
vt 0.422222 0.875000
vt 0.422222 0.125000
vt 0.422222 0.000000
vt 0.422222 0.250000
vt 0.422222 0.375000
vt 0.422222 0.500000
vt 0.422222 0.625000
vt 0.422222 0.750000
vt 0.444444 1.000000
vt 0.444444 0.875000
vt 0.444444 0.125000
vt 0.444444 0.000000
vt 0.444444 0.250000
vt 0.444444 0.375000
vt 0.444444 0.500000
vt 0.444444 0.625000
vt 0.444444 0.750000
vt 0.466667 1.000000
vt 0.466667 0.875000
vt 0.466667 0.125000
vt 0.466667 0.000000
vt 0.466667 0.250000
vt 0.466667 0.375000
vt 0.466667 0.500000
vt 0.466667 0.625000
vt 0.466667 0.750000
vt 0.488889 1.000000
vt 0.488889 0.875000
vt 0.488889 0.125000
vt 0.488889 0.000000
vt 0.488889 0.250000
vt 0.488889 0.375000
vt 0.488889 0.500000
vt 0.488889 0.625000
vt 0.488889 0.750000
vt 0.511111 1.000000
vt 0.511111 0.875000
vt 0.511111 0.125000
vt 0.511111 0.000000
vt 0.511111 0.250000
vt 0.511111 0.375000
vt 0.511111 0.500000
vt 0.511111 0.625000
vt 0.511111 0.750000
vt 0.533333 1.000000
vt 0.533333 0.875000
vt 0.533333 0.125000
vt 0.533333 0.000000
vt 0.533333 0.250000
vt 0.533333 0.375000
vt 0.533333 0.500000
vt 0.533333 0.625000
vt 0.533333 0.750000
vt 0.555556 1.000000
vt 0.555556 0.875000
vt 0.555556 0.125000
vt 0.555556 0.000000
vt 0.555556 0.250000
vt 0.555556 0.375000
vt 0.555556 0.500000
vt 0.555556 0.625000
vt 0.555556 0.750000
vt 0.577778 1.000000
vt 0.577778 0.875000
vt 0.577778 0.125000
vt 0.577778 0.000000
vt 0.577778 0.250000
vt 0.577778 0.375000
vt 0.577778 0.500000
vt 0.577778 0.625000
vt 0.577778 0.750000
vt 0.600000 1.000000
vt 0.600000 0.875000
vt 0.600000 0.125000
vt 0.600000 0.000000
vt 0.600000 0.250000
vt 0.600000 0.375000
vt 0.600000 0.500000
vt 0.600000 0.625000
vt 0.600000 0.750000
vt 0.622222 1.000000
vt 0.622222 0.875000
vt 0.622222 0.125000
vt 0.622222 0.000000
vt 0.622222 0.250000
vt 0.622222 0.375000
vt 0.622222 0.500000
vt 0.622222 0.625000
vt 0.622222 0.750000
vt 0.644444 1.000000
vt 0.644444 0.875000
vt 0.644444 0.125000
vt 0.644444 0.000000
vt 0.644444 0.250000
vt 0.644444 0.375000
vt 0.644444 0.500000
vt 0.644444 0.625000
vt 0.644444 0.750000
vt 0.666667 1.000000
vt 0.666667 0.875000
vt 0.666667 0.125000
vt 0.666667 0.000000
vt 0.666667 0.250000
vt 0.666667 0.375000
vt 0.666667 0.500000
vt 0.666667 0.625000
vt 0.666667 0.750000
vt 0.688889 1.000000
vt 0.688889 0.875000
vt 0.688889 0.125000
vt 0.688889 0.000000
vt 0.688889 0.250000
vt 0.688889 0.375000
vt 0.688889 0.500000
vt 0.688889 0.625000
vt 0.688889 0.750000
vt 0.711111 1.000000
vt 0.711111 0.875000
vt 0.711111 0.125000
vt 0.711111 0.000000
vt 0.711111 0.250000
vt 0.711111 0.375000
vt 0.711111 0.500000
vt 0.711111 0.625000
vt 0.711111 0.750000
vt 0.733333 1.000000
vt 0.733333 0.875000
vt 0.733333 0.125000
vt 0.733333 0.000000
vt 0.733333 0.250000
vt 0.733333 0.375000
vt 0.733333 0.500000
vt 0.733333 0.625000
vt 0.733333 0.750000
vt 0.755556 1.000000
vt 0.755556 0.875000
vt 0.755556 0.125000
vt 0.755556 0.000000
vt 0.755556 0.250000
vt 0.755556 0.375000
vt 0.755556 0.500000
vt 0.755556 0.625000
vt 0.755556 0.750000
vt 0.777778 1.000000
vt 0.777778 0.875000
vt 0.777778 0.125000
vt 0.777778 0.000000
vt 0.777778 0.250000
vt 0.777778 0.375000
vt 0.777778 0.500000
vt 0.777778 0.625000
vt 0.777778 0.750000
vt 0.800000 1.000000
vt 0.800000 0.875000
vt 0.800000 0.125000
vt 0.800000 0.000000
vt 0.800000 0.250000
vt 0.800000 0.375000
vt 0.800000 0.500000
vt 0.800000 0.625000
vt 0.800000 0.750000
vt 0.822222 1.000000
vt 0.822222 0.875000
vt 0.822222 0.125000
vt 0.822222 0.000000
vt 0.822222 0.250000
vt 0.822222 0.375000
vt 0.822222 0.500000
vt 0.822222 0.625000
vt 0.822222 0.750000
vt 0.844444 1.000000
vt 0.844444 0.875000
vt 0.844444 0.125000
vt 0.844444 0.000000
vt 0.844444 0.250000
vt 0.844444 0.375000
vt 0.844444 0.500000
vt 0.844444 0.625000
vt 0.844444 0.750000
vt 0.866667 1.000000
vt 0.866667 0.875000
vt 0.866667 0.125000
vt 0.866667 0.000000
vt 0.866667 0.250000
vt 0.866667 0.375000
vt 0.866667 0.500000
vt 0.866667 0.625000
vt 0.866667 0.750000
vt 0.888889 1.000000
vt 0.888889 0.875000
vt 0.888889 0.125000
vt 0.888889 0.000000
vt 0.888889 0.250000
vt 0.888889 0.375000
vt 0.888889 0.500000
vt 0.888889 0.625000
vt 0.888889 0.750000
vt 0.911111 1.000000
vt 0.911111 0.875000
vt 0.911111 0.125000
vt 0.911111 0.000000
vt 0.911111 0.250000
vt 0.911111 0.375000
vt 0.911111 0.500000
vt 0.911111 0.625000
vt 0.911111 0.750000
vt 0.933333 1.000000
vt 0.933333 0.875000
vt 0.933333 0.125000
vt 0.933333 0.000000
vt 0.933333 0.250000
vt 0.933333 0.375000
vt 0.933333 0.500000
vt 0.933333 0.625000
vt 0.933333 0.750000
vt 0.955556 1.000000
vt 0.955556 0.875000
vt 0.955556 0.125000
vt 0.955556 0.000000
vt 0.955556 0.250000
vt 0.955556 0.375000
vt 0.955556 0.500000
vt 0.955556 0.625000
vt 0.955556 0.750000
vt 0.977778 1.000000
vt 0.977778 0.875000
vt 0.977778 0.125000
vt 0.977778 0.000000
vt 0.977778 0.250000
vt 0.977778 0.375000
vt 0.977778 0.500000
vt 0.977778 0.625000
vt 0.977778 0.750000
vt 0.025000 1.000000
vt 0.025000 0.875000
vt 0.025000 0.125000
vt 0.025000 0.000000
vt 0.025000 0.250000
vt 0.025000 0.375000
vt 0.025000 0.500000
vt 0.025000 0.625000
vt 0.025000 0.750000
vt 0.050000 1.000000
vt 0.050000 0.875000
vt 0.050000 0.125000
vt 0.050000 0.000000
vt 0.050000 0.250000
vt 0.050000 0.375000
vt 0.050000 0.500000
vt 0.050000 0.625000
vt 0.050000 0.750000
vt 0.075000 1.000000
vt 0.075000 0.875000
vt 0.075000 0.125000
vt 0.075000 0.000000
vt 0.075000 0.250000
vt 0.075000 0.375000
vt 0.075000 0.500000
vt 0.075000 0.625000
vt 0.075000 0.750000
vt 0.100000 1.000000
vt 0.100000 0.875000
vt 0.100000 0.125000
vt 0.100000 0.000000
vt 0.100000 0.250000
vt 0.100000 0.375000
vt 0.100000 0.500000
vt 0.100000 0.625000
vt 0.100000 0.750000
vt 0.125000 1.000000
vt 0.125000 0.875000
vt 0.125000 0.125000
vt 0.125000 0.000000
vt 0.125000 0.250000
vt 0.125000 0.375000
vt 0.125000 0.500000
vt 0.125000 0.625000
vt 0.125000 0.750000
vt 0.150000 1.000000
vt 0.150000 0.875000
vt 0.150000 0.125000
vt 0.150000 0.000000
vt 0.150000 0.250000
vt 0.150000 0.375000
vt 0.150000 0.500000
vt 0.150000 0.625000
vt 0.150000 0.750000
vt 0.175000 1.000000
vt 0.175000 0.875000
vt 0.175000 0.125000
vt 0.175000 0.000000
vt 0.175000 0.250000
vt 0.175000 0.375000
vt 0.175000 0.500000
vt 0.175000 0.625000
vt 0.175000 0.750000
vt 0.225000 1.000000
vt 0.225000 0.875000
vt 0.225000 0.125000
vt 0.225000 0.000000
vt 0.225000 0.250000
vt 0.225000 0.375000
vt 0.225000 0.500000
vt 0.225000 0.625000
vt 0.225000 0.750000
vt 0.250000 1.000000
vt 0.250000 0.875000
vt 0.250000 0.125000
vt 0.250000 0.000000
vt 0.250000 0.250000
vt 0.250000 0.375000
vt 0.250000 0.500000
vt 0.250000 0.625000
vt 0.250000 0.750000
vt 0.275000 1.000000
vt 0.275000 0.875000
vt 0.275000 0.125000
vt 0.275000 0.000000
vt 0.275000 0.250000
vt 0.275000 0.375000
vt 0.275000 0.500000
vt 0.275000 0.625000
vt 0.275000 0.750000
vt 0.300000 1.000000
vt 0.300000 0.875000
vt 0.300000 0.125000
vt 0.300000 0.000000
vt 0.300000 0.250000
vt 0.300000 0.375000
vt 0.300000 0.500000
vt 0.300000 0.625000
vt 0.300000 0.750000
vt 0.325000 1.000000
vt 0.325000 0.875000
vt 0.325000 0.125000
vt 0.325000 0.000000
vt 0.325000 0.250000
vt 0.325000 0.375000
vt 0.325000 0.500000
vt 0.325000 0.625000
vt 0.325000 0.750000
vt 0.350000 1.000000
vt 0.350000 0.875000
vt 0.350000 0.125000
vt 0.350000 0.000000
vt 0.350000 0.250000
vt 0.350000 0.375000
vt 0.350000 0.500000
vt 0.350000 0.625000
vt 0.350000 0.750000
vt 0.375000 1.000000
vt 0.375000 0.875000
vt 0.375000 0.125000
vt 0.375000 0.000000
vt 0.375000 0.250000
vt 0.375000 0.375000
vt 0.375000 0.500000
vt 0.375000 0.625000
vt 0.375000 0.750000
vt 0.425000 1.000000
vt 0.425000 0.875000
vt 0.425000 0.125000
vt 0.425000 0.000000
vt 0.425000 0.250000
vt 0.425000 0.375000
vt 0.425000 0.500000
vt 0.425000 0.625000
vt 0.425000 0.750000
vt 0.450000 1.000000
vt 0.450000 0.875000
vt 0.450000 0.125000
vt 0.450000 0.000000
vt 0.450000 0.250000
vt 0.450000 0.375000
vt 0.450000 0.500000
vt 0.450000 0.625000
vt 0.450000 0.750000
vt 0.475000 1.000000
vt 0.475000 0.875000
vt 0.475000 0.125000
vt 0.475000 0.000000
vt 0.475000 0.250000
vt 0.475000 0.375000
vt 0.475000 0.500000
vt 0.475000 0.625000
vt 0.475000 0.750000
vt 0.500000 1.000000
vt 0.500000 0.875000
vt 0.500000 0.125000
vt 0.500000 0.000000
vt 0.500000 0.250000
vt 0.500000 0.375000
vt 0.500000 0.500000
vt 0.500000 0.625000
vt 0.500000 0.750000
vt 0.525000 1.000000
vt 0.525000 0.875000
vt 0.525000 0.125000
vt 0.525000 0.000000
vt 0.525000 0.250000
vt 0.525000 0.375000
vt 0.525000 0.500000
vt 0.525000 0.625000
vt 0.525000 0.750000
vt 0.550000 1.000000
vt 0.550000 0.875000
vt 0.550000 0.125000
vt 0.550000 0.000000
vt 0.550000 0.250000
vt 0.550000 0.375000
vt 0.550000 0.500000
vt 0.550000 0.625000
vt 0.550000 0.750000
vt 0.575000 1.000000
vt 0.575000 0.875000
vt 0.575000 0.125000
vt 0.575000 0.000000
vt 0.575000 0.250000
vt 0.575000 0.375000
vt 0.575000 0.500000
vt 0.575000 0.625000
vt 0.575000 0.750000
vt 0.625000 1.000000
vt 0.625000 0.875000
vt 0.625000 0.125000
vt 0.625000 0.000000
vt 0.625000 0.250000
vt 0.625000 0.375000
vt 0.625000 0.500000
vt 0.625000 0.625000
vt 0.625000 0.750000
vt 0.650000 1.000000
vt 0.650000 0.875000
vt 0.650000 0.125000
vt 0.650000 0.000000
vt 0.650000 0.250000
vt 0.650000 0.375000
vt 0.650000 0.500000
vt 0.650000 0.625000
vt 0.650000 0.750000
vt 0.675000 1.000000
vt 0.675000 0.875000
vt 0.675000 0.125000
vt 0.675000 0.000000
vt 0.675000 0.250000
vt 0.675000 0.375000
vt 0.675000 0.500000
vt 0.675000 0.625000
vt 0.675000 0.750000
vt 0.700000 1.000000
vt 0.700000 0.875000
vt 0.700000 0.125000
vt 0.700000 0.000000
vt 0.700000 0.250000
vt 0.700000 0.375000
vt 0.700000 0.500000
vt 0.700000 0.625000
vt 0.700000 0.750000
vt 0.725000 1.000000
vt 0.725000 0.875000
vt 0.725000 0.125000
vt 0.725000 0.000000
vt 0.725000 0.250000
vt 0.725000 0.375000
vt 0.725000 0.500000
vt 0.725000 0.625000
vt 0.725000 0.750000
vt 0.750000 1.000000
vt 0.750000 0.875000
vt 0.750000 0.125000
vt 0.750000 0.000000
vt 0.750000 0.250000
vt 0.750000 0.375000
vt 0.750000 0.500000
vt 0.750000 0.625000
vt 0.750000 0.750000
vt 0.775000 1.000000
vt 0.775000 0.875000
vt 0.775000 0.125000
vt 0.775000 0.000000
vt 0.775000 0.250000
vt 0.775000 0.375000
vt 0.775000 0.500000
vt 0.775000 0.625000
vt 0.775000 0.750000
vt 0.825000 1.000000
vt 0.825000 0.875000
vt 0.825000 0.125000
vt 0.825000 0.000000
vt 0.825000 0.250000
vt 0.825000 0.375000
vt 0.825000 0.500000
vt 0.825000 0.625000
vt 0.825000 0.750000
vt 0.850000 1.000000
vt 0.850000 0.875000
vt 0.850000 0.125000
vt 0.850000 0.000000
vt 0.850000 0.250000
vt 0.850000 0.375000
vt 0.850000 0.500000
vt 0.850000 0.625000
vt 0.850000 0.750000
vt 0.875000 1.000000
vt 0.875000 0.875000
vt 0.875000 0.125000
vt 0.875000 0.000000
vt 0.875000 0.250000
vt 0.875000 0.375000
vt 0.875000 0.500000
vt 0.875000 0.625000
vt 0.875000 0.750000
vt 0.900000 1.000000
vt 0.900000 0.875000
vt 0.900000 0.125000
vt 0.900000 0.000000
vt 0.900000 0.250000
vt 0.900000 0.375000
vt 0.900000 0.500000
vt 0.900000 0.625000
vt 0.900000 0.750000
vt 0.925000 1.000000
vt 0.925000 0.875000
vt 0.925000 0.125000
vt 0.925000 0.000000
vt 0.925000 0.250000
vt 0.925000 0.375000
vt 0.925000 0.500000
vt 0.925000 0.625000
vt 0.925000 0.750000
vt 0.950000 1.000000
vt 0.950000 0.875000
vt 0.950000 0.125000
vt 0.950000 0.000000
vt 0.950000 0.250000
vt 0.950000 0.375000
vt 0.950000 0.500000
vt 0.950000 0.625000
vt 0.950000 0.750000
vt 0.975000 1.000000
vt 0.975000 0.875000
vt 0.975000 0.125000
vt 0.975000 0.000000
vt 0.975000 0.250000
vt 0.975000 0.375000
vt 0.975000 0.500000
vt 0.975000 0.625000
vt 0.975000 0.750000
vt 0.035714 1.000000
vt 0.035714 0.875000
vt 0.035714 0.125000
vt 0.035714 0.000000
vt 0.035714 0.250000
vt 0.035714 0.375000
vt 0.035714 0.500000
vt 0.035714 0.625000
vt 0.035714 0.750000
vt 0.071429 1.000000
vt 0.071429 0.875000
vt 0.071429 0.125000
vt 0.071429 0.000000
vt 0.071429 0.250000
vt 0.071429 0.375000
vt 0.071429 0.500000
vt 0.071429 0.625000
vt 0.071429 0.750000
vt 0.107143 1.000000
vt 0.107143 0.875000
vt 0.107143 0.125000
vt 0.107143 0.000000
vt 0.107143 0.250000
vt 0.107143 0.375000
vt 0.107143 0.500000
vt 0.107143 0.625000
vt 0.107143 0.750000
vt 0.142857 1.000000
vt 0.142857 0.875000
vt 0.142857 0.125000
vt 0.142857 0.000000
vt 0.142857 0.250000
vt 0.142857 0.375000
vt 0.142857 0.500000
vt 0.142857 0.625000
vt 0.142857 0.750000
vt 0.178571 1.000000
vt 0.178571 0.875000
vt 0.178571 0.125000
vt 0.178571 0.000000
vt 0.178571 0.250000
vt 0.178571 0.375000
vt 0.178571 0.500000
vt 0.178571 0.625000
vt 0.178571 0.750000
vt 0.214286 1.000000
vt 0.214286 0.875000
vt 0.214286 0.125000
vt 0.214286 0.000000
vt 0.214286 0.250000
vt 0.214286 0.375000
vt 0.214286 0.500000
vt 0.214286 0.625000
vt 0.214286 0.750000
vt 0.285714 1.000000
vt 0.285714 0.875000
vt 0.285714 0.125000
vt 0.285714 0.000000
vt 0.285714 0.250000
vt 0.285714 0.375000
vt 0.285714 0.500000
vt 0.285714 0.625000
vt 0.285714 0.750000
vt 0.321429 1.000000
vt 0.321429 0.875000
vt 0.321429 0.125000
vt 0.321429 0.000000
vt 0.321429 0.250000
vt 0.321429 0.375000
vt 0.321429 0.500000
vt 0.321429 0.625000
vt 0.321429 0.750000
vt 0.357143 1.000000
vt 0.357143 0.875000
vt 0.357143 0.125000
vt 0.357143 0.000000
vt 0.357143 0.250000
vt 0.357143 0.375000
vt 0.357143 0.500000
vt 0.357143 0.625000
vt 0.357143 0.750000
vt 0.392857 1.000000
vt 0.392857 0.875000
vt 0.392857 0.125000
vt 0.392857 0.000000
vt 0.392857 0.250000
vt 0.392857 0.375000
vt 0.392857 0.500000
vt 0.392857 0.625000
vt 0.392857 0.750000
vt 0.428571 1.000000
vt 0.428571 0.875000
vt 0.428571 0.125000
vt 0.428571 0.000000
vt 0.428571 0.250000
vt 0.428571 0.375000
vt 0.428571 0.500000
vt 0.428571 0.625000
vt 0.428571 0.750000
vt 0.464286 1.000000
vt 0.464286 0.875000
vt 0.464286 0.125000
vt 0.464286 0.000000
vt 0.464286 0.250000
vt 0.464286 0.375000
vt 0.464286 0.500000
vt 0.464286 0.625000
vt 0.464286 0.750000
vt 0.535714 1.000000
vt 0.535714 0.875000
vt 0.535714 0.125000
vt 0.535714 0.000000
vt 0.535714 0.250000
vt 0.535714 0.375000
vt 0.535714 0.500000
vt 0.535714 0.625000
vt 0.535714 0.750000
vt 0.571429 1.000000
vt 0.571429 0.875000
vt 0.571429 0.125000
vt 0.571429 0.000000
vt 0.571429 0.250000
vt 0.571429 0.375000
vt 0.571429 0.500000
vt 0.571429 0.625000
vt 0.571429 0.750000
vt 0.607143 1.000000
vt 0.607143 0.875000
vt 0.607143 0.125000
vt 0.607143 0.000000
vt 0.607143 0.250000
vt 0.607143 0.375000
vt 0.607143 0.500000
vt 0.607143 0.625000
vt 0.607143 0.750000
vt 0.642857 1.000000
vt 0.642857 0.875000
vt 0.642857 0.125000
vt 0.642857 0.000000
vt 0.642857 0.250000
vt 0.642857 0.375000
vt 0.642857 0.500000
vt 0.642857 0.625000
vt 0.642857 0.750000
vt 0.678571 1.000000
vt 0.678571 0.875000
vt 0.678571 0.125000
vt 0.678571 0.000000
vt 0.678571 0.250000
vt 0.678571 0.375000
vt 0.678571 0.500000
vt 0.678571 0.625000
vt 0.678571 0.750000
vt 0.714286 1.000000
vt 0.714286 0.875000
vt 0.714286 0.125000
vt 0.714286 0.000000
vt 0.714286 0.250000
vt 0.714286 0.375000
vt 0.714286 0.500000
vt 0.714286 0.625000
vt 0.714286 0.750000
vt 0.785714 1.000000
vt 0.785714 0.875000
vt 0.785714 0.125000
vt 0.785714 0.000000
vt 0.785714 0.250000
vt 0.785714 0.375000
vt 0.785714 0.500000
vt 0.785714 0.625000
vt 0.785714 0.750000
vt 0.821429 1.000000
vt 0.821429 0.875000
vt 0.821429 0.125000
vt 0.821429 0.000000
vt 0.821429 0.250000
vt 0.821429 0.375000
vt 0.821429 0.500000
vt 0.821429 0.625000
vt 0.821429 0.750000
vt 0.857143 1.000000
vt 0.857143 0.875000
vt 0.857143 0.125000
vt 0.857143 0.000000
vt 0.857143 0.250000
vt 0.857143 0.375000
vt 0.857143 0.500000
vt 0.857143 0.625000
vt 0.857143 0.750000
vt 0.892857 1.000000
vt 0.892857 0.875000
vt 0.892857 0.125000
vt 0.892857 0.000000
vt 0.892857 0.250000
vt 0.892857 0.375000
vt 0.892857 0.500000
vt 0.892857 0.625000
vt 0.892857 0.750000
vt 0.928571 1.000000
vt 0.928571 0.875000
vt 0.928571 0.125000
vt 0.928571 0.000000
vt 0.928571 0.250000
vt 0.928571 0.375000
vt 0.928571 0.500000
vt 0.928571 0.625000
vt 0.928571 0.750000
vt 0.964286 1.000000
vt 0.964286 0.875000
vt 0.964286 0.125000
vt 0.964286 0.000000
vt 0.964286 0.250000
vt 0.964286 0.375000
vt 0.964286 0.500000
vt 0.964286 0.625000
vt 0.964286 0.750000
vt 0.055556 1.000000
vt 0.055556 0.875000
vt 0.055556 0.125000
vt 0.055556 0.000000
vt 0.055556 0.250000
vt 0.055556 0.375000
vt 0.055556 0.500000
vt 0.055556 0.625000
vt 0.055556 0.750000
vt 0.166667 1.000000
vt 0.166667 0.875000
vt 0.166667 0.125000
vt 0.166667 0.000000
vt 0.166667 0.250000
vt 0.166667 0.375000
vt 0.166667 0.500000
vt 0.166667 0.625000
vt 0.166667 0.750000
vt 0.277778 1.000000
vt 0.277778 0.875000
vt 0.277778 0.125000
vt 0.277778 0.000000
vt 0.277778 0.250000
vt 0.277778 0.375000
vt 0.277778 0.500000
vt 0.277778 0.625000
vt 0.277778 0.750000
vt 0.388889 1.000000
vt 0.388889 0.875000
vt 0.388889 0.125000
vt 0.388889 0.000000
vt 0.388889 0.250000
vt 0.388889 0.375000
vt 0.388889 0.500000
vt 0.388889 0.625000
vt 0.388889 0.750000
vt 0.611111 1.000000
vt 0.611111 0.875000
vt 0.611111 0.125000
vt 0.611111 0.000000
vt 0.611111 0.250000
vt 0.611111 0.375000
vt 0.611111 0.500000
vt 0.611111 0.625000
vt 0.611111 0.750000
vt 0.722222 1.000000
vt 0.722222 0.875000
vt 0.722222 0.125000
vt 0.722222 0.000000
vt 0.722222 0.250000
vt 0.722222 0.375000
vt 0.722222 0.500000
vt 0.722222 0.625000
vt 0.722222 0.750000
vt 0.833333 1.000000
vt 0.833333 0.875000
vt 0.833333 0.125000
vt 0.833333 0.000000
vt 0.833333 0.250000
vt 0.833333 0.375000
vt 0.833333 0.500000
vt 0.833333 0.625000
vt 0.833333 0.750000
vt 0.944444 1.000000
vt 0.944444 0.875000
vt 0.944444 0.125000
vt 0.944444 0.000000
vt 0.944444 0.250000
vt 0.944444 0.375000
vt 0.944444 0.500000
vt 0.944444 0.625000
vt 0.944444 0.750000
vt 0.012346 1.000000
vt 0.012346 0.875000
vt 0.012346 0.125000
vt 0.012346 0.000000
vt 0.012346 0.250000
vt 0.012346 0.375000
vt 0.012346 0.500000
vt 0.012346 0.625000
vt 0.012346 0.750000
vt 0.024691 1.000000
vt 0.024691 0.875000
vt 0.024691 0.125000
vt 0.024691 0.000000
vt 0.024691 0.250000
vt 0.024691 0.375000
vt 0.024691 0.500000
vt 0.024691 0.625000
vt 0.024691 0.750000
vt 0.037037 1.000000
vt 0.037037 0.875000
vt 0.037037 0.125000
vt 0.037037 0.000000
vt 0.037037 0.250000
vt 0.037037 0.375000
vt 0.037037 0.500000
vt 0.037037 0.625000
vt 0.037037 0.750000
vt 0.049383 1.000000
vt 0.049383 0.875000
vt 0.049383 0.125000
vt 0.049383 0.000000
vt 0.049383 0.250000
vt 0.049383 0.375000
vt 0.049383 0.500000
vt 0.049383 0.625000
vt 0.049383 0.750000
vt 0.061728 1.000000
vt 0.061728 0.875000
vt 0.061728 0.125000
vt 0.061728 0.000000
vt 0.061728 0.250000
vt 0.061728 0.375000
vt 0.061728 0.500000
vt 0.061728 0.625000
vt 0.061728 0.750000
vt 0.074074 1.000000
vt 0.074074 0.875000
vt 0.074074 0.125000
vt 0.074074 0.000000
vt 0.074074 0.250000
vt 0.074074 0.375000
vt 0.074074 0.500000
vt 0.074074 0.625000
vt 0.074074 0.750000
vt 0.086420 1.000000
vt 0.086420 0.875000
vt 0.086420 0.125000
vt 0.086420 0.000000
vt 0.086420 0.250000
vt 0.086420 0.375000
vt 0.086420 0.500000
vt 0.086420 0.625000
vt 0.086420 0.750000
vt 0.098765 1.000000
vt 0.098765 0.875000
vt 0.098765 0.125000
vt 0.098765 0.000000
vt 0.098765 0.250000
vt 0.098765 0.375000
vt 0.098765 0.500000
vt 0.098765 0.625000
vt 0.098765 0.750000
vt 0.123457 1.000000
vt 0.123457 0.875000
vt 0.123457 0.125000
vt 0.123457 0.000000
vt 0.123457 0.250000
vt 0.123457 0.375000
vt 0.123457 0.500000
vt 0.123457 0.625000
vt 0.123457 0.750000
vt 0.135802 1.000000
vt 0.135802 0.875000
vt 0.135802 0.125000
vt 0.135802 0.000000
vt 0.135802 0.250000
vt 0.135802 0.375000
vt 0.135802 0.500000
vt 0.135802 0.625000
vt 0.135802 0.750000
vt 0.148148 1.000000
vt 0.148148 0.875000
vt 0.148148 0.125000
vt 0.148148 0.000000
vt 0.148148 0.250000
vt 0.148148 0.375000
vt 0.148148 0.500000
vt 0.148148 0.625000
vt 0.148148 0.750000
vt 0.160494 1.000000
vt 0.160494 0.875000
vt 0.160494 0.125000
vt 0.160494 0.000000
vt 0.160494 0.250000
vt 0.160494 0.375000
vt 0.160494 0.500000
vt 0.160494 0.625000
vt 0.160494 0.750000
vt 0.172840 1.000000
vt 0.172840 0.875000
vt 0.172840 0.125000
vt 0.172840 0.000000
vt 0.172840 0.250000
vt 0.172840 0.375000
vt 0.172840 0.500000
vt 0.172840 0.625000
vt 0.172840 0.750000
vt 0.185185 1.000000
vt 0.185185 0.875000
vt 0.185185 0.125000
vt 0.185185 0.000000
vt 0.185185 0.250000
vt 0.185185 0.375000
vt 0.185185 0.500000
vt 0.185185 0.625000
vt 0.185185 0.750000
vt 0.197531 1.000000
vt 0.197531 0.875000
vt 0.197531 0.125000
vt 0.197531 0.000000
vt 0.197531 0.250000
vt 0.197531 0.375000
vt 0.197531 0.500000
vt 0.197531 0.625000
vt 0.197531 0.750000
vt 0.209877 1.000000
vt 0.209877 0.875000
vt 0.209877 0.125000
vt 0.209877 0.000000
vt 0.209877 0.250000
vt 0.209877 0.375000
vt 0.209877 0.500000
vt 0.209877 0.625000
vt 0.209877 0.750000
vt 0.234568 1.000000
vt 0.234568 0.875000
vt 0.234568 0.125000
vt 0.234568 0.000000
vt 0.234568 0.250000
vt 0.234568 0.375000
vt 0.234568 0.500000
vt 0.234568 0.625000
vt 0.234568 0.750000
vt 0.246914 1.000000
vt 0.246914 0.875000
vt 0.246914 0.125000
vt 0.246914 0.000000
vt 0.246914 0.250000
vt 0.246914 0.375000
vt 0.246914 0.500000
vt 0.246914 0.625000
vt 0.246914 0.750000
vt 0.259259 1.000000
vt 0.259259 0.875000
vt 0.259259 0.125000
vt 0.259259 0.000000
vt 0.259259 0.250000
vt 0.259259 0.375000
vt 0.259259 0.500000
vt 0.259259 0.625000
vt 0.259259 0.750000
vt 0.271605 1.000000
vt 0.271605 0.875000
vt 0.271605 0.125000
vt 0.271605 0.000000
vt 0.271605 0.250000
vt 0.271605 0.375000
vt 0.271605 0.500000
vt 0.271605 0.625000
vt 0.271605 0.750000
vt 0.283951 1.000000
vt 0.283951 0.875000
vt 0.283951 0.125000
vt 0.283951 0.000000
vt 0.283951 0.250000
vt 0.283951 0.375000
vt 0.283951 0.500000
vt 0.283951 0.625000
vt 0.283951 0.750000
vt 0.296296 1.000000
vt 0.296296 0.875000
vt 0.296296 0.125000
vt 0.296296 0.000000
vt 0.296296 0.250000
vt 0.296296 0.375000
vt 0.296296 0.500000
vt 0.296296 0.625000
vt 0.296296 0.750000
vt 0.308642 1.000000
vt 0.308642 0.875000
vt 0.308642 0.125000
vt 0.308642 0.000000
vt 0.308642 0.250000
vt 0.308642 0.375000
vt 0.308642 0.500000
vt 0.308642 0.625000
vt 0.308642 0.750000
vt 0.320988 1.000000
vt 0.320988 0.875000
vt 0.320988 0.125000
vt 0.320988 0.000000
vt 0.320988 0.250000
vt 0.320988 0.375000
vt 0.320988 0.500000
vt 0.320988 0.625000
vt 0.320988 0.750000
vt 0.345679 1.000000
vt 0.345679 0.875000
vt 0.345679 0.125000
vt 0.345679 0.000000
vt 0.345679 0.250000
vt 0.345679 0.375000
vt 0.345679 0.500000
vt 0.345679 0.625000
vt 0.345679 0.750000
vt 0.358025 1.000000
vt 0.358025 0.875000
vt 0.358025 0.125000
vt 0.358025 0.000000
vt 0.358025 0.250000
vt 0.358025 0.375000
vt 0.358025 0.500000
vt 0.358025 0.625000
vt 0.358025 0.750000
vt 0.370370 1.000000
vt 0.370370 0.875000
vt 0.370370 0.125000
vt 0.370370 0.000000
vt 0.370370 0.250000
vt 0.370370 0.375000
vt 0.370370 0.500000
vt 0.370370 0.625000
vt 0.370370 0.750000
vt 0.382716 1.000000
vt 0.382716 0.875000
vt 0.382716 0.125000
vt 0.382716 0.000000
vt 0.382716 0.250000
vt 0.382716 0.375000
vt 0.382716 0.500000
vt 0.382716 0.625000
vt 0.382716 0.750000
vt 0.395062 1.000000
vt 0.395062 0.875000
vt 0.395062 0.125000
vt 0.395062 0.000000
vt 0.395062 0.250000
vt 0.395062 0.375000
vt 0.395062 0.500000
vt 0.395062 0.625000
vt 0.395062 0.750000
vt 0.407407 1.000000
vt 0.407407 0.875000
vt 0.407407 0.125000
vt 0.407407 0.000000
vt 0.407407 0.250000
vt 0.407407 0.375000
vt 0.407407 0.500000
vt 0.407407 0.625000
vt 0.407407 0.750000
vt 0.419753 1.000000
vt 0.419753 0.875000
vt 0.419753 0.125000
vt 0.419753 0.000000
vt 0.419753 0.250000
vt 0.419753 0.375000
vt 0.419753 0.500000
vt 0.419753 0.625000
vt 0.419753 0.750000
vt 0.432099 1.000000
vt 0.432099 0.875000
vt 0.432099 0.125000
vt 0.432099 0.000000
vt 0.432099 0.250000
vt 0.432099 0.375000
vt 0.432099 0.500000
vt 0.432099 0.625000
vt 0.432099 0.750000
vt 0.456790 1.000000
vt 0.456790 0.875000
vt 0.456790 0.125000
vt 0.456790 0.000000
vt 0.456790 0.250000
vt 0.456790 0.375000
vt 0.456790 0.500000
vt 0.456790 0.625000
vt 0.456790 0.750000
vt 0.469136 1.000000
vt 0.469136 0.875000
vt 0.469136 0.125000
vt 0.469136 0.000000
vt 0.469136 0.250000
vt 0.469136 0.375000
vt 0.469136 0.500000
vt 0.469136 0.625000
vt 0.469136 0.750000
vt 0.481481 1.000000
vt 0.481481 0.875000
vt 0.481481 0.125000
vt 0.481481 0.000000
vt 0.481481 0.250000
vt 0.481481 0.375000
vt 0.481481 0.500000
vt 0.481481 0.625000
vt 0.481481 0.750000
vt 0.493827 1.000000
vt 0.493827 0.875000
vt 0.493827 0.125000
vt 0.493827 0.000000
vt 0.493827 0.250000
vt 0.493827 0.375000
vt 0.493827 0.500000
vt 0.493827 0.625000
vt 0.493827 0.750000
vt 0.506173 1.000000
vt 0.506173 0.875000
vt 0.506173 0.125000
vt 0.506173 0.000000
vt 0.506173 0.250000
vt 0.506173 0.375000
vt 0.506173 0.500000
vt 0.506173 0.625000
vt 0.506173 0.750000
vt 0.518519 1.000000
vt 0.518519 0.875000
vt 0.518519 0.125000
vt 0.518519 0.000000
vt 0.518519 0.250000
vt 0.518519 0.375000
vt 0.518519 0.500000
vt 0.518519 0.625000
vt 0.518519 0.750000
vt 0.530864 1.000000
vt 0.530864 0.875000
vt 0.530864 0.125000
vt 0.530864 0.000000
vt 0.530864 0.250000
vt 0.530864 0.375000
vt 0.530864 0.500000
vt 0.530864 0.625000
vt 0.530864 0.750000
vt 0.543210 1.000000
vt 0.543210 0.875000
vt 0.543210 0.125000
vt 0.543210 0.000000
vt 0.543210 0.250000
vt 0.543210 0.375000
vt 0.543210 0.500000
vt 0.543210 0.625000
vt 0.543210 0.750000
vt 0.567901 1.000000
vt 0.567901 0.875000
vt 0.567901 0.125000
vt 0.567901 0.000000
vt 0.567901 0.250000
vt 0.567901 0.375000
vt 0.567901 0.500000
vt 0.567901 0.625000
vt 0.567901 0.750000
vt 0.580247 1.000000
vt 0.580247 0.875000
vt 0.580247 0.125000
vt 0.580247 0.000000
vt 0.580247 0.250000
vt 0.580247 0.375000
vt 0.580247 0.500000
vt 0.580247 0.625000
vt 0.580247 0.750000
vt 0.592593 1.000000
vt 0.592593 0.875000
vt 0.592593 0.125000
vt 0.592593 0.000000
vt 0.592593 0.250000
vt 0.592593 0.375000
vt 0.592593 0.500000
vt 0.592593 0.625000
vt 0.592593 0.750000
vt 0.604938 1.000000
vt 0.604938 0.875000
vt 0.604938 0.125000
vt 0.604938 0.000000
vt 0.604938 0.250000
vt 0.604938 0.375000
vt 0.604938 0.500000
vt 0.604938 0.625000
vt 0.604938 0.750000
vt 0.617284 1.000000
vt 0.617284 0.875000
vt 0.617284 0.125000
vt 0.617284 0.000000
vt 0.617284 0.250000
vt 0.617284 0.375000
vt 0.617284 0.500000
vt 0.617284 0.625000
vt 0.617284 0.750000
vt 0.629630 1.000000
vt 0.629630 0.875000
vt 0.629630 0.125000
vt 0.629630 0.000000
vt 0.629630 0.250000
vt 0.629630 0.375000
vt 0.629630 0.500000
vt 0.629630 0.625000
vt 0.629630 0.750000
vt 0.641975 1.000000
vt 0.641975 0.875000
vt 0.641975 0.125000
vt 0.641975 0.000000
vt 0.641975 0.250000
vt 0.641975 0.375000
vt 0.641975 0.500000
vt 0.641975 0.625000
vt 0.641975 0.750000
vt 0.654321 1.000000
vt 0.654321 0.875000
vt 0.654321 0.125000
vt 0.654321 0.000000
vt 0.654321 0.250000
vt 0.654321 0.375000
vt 0.654321 0.500000
vt 0.654321 0.625000
vt 0.654321 0.750000
vt 0.679012 1.000000
vt 0.679012 0.875000
vt 0.679012 0.125000
vt 0.679012 0.000000
vt 0.679012 0.250000
vt 0.679012 0.375000
vt 0.679012 0.500000
vt 0.679012 0.625000
vt 0.679012 0.750000
vt 0.691358 1.000000
vt 0.691358 0.875000
vt 0.691358 0.125000
vt 0.691358 0.000000
vt 0.691358 0.250000
vt 0.691358 0.375000
vt 0.691358 0.500000
vt 0.691358 0.625000
vt 0.691358 0.750000
vt 0.703704 1.000000
vt 0.703704 0.875000
vt 0.703704 0.125000
vt 0.703704 0.000000
vt 0.703704 0.250000
vt 0.703704 0.375000
vt 0.703704 0.500000
vt 0.703704 0.625000
vt 0.703704 0.750000
vt 0.716049 1.000000
vt 0.716049 0.875000
vt 0.716049 0.125000
vt 0.716049 0.000000
vt 0.716049 0.250000
vt 0.716049 0.375000
vt 0.716049 0.500000
vt 0.716049 0.625000
vt 0.716049 0.750000
vt 0.728395 1.000000
vt 0.728395 0.875000
vt 0.728395 0.125000
vt 0.728395 0.000000
vt 0.728395 0.250000
vt 0.728395 0.375000
vt 0.728395 0.500000
vt 0.728395 0.625000
vt 0.728395 0.750000
vt 0.740741 1.000000
vt 0.740741 0.875000
vt 0.740741 0.125000
vt 0.740741 0.000000
vt 0.740741 0.250000
vt 0.740741 0.375000
vt 0.740741 0.500000
vt 0.740741 0.625000
vt 0.740741 0.750000
vt 0.753086 1.000000
vt 0.753086 0.875000
vt 0.753086 0.125000
vt 0.753086 0.000000
vt 0.753086 0.250000
vt 0.753086 0.375000
vt 0.753086 0.500000
vt 0.753086 0.625000
vt 0.753086 0.750000
vt 0.765432 1.000000
vt 0.765432 0.875000
vt 0.765432 0.125000
vt 0.765432 0.000000
vt 0.765432 0.250000
vt 0.765432 0.375000
vt 0.765432 0.500000
vt 0.765432 0.625000
vt 0.765432 0.750000
vt 0.790123 1.000000
vt 0.790123 0.875000
vt 0.790123 0.125000
vt 0.790123 0.000000
vt 0.790123 0.250000
vt 0.790123 0.375000
vt 0.790123 0.500000
vt 0.790123 0.625000
vt 0.790123 0.750000
vt 0.802469 1.000000
vt 0.802469 0.875000
vt 0.802469 0.125000
vt 0.802469 0.000000
vt 0.802469 0.250000
vt 0.802469 0.375000
vt 0.802469 0.500000
vt 0.802469 0.625000
vt 0.802469 0.750000
vt 0.814815 1.000000
vt 0.814815 0.875000
vt 0.814815 0.125000
vt 0.814815 0.000000
vt 0.814815 0.250000
vt 0.814815 0.375000
vt 0.814815 0.500000
vt 0.814815 0.625000
vt 0.814815 0.750000
vt 0.827160 1.000000
vt 0.827160 0.875000
vt 0.827160 0.125000
vt 0.827160 0.000000
vt 0.827160 0.250000
vt 0.827160 0.375000
vt 0.827160 0.500000
vt 0.827160 0.625000
vt 0.827160 0.750000
vt 0.839506 1.000000
vt 0.839506 0.875000
vt 0.839506 0.125000
vt 0.839506 0.000000
vt 0.839506 0.250000
vt 0.839506 0.375000
vt 0.839506 0.500000
vt 0.839506 0.625000
vt 0.839506 0.750000
vt 0.851852 1.000000
vt 0.851852 0.875000
vt 0.851852 0.125000
vt 0.851852 0.000000
vt 0.851852 0.250000
vt 0.851852 0.375000
vt 0.851852 0.500000
vt 0.851852 0.625000
vt 0.851852 0.750000
vt 0.864198 1.000000
vt 0.864198 0.875000
vt 0.864198 0.125000
vt 0.864198 0.000000
vt 0.864198 0.250000
vt 0.864198 0.375000
vt 0.864198 0.500000
vt 0.864198 0.625000
vt 0.864198 0.750000
vt 0.876543 1.000000
vt 0.876543 0.875000
vt 0.876543 0.125000
vt 0.876543 0.000000
vt 0.876543 0.250000
vt 0.876543 0.375000
vt 0.876543 0.500000
vt 0.876543 0.625000
vt 0.876543 0.750000
vt 0.901235 1.000000
vt 0.901235 0.875000
vt 0.901235 0.125000
vt 0.901235 0.000000
vt 0.901235 0.250000
vt 0.901235 0.375000
vt 0.901235 0.500000
vt 0.901235 0.625000
vt 0.901235 0.750000
vt 0.913580 1.000000
vt 0.913580 0.875000
vt 0.913580 0.125000
vt 0.913580 0.000000
vt 0.913580 0.250000
vt 0.913580 0.375000
vt 0.913580 0.500000
vt 0.913580 0.625000
vt 0.913580 0.750000
vt 0.925926 1.000000
vt 0.925926 0.875000
vt 0.925926 0.125000
vt 0.925926 0.000000
vt 0.925926 0.250000
vt 0.925926 0.375000
vt 0.925926 0.500000
vt 0.925926 0.625000
vt 0.925926 0.750000
vt 0.938272 1.000000
vt 0.938272 0.875000
vt 0.938272 0.125000
vt 0.938272 0.000000
vt 0.938272 0.250000
vt 0.938272 0.375000
vt 0.938272 0.500000
vt 0.938272 0.625000
vt 0.938272 0.750000
vt 0.950617 1.000000
vt 0.950617 0.875000
vt 0.950617 0.125000
vt 0.950617 0.000000
vt 0.950617 0.250000
vt 0.950617 0.375000
vt 0.950617 0.500000
vt 0.950617 0.625000
vt 0.950617 0.750000
vt 0.962963 1.000000
vt 0.962963 0.875000
vt 0.962963 0.125000
vt 0.962963 0.000000
vt 0.962963 0.250000
vt 0.962963 0.375000
vt 0.962963 0.500000
vt 0.962963 0.625000
vt 0.962963 0.750000
vt 0.975309 1.000000
vt 0.975309 0.875000
vt 0.975309 0.125000
vt 0.975309 0.000000
vt 0.975309 0.250000
vt 0.975309 0.375000
vt 0.975309 0.500000
vt 0.975309 0.625000
vt 0.975309 0.750000
vt 0.987654 1.000000
vt 0.987654 0.875000
vt 0.987654 0.125000
vt 0.987654 0.000000
vt 0.987654 0.250000
vt 0.987654 0.375000
vt 0.987654 0.500000
vt 0.987654 0.625000
vt 0.987654 0.750000
vt 0.083333 1.000000
vt 0.083333 0.875000
vt 0.083333 0.125000
vt 0.083333 0.000000
vt 0.083333 0.250000
vt 0.083333 0.375000
vt 0.083333 0.500000
vt 0.083333 0.625000
vt 0.083333 0.750000
vt 0.416667 1.000000
vt 0.416667 0.875000
vt 0.416667 0.125000
vt 0.416667 0.000000
vt 0.416667 0.250000
vt 0.416667 0.375000
vt 0.416667 0.500000
vt 0.416667 0.625000
vt 0.416667 0.750000
vt 0.583333 1.000000
vt 0.583333 0.875000
vt 0.583333 0.125000
vt 0.583333 0.000000
vt 0.583333 0.250000
vt 0.583333 0.375000
vt 0.583333 0.500000
vt 0.583333 0.625000
vt 0.583333 0.750000
vt 0.916667 1.000000
vt 0.916667 0.875000
vt 0.916667 0.125000
vt 0.916667 0.000000
vt 0.916667 0.250000
vt 0.916667 0.375000
vt 0.916667 0.500000
vt 0.916667 0.625000
vt 0.916667 0.750000
vt 0.006803 1.000000
vt 0.006803 0.875000
vt 0.006803 0.125000
vt 0.006803 0.000000
vt 0.006803 0.250000
vt 0.006803 0.375000
vt 0.006803 0.500000
vt 0.006803 0.625000
vt 0.006803 0.750000
vt 0.013605 1.000000
vt 0.013605 0.875000
vt 0.013605 0.125000
vt 0.013605 0.000000
vt 0.013605 0.250000
vt 0.013605 0.375000
vt 0.013605 0.500000
vt 0.013605 0.625000
vt 0.013605 0.750000
vt 0.020408 1.000000
vt 0.020408 0.875000
vt 0.020408 0.125000
vt 0.020408 0.000000
vt 0.020408 0.250000
vt 0.020408 0.375000
vt 0.020408 0.500000
vt 0.020408 0.625000
vt 0.020408 0.750000
vt 0.027211 1.000000
vt 0.027211 0.875000
vt 0.027211 0.125000
vt 0.027211 0.000000
vt 0.027211 0.250000
vt 0.027211 0.375000
vt 0.027211 0.500000
vt 0.027211 0.625000
vt 0.027211 0.750000
vt 0.034014 1.000000
vt 0.034014 0.875000
vt 0.034014 0.125000
vt 0.034014 0.000000
vt 0.034014 0.250000
vt 0.034014 0.375000
vt 0.034014 0.500000
vt 0.034014 0.625000
vt 0.034014 0.750000
vt 0.040816 1.000000
vt 0.040816 0.875000
vt 0.040816 0.125000
vt 0.040816 0.000000
vt 0.040816 0.250000
vt 0.040816 0.375000
vt 0.040816 0.500000
vt 0.040816 0.625000
vt 0.040816 0.750000
vt 0.047619 1.000000
vt 0.047619 0.875000
vt 0.047619 0.125000
vt 0.047619 0.000000
vt 0.047619 0.250000
vt 0.047619 0.375000
vt 0.047619 0.500000
vt 0.047619 0.625000
vt 0.047619 0.750000
vt 0.054422 1.000000
vt 0.054422 0.875000
vt 0.054422 0.125000
vt 0.054422 0.000000
vt 0.054422 0.250000
vt 0.054422 0.375000
vt 0.054422 0.500000
vt 0.054422 0.625000
vt 0.054422 0.750000
vt 0.061224 1.000000
vt 0.061224 0.875000
vt 0.061224 0.125000
vt 0.061224 0.000000
vt 0.061224 0.250000
vt 0.061224 0.375000
vt 0.061224 0.500000
vt 0.061224 0.625000
vt 0.061224 0.750000
vt 0.068027 1.000000
vt 0.068027 0.875000
vt 0.068027 0.125000
vt 0.068027 0.000000
vt 0.068027 0.250000
vt 0.068027 0.375000
vt 0.068027 0.500000
vt 0.068027 0.625000
vt 0.068027 0.750000
vt 0.074830 1.000000
vt 0.074830 0.875000
vt 0.074830 0.125000
vt 0.074830 0.000000
vt 0.074830 0.250000
vt 0.074830 0.375000
vt 0.074830 0.500000
vt 0.074830 0.625000
vt 0.074830 0.750000
vt 0.081633 1.000000
vt 0.081633 0.875000
vt 0.081633 0.125000
vt 0.081633 0.000000
vt 0.081633 0.250000
vt 0.081633 0.375000
vt 0.081633 0.500000
vt 0.081633 0.625000
vt 0.081633 0.750000
vt 0.088435 1.000000
vt 0.088435 0.875000
vt 0.088435 0.125000
vt 0.088435 0.000000
vt 0.088435 0.250000
vt 0.088435 0.375000
vt 0.088435 0.500000
vt 0.088435 0.625000
vt 0.088435 0.750000
vt 0.095238 1.000000
vt 0.095238 0.875000
vt 0.095238 0.125000
vt 0.095238 0.000000
vt 0.095238 0.250000
vt 0.095238 0.375000
vt 0.095238 0.500000
vt 0.095238 0.625000
vt 0.095238 0.750000
vt 0.102041 1.000000
vt 0.102041 0.875000
vt 0.102041 0.125000
vt 0.102041 0.000000
vt 0.102041 0.250000
vt 0.102041 0.375000
vt 0.102041 0.500000
vt 0.102041 0.625000
vt 0.102041 0.750000
vt 0.108844 1.000000
vt 0.108844 0.875000
vt 0.108844 0.125000
vt 0.108844 0.000000
vt 0.108844 0.250000
vt 0.108844 0.375000
vt 0.108844 0.500000
vt 0.108844 0.625000
vt 0.108844 0.750000
vt 0.115646 1.000000
vt 0.115646 0.875000
vt 0.115646 0.125000
vt 0.115646 0.000000
vt 0.115646 0.250000
vt 0.115646 0.375000
vt 0.115646 0.500000
vt 0.115646 0.625000
vt 0.115646 0.750000
vt 0.122449 1.000000
vt 0.122449 0.875000
vt 0.122449 0.125000
vt 0.122449 0.000000
vt 0.122449 0.250000
vt 0.122449 0.375000
vt 0.122449 0.500000
vt 0.122449 0.625000
vt 0.122449 0.750000
vt 0.129252 1.000000
vt 0.129252 0.875000
vt 0.129252 0.125000
vt 0.129252 0.000000
vt 0.129252 0.250000
vt 0.129252 0.375000
vt 0.129252 0.500000
vt 0.129252 0.625000
vt 0.129252 0.750000
vt 0.136054 1.000000
vt 0.136054 0.875000
vt 0.136054 0.125000
vt 0.136054 0.000000
vt 0.136054 0.250000
vt 0.136054 0.375000
vt 0.136054 0.500000
vt 0.136054 0.625000
vt 0.136054 0.750000
vt 0.149660 1.000000
vt 0.149660 0.875000
vt 0.149660 0.125000
vt 0.149660 0.000000
vt 0.149660 0.250000
vt 0.149660 0.375000
vt 0.149660 0.500000
vt 0.149660 0.625000
vt 0.149660 0.750000
vt 0.156463 1.000000
vt 0.156463 0.875000
vt 0.156463 0.125000
vt 0.156463 0.000000
vt 0.156463 0.250000
vt 0.156463 0.375000
vt 0.156463 0.500000
vt 0.156463 0.625000
vt 0.156463 0.750000
vt 0.163265 1.000000
vt 0.163265 0.875000
vt 0.163265 0.125000
vt 0.163265 0.000000
vt 0.163265 0.250000
vt 0.163265 0.375000
vt 0.163265 0.500000
vt 0.163265 0.625000
vt 0.163265 0.750000
vt 0.170068 1.000000
vt 0.170068 0.875000
vt 0.170068 0.125000
vt 0.170068 0.000000
vt 0.170068 0.250000
vt 0.170068 0.375000
vt 0.170068 0.500000
vt 0.170068 0.625000
vt 0.170068 0.750000
vt 0.176871 1.000000
vt 0.176871 0.875000
vt 0.176871 0.125000
vt 0.176871 0.000000
vt 0.176871 0.250000
vt 0.176871 0.375000
vt 0.176871 0.500000
vt 0.176871 0.625000
vt 0.176871 0.750000
vt 0.183673 1.000000
vt 0.183673 0.875000
vt 0.183673 0.125000
vt 0.183673 0.000000
vt 0.183673 0.250000
vt 0.183673 0.375000
vt 0.183673 0.500000
vt 0.183673 0.625000
vt 0.183673 0.750000
vt 0.190476 1.000000
vt 0.190476 0.875000
vt 0.190476 0.125000
vt 0.190476 0.000000
vt 0.190476 0.250000
vt 0.190476 0.375000
vt 0.190476 0.500000
vt 0.190476 0.625000
vt 0.190476 0.750000
vt 0.197279 1.000000
vt 0.197279 0.875000
vt 0.197279 0.125000
vt 0.197279 0.000000
vt 0.197279 0.250000
vt 0.197279 0.375000
vt 0.197279 0.500000
vt 0.197279 0.625000
vt 0.197279 0.750000
vt 0.204082 1.000000
vt 0.204082 0.875000
vt 0.204082 0.125000
vt 0.204082 0.000000
vt 0.204082 0.250000
vt 0.204082 0.375000
vt 0.204082 0.500000
vt 0.204082 0.625000
vt 0.204082 0.750000
vt 0.210884 1.000000
vt 0.210884 0.875000
vt 0.210884 0.125000
vt 0.210884 0.000000
vt 0.210884 0.250000
vt 0.210884 0.375000
vt 0.210884 0.500000
vt 0.210884 0.625000
vt 0.210884 0.750000
vt 0.217687 1.000000
vt 0.217687 0.875000
vt 0.217687 0.125000
vt 0.217687 0.000000
vt 0.217687 0.250000
vt 0.217687 0.375000
vt 0.217687 0.500000
vt 0.217687 0.625000
vt 0.217687 0.750000
vt 0.224490 1.000000
vt 0.224490 0.875000
vt 0.224490 0.125000
vt 0.224490 0.000000
vt 0.224490 0.250000
vt 0.224490 0.375000
vt 0.224490 0.500000
vt 0.224490 0.625000
vt 0.224490 0.750000
vt 0.231293 1.000000
vt 0.231293 0.875000
vt 0.231293 0.125000
vt 0.231293 0.000000
vt 0.231293 0.250000
vt 0.231293 0.375000
vt 0.231293 0.500000
vt 0.231293 0.625000
vt 0.231293 0.750000
vt 0.238095 1.000000
vt 0.238095 0.875000
vt 0.238095 0.125000
vt 0.238095 0.000000
vt 0.238095 0.250000
vt 0.238095 0.375000
vt 0.238095 0.500000
vt 0.238095 0.625000
vt 0.238095 0.750000
vt 0.244898 1.000000
vt 0.244898 0.875000
vt 0.244898 0.125000
vt 0.244898 0.000000
vt 0.244898 0.250000
vt 0.244898 0.375000
vt 0.244898 0.500000
vt 0.244898 0.625000
vt 0.244898 0.750000
vt 0.251701 1.000000
vt 0.251701 0.875000
vt 0.251701 0.125000
vt 0.251701 0.000000
vt 0.251701 0.250000
vt 0.251701 0.375000
vt 0.251701 0.500000
vt 0.251701 0.625000
vt 0.251701 0.750000
vt 0.258503 1.000000
vt 0.258503 0.875000
vt 0.258503 0.125000
vt 0.258503 0.000000
vt 0.258503 0.250000
vt 0.258503 0.375000
vt 0.258503 0.500000
vt 0.258503 0.625000
vt 0.258503 0.750000
vt 0.265306 1.000000
vt 0.265306 0.875000
vt 0.265306 0.125000
vt 0.265306 0.000000
vt 0.265306 0.250000
vt 0.265306 0.375000
vt 0.265306 0.500000
vt 0.265306 0.625000
vt 0.265306 0.750000
vt 0.272109 1.000000
vt 0.272109 0.875000
vt 0.272109 0.125000
vt 0.272109 0.000000
vt 0.272109 0.250000
vt 0.272109 0.375000
vt 0.272109 0.500000
vt 0.272109 0.625000
vt 0.272109 0.750000
vt 0.278912 1.000000
vt 0.278912 0.875000
vt 0.278912 0.125000
vt 0.278912 0.000000
vt 0.278912 0.250000
vt 0.278912 0.375000
vt 0.278912 0.500000
vt 0.278912 0.625000
vt 0.278912 0.750000
vt 0.292517 1.000000
vt 0.292517 0.875000
vt 0.292517 0.125000
vt 0.292517 0.000000
vt 0.292517 0.250000
vt 0.292517 0.375000
vt 0.292517 0.500000
vt 0.292517 0.625000
vt 0.292517 0.750000
vt 0.299320 1.000000
vt 0.299320 0.875000
vt 0.299320 0.125000
vt 0.299320 0.000000
vt 0.299320 0.250000
vt 0.299320 0.375000
vt 0.299320 0.500000
vt 0.299320 0.625000
vt 0.299320 0.750000
vt 0.306122 1.000000
vt 0.306122 0.875000
vt 0.306122 0.125000
vt 0.306122 0.000000
vt 0.306122 0.250000
vt 0.306122 0.375000
vt 0.306122 0.500000
vt 0.306122 0.625000
vt 0.306122 0.750000
vt 0.312925 1.000000
vt 0.312925 0.875000
vt 0.312925 0.125000
vt 0.312925 0.000000
vt 0.312925 0.250000
vt 0.312925 0.375000
vt 0.312925 0.500000
vt 0.312925 0.625000
vt 0.312925 0.750000
vt 0.319728 1.000000
vt 0.319728 0.875000
vt 0.319728 0.125000
vt 0.319728 0.000000
vt 0.319728 0.250000
vt 0.319728 0.375000
vt 0.319728 0.500000
vt 0.319728 0.625000
vt 0.319728 0.750000
vt 0.326531 1.000000
vt 0.326531 0.875000
vt 0.326531 0.125000
vt 0.326531 0.000000
vt 0.326531 0.250000
vt 0.326531 0.375000
vt 0.326531 0.500000
vt 0.326531 0.625000
vt 0.326531 0.750000
vt 0.340136 1.000000
vt 0.340136 0.875000
vt 0.340136 0.125000
vt 0.340136 0.000000
vt 0.340136 0.250000
vt 0.340136 0.375000
vt 0.340136 0.500000
vt 0.340136 0.625000
vt 0.340136 0.750000
vt 0.346939 1.000000
vt 0.346939 0.875000
vt 0.346939 0.125000
vt 0.346939 0.000000
vt 0.346939 0.250000
vt 0.346939 0.375000
vt 0.346939 0.500000
vt 0.346939 0.625000
vt 0.346939 0.750000
vt 0.353741 1.000000
vt 0.353741 0.875000
vt 0.353741 0.125000
vt 0.353741 0.000000
vt 0.353741 0.250000
vt 0.353741 0.375000
vt 0.353741 0.500000
vt 0.353741 0.625000
vt 0.353741 0.750000
vt 0.360544 1.000000
vt 0.360544 0.875000
vt 0.360544 0.125000
vt 0.360544 0.000000
vt 0.360544 0.250000
vt 0.360544 0.375000
vt 0.360544 0.500000
vt 0.360544 0.625000
vt 0.360544 0.750000
vt 0.367347 1.000000
vt 0.367347 0.875000
vt 0.367347 0.125000
vt 0.367347 0.000000
vt 0.367347 0.250000
vt 0.367347 0.375000
vt 0.367347 0.500000
vt 0.367347 0.625000
vt 0.367347 0.750000
vt 0.374150 1.000000
vt 0.374150 0.875000
vt 0.374150 0.125000
vt 0.374150 0.000000
vt 0.374150 0.250000
vt 0.374150 0.375000
vt 0.374150 0.500000
vt 0.374150 0.625000
vt 0.374150 0.750000
vt 0.380952 1.000000
vt 0.380952 0.875000
vt 0.380952 0.125000
vt 0.380952 0.000000
vt 0.380952 0.250000
vt 0.380952 0.375000
vt 0.380952 0.500000
vt 0.380952 0.625000
vt 0.380952 0.750000
vt 0.387755 1.000000
vt 0.387755 0.875000
vt 0.387755 0.125000
vt 0.387755 0.000000
vt 0.387755 0.250000
vt 0.387755 0.375000
vt 0.387755 0.500000
vt 0.387755 0.625000
vt 0.387755 0.750000
vt 0.394558 1.000000
vt 0.394558 0.875000
vt 0.394558 0.125000
vt 0.394558 0.000000
vt 0.394558 0.250000
vt 0.394558 0.375000
vt 0.394558 0.500000
vt 0.394558 0.625000
vt 0.394558 0.750000
vt 0.401361 1.000000
vt 0.401361 0.875000
vt 0.401361 0.125000
vt 0.401361 0.000000
vt 0.401361 0.250000
vt 0.401361 0.375000
vt 0.401361 0.500000
vt 0.401361 0.625000
vt 0.401361 0.750000
vt 0.408163 1.000000
vt 0.408163 0.875000
vt 0.408163 0.125000
vt 0.408163 0.000000
vt 0.408163 0.250000
vt 0.408163 0.375000
vt 0.408163 0.500000
vt 0.408163 0.625000
vt 0.408163 0.750000
vt 0.414966 1.000000
vt 0.414966 0.875000
vt 0.414966 0.125000
vt 0.414966 0.000000
vt 0.414966 0.250000
vt 0.414966 0.375000
vt 0.414966 0.500000
vt 0.414966 0.625000
vt 0.414966 0.750000
vt 0.421769 1.000000
vt 0.421769 0.875000
vt 0.421769 0.125000
vt 0.421769 0.000000
vt 0.421769 0.250000
vt 0.421769 0.375000
vt 0.421769 0.500000
vt 0.421769 0.625000
vt 0.421769 0.750000
vt 0.435374 1.000000
vt 0.435374 0.875000
vt 0.435374 0.125000
vt 0.435374 0.000000
vt 0.435374 0.250000
vt 0.435374 0.375000
vt 0.435374 0.500000
vt 0.435374 0.625000
vt 0.435374 0.750000
vt 0.442177 1.000000
vt 0.442177 0.875000
vt 0.442177 0.125000
vt 0.442177 0.000000
vt 0.442177 0.250000
vt 0.442177 0.375000
vt 0.442177 0.500000
vt 0.442177 0.625000
vt 0.442177 0.750000
vt 0.448980 1.000000
vt 0.448980 0.875000
vt 0.448980 0.125000
vt 0.448980 0.000000
vt 0.448980 0.250000
vt 0.448980 0.375000
vt 0.448980 0.500000
vt 0.448980 0.625000
vt 0.448980 0.750000
vt 0.455782 1.000000
vt 0.455782 0.875000
vt 0.455782 0.125000
vt 0.455782 0.000000
vt 0.455782 0.250000
vt 0.455782 0.375000
vt 0.455782 0.500000
vt 0.455782 0.625000
vt 0.455782 0.750000
vt 0.462585 1.000000
vt 0.462585 0.875000
vt 0.462585 0.125000
vt 0.462585 0.000000
vt 0.462585 0.250000
vt 0.462585 0.375000
vt 0.462585 0.500000
vt 0.462585 0.625000
vt 0.462585 0.750000
vt 0.469388 1.000000
vt 0.469388 0.875000
vt 0.469388 0.125000
vt 0.469388 0.000000
vt 0.469388 0.250000
vt 0.469388 0.375000
vt 0.469388 0.500000
vt 0.469388 0.625000
vt 0.469388 0.750000
vt 0.476190 1.000000
vt 0.476190 0.875000
vt 0.476190 0.125000
vt 0.476190 0.000000
vt 0.476190 0.250000
vt 0.476190 0.375000
vt 0.476190 0.500000
vt 0.476190 0.625000
vt 0.476190 0.750000
vt 0.482993 1.000000
vt 0.482993 0.875000
vt 0.482993 0.125000
vt 0.482993 0.000000
vt 0.482993 0.250000
vt 0.482993 0.375000
vt 0.482993 0.500000
vt 0.482993 0.625000
vt 0.482993 0.750000
vt 0.489796 1.000000
vt 0.489796 0.875000
vt 0.489796 0.125000
vt 0.489796 0.000000
vt 0.489796 0.250000
vt 0.489796 0.375000
vt 0.489796 0.500000
vt 0.489796 0.625000
vt 0.489796 0.750000
vt 0.496599 1.000000
vt 0.496599 0.875000
vt 0.496599 0.125000
vt 0.496599 0.000000
vt 0.496599 0.250000
vt 0.496599 0.375000
vt 0.496599 0.500000
vt 0.496599 0.625000
vt 0.496599 0.750000
vt 0.503401 1.000000
vt 0.503401 0.875000
vt 0.503401 0.125000
vt 0.503401 0.000000
vt 0.503401 0.250000
vt 0.503401 0.375000
vt 0.503401 0.500000
vt 0.503401 0.625000
vt 0.503401 0.750000
vt 0.510204 1.000000
vt 0.510204 0.875000
vt 0.510204 0.125000
vt 0.510204 0.000000
vt 0.510204 0.250000
vt 0.510204 0.375000
vt 0.510204 0.500000
vt 0.510204 0.625000
vt 0.510204 0.750000
vt 0.517007 1.000000
vt 0.517007 0.875000
vt 0.517007 0.125000
vt 0.517007 0.000000
vt 0.517007 0.250000
vt 0.517007 0.375000
vt 0.517007 0.500000
vt 0.517007 0.625000
vt 0.517007 0.750000
vt 0.523810 1.000000
vt 0.523810 0.875000
vt 0.523810 0.125000
vt 0.523810 0.000000
vt 0.523810 0.250000
vt 0.523810 0.375000
vt 0.523810 0.500000
vt 0.523810 0.625000
vt 0.523810 0.750000
vt 0.530612 1.000000
vt 0.530612 0.875000
vt 0.530612 0.125000
vt 0.530612 0.000000
vt 0.530612 0.250000
vt 0.530612 0.375000
vt 0.530612 0.500000
vt 0.530612 0.625000
vt 0.530612 0.750000
vt 0.537415 1.000000
vt 0.537415 0.875000
vt 0.537415 0.125000
vt 0.537415 0.000000
vt 0.537415 0.250000
vt 0.537415 0.375000
vt 0.537415 0.500000
vt 0.537415 0.625000
vt 0.537415 0.750000
vt 0.544218 1.000000
vt 0.544218 0.875000
vt 0.544218 0.125000
vt 0.544218 0.000000
vt 0.544218 0.250000
vt 0.544218 0.375000
vt 0.544218 0.500000
vt 0.544218 0.625000
vt 0.544218 0.750000
vt 0.551020 1.000000
vt 0.551020 0.875000
vt 0.551020 0.125000
vt 0.551020 0.000000
vt 0.551020 0.250000
vt 0.551020 0.375000
vt 0.551020 0.500000
vt 0.551020 0.625000
vt 0.551020 0.750000
vt 0.557823 1.000000
vt 0.557823 0.875000
vt 0.557823 0.125000
vt 0.557823 0.000000
vt 0.557823 0.250000
vt 0.557823 0.375000
vt 0.557823 0.500000
vt 0.557823 0.625000
vt 0.557823 0.750000
vt 0.564626 1.000000
vt 0.564626 0.875000
vt 0.564626 0.125000
vt 0.564626 0.000000
vt 0.564626 0.250000
vt 0.564626 0.375000
vt 0.564626 0.500000
vt 0.564626 0.625000
vt 0.564626 0.750000
vt 0.578231 1.000000
vt 0.578231 0.875000
vt 0.578231 0.125000
vt 0.578231 0.000000
vt 0.578231 0.250000
vt 0.578231 0.375000
vt 0.578231 0.500000
vt 0.578231 0.625000
vt 0.578231 0.750000
vt 0.585034 1.000000
vt 0.585034 0.875000
vt 0.585034 0.125000
vt 0.585034 0.000000
vt 0.585034 0.250000
vt 0.585034 0.375000
vt 0.585034 0.500000
vt 0.585034 0.625000
vt 0.585034 0.750000
vt 0.591837 1.000000
vt 0.591837 0.875000
vt 0.591837 0.125000
vt 0.591837 0.000000
vt 0.591837 0.250000
vt 0.591837 0.375000
vt 0.591837 0.500000
vt 0.591837 0.625000
vt 0.591837 0.750000
vt 0.598639 1.000000
vt 0.598639 0.875000
vt 0.598639 0.125000
vt 0.598639 0.000000
vt 0.598639 0.250000
vt 0.598639 0.375000
vt 0.598639 0.500000
vt 0.598639 0.625000
vt 0.598639 0.750000
vt 0.605442 1.000000
vt 0.605442 0.875000
vt 0.605442 0.125000
vt 0.605442 0.000000
vt 0.605442 0.250000
vt 0.605442 0.375000
vt 0.605442 0.500000
vt 0.605442 0.625000
vt 0.605442 0.750000
vt 0.612245 1.000000
vt 0.612245 0.875000
vt 0.612245 0.125000
vt 0.612245 0.000000
vt 0.612245 0.250000
vt 0.612245 0.375000
vt 0.612245 0.500000
vt 0.612245 0.625000
vt 0.612245 0.750000
vt 0.619048 1.000000
vt 0.619048 0.875000
vt 0.619048 0.125000
vt 0.619048 0.000000
vt 0.619048 0.250000
vt 0.619048 0.375000
vt 0.619048 0.500000
vt 0.619048 0.625000
vt 0.619048 0.750000
vt 0.625850 1.000000
vt 0.625850 0.875000
vt 0.625850 0.125000
vt 0.625850 0.000000
vt 0.625850 0.250000
vt 0.625850 0.375000
vt 0.625850 0.500000
vt 0.625850 0.625000
vt 0.625850 0.750000
vt 0.632653 1.000000
vt 0.632653 0.875000
vt 0.632653 0.125000
vt 0.632653 0.000000
vt 0.632653 0.250000
vt 0.632653 0.375000
vt 0.632653 0.500000
vt 0.632653 0.625000
vt 0.632653 0.750000
vt 0.639456 1.000000
vt 0.639456 0.875000
vt 0.639456 0.125000
vt 0.639456 0.000000
vt 0.639456 0.250000
vt 0.639456 0.375000
vt 0.639456 0.500000
vt 0.639456 0.625000
vt 0.639456 0.750000
vt 0.646259 1.000000
vt 0.646259 0.875000
vt 0.646259 0.125000
vt 0.646259 0.000000
vt 0.646259 0.250000
vt 0.646259 0.375000
vt 0.646259 0.500000
vt 0.646259 0.625000
vt 0.646259 0.750000
vt 0.653061 1.000000
vt 0.653061 0.875000
vt 0.653061 0.125000
vt 0.653061 0.000000
vt 0.653061 0.250000
vt 0.653061 0.375000
vt 0.653061 0.500000
vt 0.653061 0.625000
vt 0.653061 0.750000
vt 0.659864 1.000000
vt 0.659864 0.875000
vt 0.659864 0.125000
vt 0.659864 0.000000
vt 0.659864 0.250000
vt 0.659864 0.375000
vt 0.659864 0.500000
vt 0.659864 0.625000
vt 0.659864 0.750000
vt 0.673469 1.000000
vt 0.673469 0.875000
vt 0.673469 0.125000
vt 0.673469 0.000000
vt 0.673469 0.250000
vt 0.673469 0.375000
vt 0.673469 0.500000
vt 0.673469 0.625000
vt 0.673469 0.750000
vt 0.680272 1.000000
vt 0.680272 0.875000
vt 0.680272 0.125000
vt 0.680272 0.000000
vt 0.680272 0.250000
vt 0.680272 0.375000
vt 0.680272 0.500000
vt 0.680272 0.625000
vt 0.680272 0.750000
vt 0.687075 1.000000
vt 0.687075 0.875000
vt 0.687075 0.125000
vt 0.687075 0.000000
vt 0.687075 0.250000
vt 0.687075 0.375000
vt 0.687075 0.500000
vt 0.687075 0.625000
vt 0.687075 0.750000
vt 0.693878 1.000000
vt 0.693878 0.875000
vt 0.693878 0.125000
vt 0.693878 0.000000
vt 0.693878 0.250000
vt 0.693878 0.375000
vt 0.693878 0.500000
vt 0.693878 0.625000
vt 0.693878 0.750000
vt 0.700680 1.000000
vt 0.700680 0.875000
vt 0.700680 0.125000
vt 0.700680 0.000000
vt 0.700680 0.250000
vt 0.700680 0.375000
vt 0.700680 0.500000
vt 0.700680 0.625000
vt 0.700680 0.750000
vt 0.707483 1.000000
vt 0.707483 0.875000
vt 0.707483 0.125000
vt 0.707483 0.000000
vt 0.707483 0.250000
vt 0.707483 0.375000
vt 0.707483 0.500000
vt 0.707483 0.625000
vt 0.707483 0.750000
vt 0.721088 1.000000
vt 0.721088 0.875000
vt 0.721088 0.125000
vt 0.721088 0.000000
vt 0.721088 0.250000
vt 0.721088 0.375000
vt 0.721088 0.500000
vt 0.721088 0.625000
vt 0.721088 0.750000
vt 0.727891 1.000000
vt 0.727891 0.875000
vt 0.727891 0.125000
vt 0.727891 0.000000
vt 0.727891 0.250000
vt 0.727891 0.375000
vt 0.727891 0.500000
vt 0.727891 0.625000
vt 0.727891 0.750000
vt 0.734694 1.000000
vt 0.734694 0.875000
vt 0.734694 0.125000
vt 0.734694 0.000000
vt 0.734694 0.250000
vt 0.734694 0.375000
vt 0.734694 0.500000
vt 0.734694 0.625000
vt 0.734694 0.750000
vt 0.741497 1.000000
vt 0.741497 0.875000
vt 0.741497 0.125000
vt 0.741497 0.000000
vt 0.741497 0.250000
vt 0.741497 0.375000
vt 0.741497 0.500000
vt 0.741497 0.625000
vt 0.741497 0.750000
vt 0.748299 1.000000
vt 0.748299 0.875000
vt 0.748299 0.125000
vt 0.748299 0.000000
vt 0.748299 0.250000
vt 0.748299 0.375000
vt 0.748299 0.500000
vt 0.748299 0.625000
vt 0.748299 0.750000
vt 0.755102 1.000000
vt 0.755102 0.875000
vt 0.755102 0.125000
vt 0.755102 0.000000
vt 0.755102 0.250000
vt 0.755102 0.375000
vt 0.755102 0.500000
vt 0.755102 0.625000
vt 0.755102 0.750000
vt 0.761905 1.000000
vt 0.761905 0.875000
vt 0.761905 0.125000
vt 0.761905 0.000000
vt 0.761905 0.250000
vt 0.761905 0.375000
vt 0.761905 0.500000
vt 0.761905 0.625000
vt 0.761905 0.750000
vt 0.768707 1.000000
vt 0.768707 0.875000
vt 0.768707 0.125000
vt 0.768707 0.000000
vt 0.768707 0.250000
vt 0.768707 0.375000
vt 0.768707 0.500000
vt 0.768707 0.625000
vt 0.768707 0.750000
vt 0.775510 1.000000
vt 0.775510 0.875000
vt 0.775510 0.125000
vt 0.775510 0.000000
vt 0.775510 0.250000
vt 0.775510 0.375000
vt 0.775510 0.500000
vt 0.775510 0.625000
vt 0.775510 0.750000
vt 0.782313 1.000000
vt 0.782313 0.875000
vt 0.782313 0.125000
vt 0.782313 0.000000
vt 0.782313 0.250000
vt 0.782313 0.375000
vt 0.782313 0.500000
vt 0.782313 0.625000
vt 0.782313 0.750000
vt 0.789116 1.000000
vt 0.789116 0.875000
vt 0.789116 0.125000
vt 0.789116 0.000000
vt 0.789116 0.250000
vt 0.789116 0.375000
vt 0.789116 0.500000
vt 0.789116 0.625000
vt 0.789116 0.750000
vt 0.795918 1.000000
vt 0.795918 0.875000
vt 0.795918 0.125000
vt 0.795918 0.000000
vt 0.795918 0.250000
vt 0.795918 0.375000
vt 0.795918 0.500000
vt 0.795918 0.625000
vt 0.795918 0.750000
vt 0.802721 1.000000
vt 0.802721 0.875000
vt 0.802721 0.125000
vt 0.802721 0.000000
vt 0.802721 0.250000
vt 0.802721 0.375000
vt 0.802721 0.500000
vt 0.802721 0.625000
vt 0.802721 0.750000
vt 0.809524 1.000000
vt 0.809524 0.875000
vt 0.809524 0.125000
vt 0.809524 0.000000
vt 0.809524 0.250000
vt 0.809524 0.375000
vt 0.809524 0.500000
vt 0.809524 0.625000
vt 0.809524 0.750000
vt 0.816327 1.000000
vt 0.816327 0.875000
vt 0.816327 0.125000
vt 0.816327 0.000000
vt 0.816327 0.250000
vt 0.816327 0.375000
vt 0.816327 0.500000
vt 0.816327 0.625000
vt 0.816327 0.750000
vt 0.823129 1.000000
vt 0.823129 0.875000
vt 0.823129 0.125000
vt 0.823129 0.000000
vt 0.823129 0.250000
vt 0.823129 0.375000
vt 0.823129 0.500000
vt 0.823129 0.625000
vt 0.823129 0.750000
vt 0.829932 1.000000
vt 0.829932 0.875000
vt 0.829932 0.125000
vt 0.829932 0.000000
vt 0.829932 0.250000
vt 0.829932 0.375000
vt 0.829932 0.500000
vt 0.829932 0.625000
vt 0.829932 0.750000
vt 0.836735 1.000000
vt 0.836735 0.875000
vt 0.836735 0.125000
vt 0.836735 0.000000
vt 0.836735 0.250000
vt 0.836735 0.375000
vt 0.836735 0.500000
vt 0.836735 0.625000
vt 0.836735 0.750000
vt 0.843537 1.000000
vt 0.843537 0.875000
vt 0.843537 0.125000
vt 0.843537 0.000000
vt 0.843537 0.250000
vt 0.843537 0.375000
vt 0.843537 0.500000
vt 0.843537 0.625000
vt 0.843537 0.750000
vt 0.850340 1.000000
vt 0.850340 0.875000
vt 0.850340 0.125000
vt 0.850340 0.000000
vt 0.850340 0.250000
vt 0.850340 0.375000
vt 0.850340 0.500000
vt 0.850340 0.625000
vt 0.850340 0.750000
vt 0.863946 1.000000
vt 0.863946 0.875000
vt 0.863946 0.125000
vt 0.863946 0.000000
vt 0.863946 0.250000
vt 0.863946 0.375000
vt 0.863946 0.500000
vt 0.863946 0.625000
vt 0.863946 0.750000
vt 0.870748 1.000000
vt 0.870748 0.875000
vt 0.870748 0.125000
vt 0.870748 0.000000
vt 0.870748 0.250000
vt 0.870748 0.375000
vt 0.870748 0.500000
vt 0.870748 0.625000
vt 0.870748 0.750000
vt 0.877551 1.000000
vt 0.877551 0.875000
vt 0.877551 0.125000
vt 0.877551 0.000000
vt 0.877551 0.250000
vt 0.877551 0.375000
vt 0.877551 0.500000
vt 0.877551 0.625000
vt 0.877551 0.750000
vt 0.884354 1.000000
vt 0.884354 0.875000
vt 0.884354 0.125000
vt 0.884354 0.000000
vt 0.884354 0.250000
vt 0.884354 0.375000
vt 0.884354 0.500000
vt 0.884354 0.625000
vt 0.884354 0.750000
vt 0.891156 1.000000
vt 0.891156 0.875000
vt 0.891156 0.125000
vt 0.891156 0.000000
vt 0.891156 0.250000
vt 0.891156 0.375000
vt 0.891156 0.500000
vt 0.891156 0.625000
vt 0.891156 0.750000
vt 0.897959 1.000000
vt 0.897959 0.875000
vt 0.897959 0.125000
vt 0.897959 0.000000
vt 0.897959 0.250000
vt 0.897959 0.375000
vt 0.897959 0.500000
vt 0.897959 0.625000
vt 0.897959 0.750000
vt 0.904762 1.000000
vt 0.904762 0.875000
vt 0.904762 0.125000
vt 0.904762 0.000000
vt 0.904762 0.250000
vt 0.904762 0.375000
vt 0.904762 0.500000
vt 0.904762 0.625000
vt 0.904762 0.750000
vt 0.911565 1.000000
vt 0.911565 0.875000
vt 0.911565 0.125000
vt 0.911565 0.000000
vt 0.911565 0.250000
vt 0.911565 0.375000
vt 0.911565 0.500000
vt 0.911565 0.625000
vt 0.911565 0.750000
vt 0.918367 1.000000
vt 0.918367 0.875000
vt 0.918367 0.125000
vt 0.918367 0.000000
vt 0.918367 0.250000
vt 0.918367 0.375000
vt 0.918367 0.500000
vt 0.918367 0.625000
vt 0.918367 0.750000
vt 0.925170 1.000000
vt 0.925170 0.875000
vt 0.925170 0.125000
vt 0.925170 0.000000
vt 0.925170 0.250000
vt 0.925170 0.375000
vt 0.925170 0.500000
vt 0.925170 0.625000
vt 0.925170 0.750000
vt 0.931973 1.000000
vt 0.931973 0.875000
vt 0.931973 0.125000
vt 0.931973 0.000000
vt 0.931973 0.250000
vt 0.931973 0.375000
vt 0.931973 0.500000
vt 0.931973 0.625000
vt 0.931973 0.750000
vt 0.938776 1.000000
vt 0.938776 0.875000
vt 0.938776 0.125000
vt 0.938776 0.000000
vt 0.938776 0.250000
vt 0.938776 0.375000
vt 0.938776 0.500000
vt 0.938776 0.625000
vt 0.938776 0.750000
vt 0.945578 1.000000
vt 0.945578 0.875000
vt 0.945578 0.125000
vt 0.945578 0.000000
vt 0.945578 0.250000
vt 0.945578 0.375000
vt 0.945578 0.500000
vt 0.945578 0.625000
vt 0.945578 0.750000
vt 0.952381 1.000000
vt 0.952381 0.875000
vt 0.952381 0.125000
vt 0.952381 0.000000
vt 0.952381 0.250000
vt 0.952381 0.375000
vt 0.952381 0.500000
vt 0.952381 0.625000
vt 0.952381 0.750000
vt 0.959184 1.000000
vt 0.959184 0.875000
vt 0.959184 0.125000
vt 0.959184 0.000000
vt 0.959184 0.250000
vt 0.959184 0.375000
vt 0.959184 0.500000
vt 0.959184 0.625000
vt 0.959184 0.750000
vt 0.965986 1.000000
vt 0.965986 0.875000
vt 0.965986 0.125000
vt 0.965986 0.000000
vt 0.965986 0.250000
vt 0.965986 0.375000
vt 0.965986 0.500000
vt 0.965986 0.625000
vt 0.965986 0.750000
vt 0.972789 1.000000
vt 0.972789 0.875000
vt 0.972789 0.125000
vt 0.972789 0.000000
vt 0.972789 0.250000
vt 0.972789 0.375000
vt 0.972789 0.500000
vt 0.972789 0.625000
vt 0.972789 0.750000
vt 0.979592 1.000000
vt 0.979592 0.875000
vt 0.979592 0.125000
vt 0.979592 0.000000
vt 0.979592 0.250000
vt 0.979592 0.375000
vt 0.979592 0.500000
vt 0.979592 0.625000
vt 0.979592 0.750000
vt 0.986395 1.000000
vt 0.986395 0.875000
vt 0.986395 0.125000
vt 0.986395 0.000000
vt 0.986395 0.250000
vt 0.986395 0.375000
vt 0.986395 0.500000
vt 0.986395 0.625000
vt 0.986395 0.750000
vt 0.993197 1.000000
vt 0.993197 0.875000
vt 0.993197 0.125000
vt 0.993197 0.000000
vt 0.993197 0.250000
vt 0.993197 0.375000
vt 0.993197 0.500000
vt 0.993197 0.625000
vt 0.993197 0.750000
vt 0.004545 1.000000
vt 0.004545 0.875000
vt 0.004545 0.125000
vt 0.004545 0.000000
vt 0.004545 0.250000
vt 0.004545 0.375000
vt 0.004545 0.500000
vt 0.004545 0.625000
vt 0.004545 0.750000
vt 0.009091 1.000000
vt 0.009091 0.875000
vt 0.009091 0.125000
vt 0.009091 0.000000
vt 0.009091 0.250000
vt 0.009091 0.375000
vt 0.009091 0.500000
vt 0.009091 0.625000
vt 0.009091 0.750000
vt 0.013636 1.000000
vt 0.013636 0.875000
vt 0.013636 0.125000
vt 0.013636 0.000000
vt 0.013636 0.250000
vt 0.013636 0.375000
vt 0.013636 0.500000
vt 0.013636 0.625000
vt 0.013636 0.750000
vt 0.018182 1.000000
vt 0.018182 0.875000
vt 0.018182 0.125000
vt 0.018182 0.000000
vt 0.018182 0.250000
vt 0.018182 0.375000
vt 0.018182 0.500000
vt 0.018182 0.625000
vt 0.018182 0.750000
vt 0.022727 1.000000
vt 0.022727 0.875000
vt 0.022727 0.125000
vt 0.022727 0.000000
vt 0.022727 0.250000
vt 0.022727 0.375000
vt 0.022727 0.500000
vt 0.022727 0.625000
vt 0.022727 0.750000
vt 0.027273 1.000000
vt 0.027273 0.875000
vt 0.027273 0.125000
vt 0.027273 0.000000
vt 0.027273 0.250000
vt 0.027273 0.375000
vt 0.027273 0.500000
vt 0.027273 0.625000
vt 0.027273 0.750000
vt 0.031818 1.000000
vt 0.031818 0.875000
vt 0.031818 0.125000
vt 0.031818 0.000000
vt 0.031818 0.250000
vt 0.031818 0.375000
vt 0.031818 0.500000
vt 0.031818 0.625000
vt 0.031818 0.750000
vt 0.036364 1.000000
vt 0.036364 0.875000
vt 0.036364 0.125000
vt 0.036364 0.000000
vt 0.036364 0.250000
vt 0.036364 0.375000
vt 0.036364 0.500000
vt 0.036364 0.625000
vt 0.036364 0.750000
vt 0.040909 1.000000
vt 0.040909 0.875000
vt 0.040909 0.125000
vt 0.040909 0.000000
vt 0.040909 0.250000
vt 0.040909 0.375000
vt 0.040909 0.500000
vt 0.040909 0.625000
vt 0.040909 0.750000
vt 0.045455 1.000000
vt 0.045455 0.875000
vt 0.045455 0.125000
vt 0.045455 0.000000
vt 0.045455 0.250000
vt 0.045455 0.375000
vt 0.045455 0.500000
vt 0.045455 0.625000
vt 0.045455 0.750000
vt 0.054545 1.000000
vt 0.054545 0.875000
vt 0.054545 0.125000
vt 0.054545 0.000000
vt 0.054545 0.250000
vt 0.054545 0.375000
vt 0.054545 0.500000
vt 0.054545 0.625000
vt 0.054545 0.750000
vt 0.059091 1.000000
vt 0.059091 0.875000
vt 0.059091 0.125000
vt 0.059091 0.000000
vt 0.059091 0.250000
vt 0.059091 0.375000
vt 0.059091 0.500000
vt 0.059091 0.625000
vt 0.059091 0.750000
vt 0.063636 1.000000
vt 0.063636 0.875000
vt 0.063636 0.125000
vt 0.063636 0.000000
vt 0.063636 0.250000
vt 0.063636 0.375000
vt 0.063636 0.500000
vt 0.063636 0.625000
vt 0.063636 0.750000
vt 0.068182 1.000000
vt 0.068182 0.875000
vt 0.068182 0.125000
vt 0.068182 0.000000
vt 0.068182 0.250000
vt 0.068182 0.375000
vt 0.068182 0.500000
vt 0.068182 0.625000
vt 0.068182 0.750000
vt 0.072727 1.000000
vt 0.072727 0.875000
vt 0.072727 0.125000
vt 0.072727 0.000000
vt 0.072727 0.250000
vt 0.072727 0.375000
vt 0.072727 0.500000
vt 0.072727 0.625000
vt 0.072727 0.750000
vt 0.077273 1.000000
vt 0.077273 0.875000
vt 0.077273 0.125000
vt 0.077273 0.000000
vt 0.077273 0.250000
vt 0.077273 0.375000
vt 0.077273 0.500000
vt 0.077273 0.625000
vt 0.077273 0.750000
vt 0.081818 1.000000
vt 0.081818 0.875000
vt 0.081818 0.125000
vt 0.081818 0.000000
vt 0.081818 0.250000
vt 0.081818 0.375000
vt 0.081818 0.500000
vt 0.081818 0.625000
vt 0.081818 0.750000
vt 0.086364 1.000000
vt 0.086364 0.875000
vt 0.086364 0.125000
vt 0.086364 0.000000
vt 0.086364 0.250000
vt 0.086364 0.375000
vt 0.086364 0.500000
vt 0.086364 0.625000
vt 0.086364 0.750000
vt 0.090909 1.000000
vt 0.090909 0.875000
vt 0.090909 0.125000
vt 0.090909 0.000000
vt 0.090909 0.250000
vt 0.090909 0.375000
vt 0.090909 0.500000
vt 0.090909 0.625000
vt 0.090909 0.750000
vt 0.095455 1.000000
vt 0.095455 0.875000
vt 0.095455 0.125000
vt 0.095455 0.000000
vt 0.095455 0.250000
vt 0.095455 0.375000
vt 0.095455 0.500000
vt 0.095455 0.625000
vt 0.095455 0.750000
vt 0.104545 1.000000
vt 0.104545 0.875000
vt 0.104545 0.125000
vt 0.104545 0.000000
vt 0.104545 0.250000
vt 0.104545 0.375000
vt 0.104545 0.500000
vt 0.104545 0.625000
vt 0.104545 0.750000
vt 0.109091 1.000000
vt 0.109091 0.875000
vt 0.109091 0.125000
vt 0.109091 0.000000
vt 0.109091 0.250000
vt 0.109091 0.375000
vt 0.109091 0.500000
vt 0.109091 0.625000
vt 0.109091 0.750000
vt 0.113636 1.000000
vt 0.113636 0.875000
vt 0.113636 0.125000
vt 0.113636 0.000000
vt 0.113636 0.250000
vt 0.113636 0.375000
vt 0.113636 0.500000
vt 0.113636 0.625000
vt 0.113636 0.750000
vt 0.118182 1.000000
vt 0.118182 0.875000
vt 0.118182 0.125000
vt 0.118182 0.000000
vt 0.118182 0.250000
vt 0.118182 0.375000
vt 0.118182 0.500000
vt 0.118182 0.625000
vt 0.118182 0.750000
vt 0.122727 1.000000
vt 0.122727 0.875000
vt 0.122727 0.125000
vt 0.122727 0.000000
vt 0.122727 0.250000
vt 0.122727 0.375000
vt 0.122727 0.500000
vt 0.122727 0.625000
vt 0.122727 0.750000
vt 0.127273 1.000000
vt 0.127273 0.875000
vt 0.127273 0.125000
vt 0.127273 0.000000
vt 0.127273 0.250000
vt 0.127273 0.375000
vt 0.127273 0.500000
vt 0.127273 0.625000
vt 0.127273 0.750000
vt 0.131818 1.000000
vt 0.131818 0.875000
vt 0.131818 0.125000
vt 0.131818 0.000000
vt 0.131818 0.250000
vt 0.131818 0.375000
vt 0.131818 0.500000
vt 0.131818 0.625000
vt 0.131818 0.750000
vt 0.136364 1.000000
vt 0.136364 0.875000
vt 0.136364 0.125000
vt 0.136364 0.000000
vt 0.136364 0.250000
vt 0.136364 0.375000
vt 0.136364 0.500000
vt 0.136364 0.625000
vt 0.136364 0.750000
vt 0.140909 1.000000
vt 0.140909 0.875000
vt 0.140909 0.125000
vt 0.140909 0.000000
vt 0.140909 0.250000
vt 0.140909 0.375000
vt 0.140909 0.500000
vt 0.140909 0.625000
vt 0.140909 0.750000
vt 0.145455 1.000000
vt 0.145455 0.875000
vt 0.145455 0.125000
vt 0.145455 0.000000
vt 0.145455 0.250000
vt 0.145455 0.375000
vt 0.145455 0.500000
vt 0.145455 0.625000
vt 0.145455 0.750000
vt 0.154545 1.000000
vt 0.154545 0.875000
vt 0.154545 0.125000
vt 0.154545 0.000000
vt 0.154545 0.250000
vt 0.154545 0.375000
vt 0.154545 0.500000
vt 0.154545 0.625000
vt 0.154545 0.750000
vt 0.159091 1.000000
vt 0.159091 0.875000
vt 0.159091 0.125000
vt 0.159091 0.000000
vt 0.159091 0.250000
vt 0.159091 0.375000
vt 0.159091 0.500000
vt 0.159091 0.625000
vt 0.159091 0.750000
vt 0.163636 1.000000
vt 0.163636 0.875000
vt 0.163636 0.125000
vt 0.163636 0.000000
vt 0.163636 0.250000
vt 0.163636 0.375000
vt 0.163636 0.500000
vt 0.163636 0.625000
vt 0.163636 0.750000
vt 0.168182 1.000000
vt 0.168182 0.875000
vt 0.168182 0.125000
vt 0.168182 0.000000
vt 0.168182 0.250000
vt 0.168182 0.375000
vt 0.168182 0.500000
vt 0.168182 0.625000
vt 0.168182 0.750000
vt 0.172727 1.000000
vt 0.172727 0.875000
vt 0.172727 0.125000
vt 0.172727 0.000000
vt 0.172727 0.250000
vt 0.172727 0.375000
vt 0.172727 0.500000
vt 0.172727 0.625000
vt 0.172727 0.750000
vt 0.177273 1.000000
vt 0.177273 0.875000
vt 0.177273 0.125000
vt 0.177273 0.000000
vt 0.177273 0.250000
vt 0.177273 0.375000
vt 0.177273 0.500000
vt 0.177273 0.625000
vt 0.177273 0.750000
vt 0.181818 1.000000
vt 0.181818 0.875000
vt 0.181818 0.125000
vt 0.181818 0.000000
vt 0.181818 0.250000
vt 0.181818 0.375000
vt 0.181818 0.500000
vt 0.181818 0.625000
vt 0.181818 0.750000
vt 0.186364 1.000000
vt 0.186364 0.875000
vt 0.186364 0.125000
vt 0.186364 0.000000
vt 0.186364 0.250000
vt 0.186364 0.375000
vt 0.186364 0.500000
vt 0.186364 0.625000
vt 0.186364 0.750000
vt 0.190909 1.000000
vt 0.190909 0.875000
vt 0.190909 0.125000
vt 0.190909 0.000000
vt 0.190909 0.250000
vt 0.190909 0.375000
vt 0.190909 0.500000
vt 0.190909 0.625000
vt 0.190909 0.750000
vt 0.195455 1.000000
vt 0.195455 0.875000
vt 0.195455 0.125000
vt 0.195455 0.000000
vt 0.195455 0.250000
vt 0.195455 0.375000
vt 0.195455 0.500000
vt 0.195455 0.625000
vt 0.195455 0.750000
vt 0.204545 1.000000
vt 0.204545 0.875000
vt 0.204545 0.125000
vt 0.204545 0.000000
vt 0.204545 0.250000
vt 0.204545 0.375000
vt 0.204545 0.500000
vt 0.204545 0.625000
vt 0.204545 0.750000
vt 0.209091 1.000000
vt 0.209091 0.875000
vt 0.209091 0.125000
vt 0.209091 0.000000
vt 0.209091 0.250000
vt 0.209091 0.375000
vt 0.209091 0.500000
vt 0.209091 0.625000
vt 0.209091 0.750000
vt 0.213636 1.000000
vt 0.213636 0.875000
vt 0.213636 0.125000
vt 0.213636 0.000000
vt 0.213636 0.250000
vt 0.213636 0.375000
vt 0.213636 0.500000
vt 0.213636 0.625000
vt 0.213636 0.750000
vt 0.218182 1.000000
vt 0.218182 0.875000
vt 0.218182 0.125000
vt 0.218182 0.000000
vt 0.218182 0.250000
vt 0.218182 0.375000
vt 0.218182 0.500000
vt 0.218182 0.625000
vt 0.218182 0.750000
vt 0.222727 1.000000
vt 0.222727 0.875000
vt 0.222727 0.125000
vt 0.222727 0.000000
vt 0.222727 0.250000
vt 0.222727 0.375000
vt 0.222727 0.500000
vt 0.222727 0.625000
vt 0.222727 0.750000
vt 0.227273 1.000000
vt 0.227273 0.875000
vt 0.227273 0.125000
vt 0.227273 0.000000
vt 0.227273 0.250000
vt 0.227273 0.375000
vt 0.227273 0.500000
vt 0.227273 0.625000
vt 0.227273 0.750000
vt 0.231818 1.000000
vt 0.231818 0.875000
vt 0.231818 0.125000
vt 0.231818 0.000000
vt 0.231818 0.250000
vt 0.231818 0.375000
vt 0.231818 0.500000
vt 0.231818 0.625000
vt 0.231818 0.750000
vt 0.236364 1.000000
vt 0.236364 0.875000
vt 0.236364 0.125000
vt 0.236364 0.000000
vt 0.236364 0.250000
vt 0.236364 0.375000
vt 0.236364 0.500000
vt 0.236364 0.625000
vt 0.236364 0.750000
vt 0.240909 1.000000
vt 0.240909 0.875000
vt 0.240909 0.125000
vt 0.240909 0.000000
vt 0.240909 0.250000
vt 0.240909 0.375000
vt 0.240909 0.500000
vt 0.240909 0.625000
vt 0.240909 0.750000
vt 0.245455 1.000000
vt 0.245455 0.875000
vt 0.245455 0.125000
vt 0.245455 0.000000
vt 0.245455 0.250000
vt 0.245455 0.375000
vt 0.245455 0.500000
vt 0.245455 0.625000
vt 0.245455 0.750000
vt 0.254545 1.000000
vt 0.254545 0.875000
vt 0.254545 0.125000
vt 0.254545 0.000000
vt 0.254545 0.250000
vt 0.254545 0.375000
vt 0.254545 0.500000
vt 0.254545 0.625000
vt 0.254545 0.750000
vt 0.259091 1.000000
vt 0.259091 0.875000
vt 0.259091 0.125000
vt 0.259091 0.000000
vt 0.259091 0.250000
vt 0.259091 0.375000
vt 0.259091 0.500000
vt 0.259091 0.625000
vt 0.259091 0.750000
vt 0.263636 1.000000
vt 0.263636 0.875000
vt 0.263636 0.125000
vt 0.263636 0.000000
vt 0.263636 0.250000
vt 0.263636 0.375000
vt 0.263636 0.500000
vt 0.263636 0.625000
vt 0.263636 0.750000
vt 0.268182 1.000000
vt 0.268182 0.875000
vt 0.268182 0.125000
vt 0.268182 0.000000
vt 0.268182 0.250000
vt 0.268182 0.375000
vt 0.268182 0.500000
vt 0.268182 0.625000
vt 0.268182 0.750000
vt 0.272727 1.000000
vt 0.272727 0.875000
vt 0.272727 0.125000
vt 0.272727 0.000000
vt 0.272727 0.250000
vt 0.272727 0.375000
vt 0.272727 0.500000
vt 0.272727 0.625000
vt 0.272727 0.750000
vt 0.277273 1.000000
vt 0.277273 0.875000
vt 0.277273 0.125000
vt 0.277273 0.000000
vt 0.277273 0.250000
vt 0.277273 0.375000
vt 0.277273 0.500000
vt 0.277273 0.625000
vt 0.277273 0.750000
vt 0.281818 1.000000
vt 0.281818 0.875000
vt 0.281818 0.125000
vt 0.281818 0.000000
vt 0.281818 0.250000
vt 0.281818 0.375000
vt 0.281818 0.500000
vt 0.281818 0.625000
vt 0.281818 0.750000
vt 0.286364 1.000000
vt 0.286364 0.875000
vt 0.286364 0.125000
vt 0.286364 0.000000
vt 0.286364 0.250000
vt 0.286364 0.375000
vt 0.286364 0.500000
vt 0.286364 0.625000
vt 0.286364 0.750000
vt 0.290909 1.000000
vt 0.290909 0.875000
vt 0.290909 0.125000
vt 0.290909 0.000000
vt 0.290909 0.250000
vt 0.290909 0.375000
vt 0.290909 0.500000
vt 0.290909 0.625000
vt 0.290909 0.750000
vt 0.295455 1.000000
vt 0.295455 0.875000
vt 0.295455 0.125000
vt 0.295455 0.000000
vt 0.295455 0.250000
vt 0.295455 0.375000
vt 0.295455 0.500000
vt 0.295455 0.625000
vt 0.295455 0.750000
vt 0.304545 1.000000
vt 0.304545 0.875000
vt 0.304545 0.125000
vt 0.304545 0.000000
vt 0.304545 0.250000
vt 0.304545 0.375000
vt 0.304545 0.500000
vt 0.304545 0.625000
vt 0.304545 0.750000
vt 0.309091 1.000000
vt 0.309091 0.875000
vt 0.309091 0.125000
vt 0.309091 0.000000
vt 0.309091 0.250000
vt 0.309091 0.375000
vt 0.309091 0.500000
vt 0.309091 0.625000
vt 0.309091 0.750000
vt 0.313636 1.000000
vt 0.313636 0.875000
vt 0.313636 0.125000
vt 0.313636 0.000000
vt 0.313636 0.250000
vt 0.313636 0.375000
vt 0.313636 0.500000
vt 0.313636 0.625000
vt 0.313636 0.750000
vt 0.318182 1.000000
vt 0.318182 0.875000
vt 0.318182 0.125000
vt 0.318182 0.000000
vt 0.318182 0.250000
vt 0.318182 0.375000
vt 0.318182 0.500000
vt 0.318182 0.625000
vt 0.318182 0.750000
vt 0.322727 1.000000
vt 0.322727 0.875000
vt 0.322727 0.125000
vt 0.322727 0.000000
vt 0.322727 0.250000
vt 0.322727 0.375000
vt 0.322727 0.500000
vt 0.322727 0.625000
vt 0.322727 0.750000
vt 0.327273 1.000000
vt 0.327273 0.875000
vt 0.327273 0.125000
vt 0.327273 0.000000
vt 0.327273 0.250000
vt 0.327273 0.375000
vt 0.327273 0.500000
vt 0.327273 0.625000
vt 0.327273 0.750000
vt 0.331818 1.000000
vt 0.331818 0.875000
vt 0.331818 0.125000
vt 0.331818 0.000000
vt 0.331818 0.250000
vt 0.331818 0.375000
vt 0.331818 0.500000
vt 0.331818 0.625000
vt 0.331818 0.750000
vt 0.336364 1.000000
vt 0.336364 0.875000
vt 0.336364 0.125000
vt 0.336364 0.000000
vt 0.336364 0.250000
vt 0.336364 0.375000
vt 0.336364 0.500000
vt 0.336364 0.625000
vt 0.336364 0.750000
vt 0.340909 1.000000
vt 0.340909 0.875000
vt 0.340909 0.125000
vt 0.340909 0.000000
vt 0.340909 0.250000
vt 0.340909 0.375000
vt 0.340909 0.500000
vt 0.340909 0.625000
vt 0.340909 0.750000
vt 0.345455 1.000000
vt 0.345455 0.875000
vt 0.345455 0.125000
vt 0.345455 0.000000
vt 0.345455 0.250000
vt 0.345455 0.375000
vt 0.345455 0.500000
vt 0.345455 0.625000
vt 0.345455 0.750000
vt 0.354545 1.000000
vt 0.354545 0.875000
vt 0.354545 0.125000
vt 0.354545 0.000000
vt 0.354545 0.250000
vt 0.354545 0.375000
vt 0.354545 0.500000
vt 0.354545 0.625000
vt 0.354545 0.750000
vt 0.359091 1.000000
vt 0.359091 0.875000
vt 0.359091 0.125000
vt 0.359091 0.000000
vt 0.359091 0.250000
vt 0.359091 0.375000
vt 0.359091 0.500000
vt 0.359091 0.625000
vt 0.359091 0.750000
vt 0.363636 1.000000
vt 0.363636 0.875000
vt 0.363636 0.125000
vt 0.363636 0.000000
vt 0.363636 0.250000
vt 0.363636 0.375000
vt 0.363636 0.500000
vt 0.363636 0.625000
vt 0.363636 0.750000
vt 0.368182 1.000000
vt 0.368182 0.875000
vt 0.368182 0.125000
vt 0.368182 0.000000
vt 0.368182 0.250000
vt 0.368182 0.375000
vt 0.368182 0.500000
vt 0.368182 0.625000
vt 0.368182 0.750000
vt 0.372727 1.000000
vt 0.372727 0.875000
vt 0.372727 0.125000
vt 0.372727 0.000000
vt 0.372727 0.250000
vt 0.372727 0.375000
vt 0.372727 0.500000
vt 0.372727 0.625000
vt 0.372727 0.750000
vt 0.377273 1.000000
vt 0.377273 0.875000
vt 0.377273 0.125000
vt 0.377273 0.000000
vt 0.377273 0.250000
vt 0.377273 0.375000
vt 0.377273 0.500000
vt 0.377273 0.625000
vt 0.377273 0.750000
vt 0.381818 1.000000
vt 0.381818 0.875000
vt 0.381818 0.125000
vt 0.381818 0.000000
vt 0.381818 0.250000
vt 0.381818 0.375000
vt 0.381818 0.500000
vt 0.381818 0.625000
vt 0.381818 0.750000
vt 0.386364 1.000000
vt 0.386364 0.875000
vt 0.386364 0.125000
vt 0.386364 0.000000
vt 0.386364 0.250000
vt 0.386364 0.375000
vt 0.386364 0.500000
vt 0.386364 0.625000
vt 0.386364 0.750000
vt 0.390909 1.000000
vt 0.390909 0.875000
vt 0.390909 0.125000
vt 0.390909 0.000000
vt 0.390909 0.250000
vt 0.390909 0.375000
vt 0.390909 0.500000
vt 0.390909 0.625000
vt 0.390909 0.750000
vt 0.395455 1.000000
vt 0.395455 0.875000
vt 0.395455 0.125000
vt 0.395455 0.000000
vt 0.395455 0.250000
vt 0.395455 0.375000
vt 0.395455 0.500000
vt 0.395455 0.625000
vt 0.395455 0.750000
vt 0.404545 1.000000
vt 0.404545 0.875000
vt 0.404545 0.125000
vt 0.404545 0.000000
vt 0.404545 0.250000
vt 0.404545 0.375000
vt 0.404545 0.500000
vt 0.404545 0.625000
vt 0.404545 0.750000
vt 0.409091 1.000000
vt 0.409091 0.875000
vt 0.409091 0.125000
vt 0.409091 0.000000
vt 0.409091 0.250000
vt 0.409091 0.375000
vt 0.409091 0.500000
vt 0.409091 0.625000
vt 0.409091 0.750000
vt 0.413636 1.000000
vt 0.413636 0.875000
vt 0.413636 0.125000
vt 0.413636 0.000000
vt 0.413636 0.250000
vt 0.413636 0.375000
vt 0.413636 0.500000
vt 0.413636 0.625000
vt 0.413636 0.750000
vt 0.418182 1.000000
vt 0.418182 0.875000
vt 0.418182 0.125000
vt 0.418182 0.000000
vt 0.418182 0.250000
vt 0.418182 0.375000
vt 0.418182 0.500000
vt 0.418182 0.625000
vt 0.418182 0.750000
vt 0.422727 1.000000
vt 0.422727 0.875000
vt 0.422727 0.125000
vt 0.422727 0.000000
vt 0.422727 0.250000
vt 0.422727 0.375000
vt 0.422727 0.500000
vt 0.422727 0.625000
vt 0.422727 0.750000
vt 0.427273 1.000000
vt 0.427273 0.875000
vt 0.427273 0.125000
vt 0.427273 0.000000
vt 0.427273 0.250000
vt 0.427273 0.375000
vt 0.427273 0.500000
vt 0.427273 0.625000
vt 0.427273 0.750000
vt 0.431818 1.000000
vt 0.431818 0.875000
vt 0.431818 0.125000
vt 0.431818 0.000000
vt 0.431818 0.250000
vt 0.431818 0.375000
vt 0.431818 0.500000
vt 0.431818 0.625000
vt 0.431818 0.750000
vt 0.436364 1.000000
vt 0.436364 0.875000
vt 0.436364 0.125000
vt 0.436364 0.000000
vt 0.436364 0.250000
vt 0.436364 0.375000
vt 0.436364 0.500000
vt 0.436364 0.625000
vt 0.436364 0.750000
vt 0.440909 1.000000
vt 0.440909 0.875000
vt 0.440909 0.125000
vt 0.440909 0.000000
vt 0.440909 0.250000
vt 0.440909 0.375000
vt 0.440909 0.500000
vt 0.440909 0.625000
vt 0.440909 0.750000
vt 0.445455 1.000000
vt 0.445455 0.875000
vt 0.445455 0.125000
vt 0.445455 0.000000
vt 0.445455 0.250000
vt 0.445455 0.375000
vt 0.445455 0.500000
vt 0.445455 0.625000
vt 0.445455 0.750000
vt 0.454545 1.000000
vt 0.454545 0.875000
vt 0.454545 0.125000
vt 0.454545 0.000000
vt 0.454545 0.250000
vt 0.454545 0.375000
vt 0.454545 0.500000
vt 0.454545 0.625000
vt 0.454545 0.750000
vt 0.459091 1.000000
vt 0.459091 0.875000
vt 0.459091 0.125000
vt 0.459091 0.000000
vt 0.459091 0.250000
vt 0.459091 0.375000
vt 0.459091 0.500000
vt 0.459091 0.625000
vt 0.459091 0.750000
vt 0.463636 1.000000
vt 0.463636 0.875000
vt 0.463636 0.125000
vt 0.463636 0.000000
vt 0.463636 0.250000
vt 0.463636 0.375000
vt 0.463636 0.500000
vt 0.463636 0.625000
vt 0.463636 0.750000
vt 0.468182 1.000000
vt 0.468182 0.875000
vt 0.468182 0.125000
vt 0.468182 0.000000
vt 0.468182 0.250000
vt 0.468182 0.375000
vt 0.468182 0.500000
vt 0.468182 0.625000
vt 0.468182 0.750000
vt 0.472727 1.000000
vt 0.472727 0.875000
vt 0.472727 0.125000
vt 0.472727 0.000000
vt 0.472727 0.250000
vt 0.472727 0.375000
vt 0.472727 0.500000
vt 0.472727 0.625000
vt 0.472727 0.750000
vt 0.477273 1.000000
vt 0.477273 0.875000
vt 0.477273 0.125000
vt 0.477273 0.000000
vt 0.477273 0.250000
vt 0.477273 0.375000
vt 0.477273 0.500000
vt 0.477273 0.625000
vt 0.477273 0.750000
vt 0.481818 1.000000
vt 0.481818 0.875000
vt 0.481818 0.125000
vt 0.481818 0.000000
vt 0.481818 0.250000
vt 0.481818 0.375000
vt 0.481818 0.500000
vt 0.481818 0.625000
vt 0.481818 0.750000
vt 0.486364 1.000000
vt 0.486364 0.875000
vt 0.486364 0.125000
vt 0.486364 0.000000
vt 0.486364 0.250000
vt 0.486364 0.375000
vt 0.486364 0.500000
vt 0.486364 0.625000
vt 0.486364 0.750000
vt 0.490909 1.000000
vt 0.490909 0.875000
vt 0.490909 0.125000
vt 0.490909 0.000000
vt 0.490909 0.250000
vt 0.490909 0.375000
vt 0.490909 0.500000
vt 0.490909 0.625000
vt 0.490909 0.750000
vt 0.495455 1.000000
vt 0.495455 0.875000
vt 0.495455 0.125000
vt 0.495455 0.000000
vt 0.495455 0.250000
vt 0.495455 0.375000
vt 0.495455 0.500000
vt 0.495455 0.625000
vt 0.495455 0.750000
vt 0.504545 1.000000
vt 0.504545 0.875000
vt 0.504545 0.125000
vt 0.504545 0.000000
vt 0.504545 0.250000
vt 0.504545 0.375000
vt 0.504545 0.500000
vt 0.504545 0.625000
vt 0.504545 0.750000
vt 0.509091 1.000000
vt 0.509091 0.875000
vt 0.509091 0.125000
vt 0.509091 0.000000
vt 0.509091 0.250000
vt 0.509091 0.375000
vt 0.509091 0.500000
vt 0.509091 0.625000
vt 0.509091 0.750000
vt 0.513636 1.000000
vt 0.513636 0.875000
vt 0.513636 0.125000
vt 0.513636 0.000000
vt 0.513636 0.250000
vt 0.513636 0.375000
vt 0.513636 0.500000
vt 0.513636 0.625000
vt 0.513636 0.750000
vt 0.518182 1.000000
vt 0.518182 0.875000
vt 0.518182 0.125000
vt 0.518182 0.000000
vt 0.518182 0.250000
vt 0.518182 0.375000
vt 0.518182 0.500000
vt 0.518182 0.625000
vt 0.518182 0.750000
vt 0.522727 1.000000
vt 0.522727 0.875000
vt 0.522727 0.125000
vt 0.522727 0.000000
vt 0.522727 0.250000
vt 0.522727 0.375000
vt 0.522727 0.500000
vt 0.522727 0.625000
vt 0.522727 0.750000
vt 0.527273 1.000000
vt 0.527273 0.875000
vt 0.527273 0.125000
vt 0.527273 0.000000
vt 0.527273 0.250000
vt 0.527273 0.375000
vt 0.527273 0.500000
vt 0.527273 0.625000
vt 0.527273 0.750000
vt 0.531818 1.000000
vt 0.531818 0.875000
vt 0.531818 0.125000
vt 0.531818 0.000000
vt 0.531818 0.250000
vt 0.531818 0.375000
vt 0.531818 0.500000
vt 0.531818 0.625000
vt 0.531818 0.750000
vt 0.536364 1.000000
vt 0.536364 0.875000
vt 0.536364 0.125000
vt 0.536364 0.000000
vt 0.536364 0.250000
vt 0.536364 0.375000
vt 0.536364 0.500000
vt 0.536364 0.625000
vt 0.536364 0.750000
vt 0.540909 1.000000
vt 0.540909 0.875000
vt 0.540909 0.125000
vt 0.540909 0.000000
vt 0.540909 0.250000
vt 0.540909 0.375000
vt 0.540909 0.500000
vt 0.540909 0.625000
vt 0.540909 0.750000
vt 0.545455 1.000000
vt 0.545455 0.875000
vt 0.545455 0.125000
vt 0.545455 0.000000
vt 0.545455 0.250000
vt 0.545455 0.375000
vt 0.545455 0.500000
vt 0.545455 0.625000
vt 0.545455 0.750000
vt 0.554545 1.000000
vt 0.554545 0.875000
vt 0.554545 0.125000
vt 0.554545 0.000000
vt 0.554545 0.250000
vt 0.554545 0.375000
vt 0.554545 0.500000
vt 0.554545 0.625000
vt 0.554545 0.750000
vt 0.559091 1.000000
vt 0.559091 0.875000
vt 0.559091 0.125000
vt 0.559091 0.000000
vt 0.559091 0.250000
vt 0.559091 0.375000
vt 0.559091 0.500000
vt 0.559091 0.625000
vt 0.559091 0.750000
vt 0.563636 1.000000
vt 0.563636 0.875000
vt 0.563636 0.125000
vt 0.563636 0.000000
vt 0.563636 0.250000
vt 0.563636 0.375000
vt 0.563636 0.500000
vt 0.563636 0.625000
vt 0.563636 0.750000
vt 0.568182 1.000000
vt 0.568182 0.875000
vt 0.568182 0.125000
vt 0.568182 0.000000
vt 0.568182 0.250000
vt 0.568182 0.375000
vt 0.568182 0.500000
vt 0.568182 0.625000
vt 0.568182 0.750000
vt 0.572727 1.000000
vt 0.572727 0.875000
vt 0.572727 0.125000
vt 0.572727 0.000000
vt 0.572727 0.250000
vt 0.572727 0.375000
vt 0.572727 0.500000
vt 0.572727 0.625000
vt 0.572727 0.750000
vt 0.577273 1.000000
vt 0.577273 0.875000
vt 0.577273 0.125000
vt 0.577273 0.000000
vt 0.577273 0.250000
vt 0.577273 0.375000
vt 0.577273 0.500000
vt 0.577273 0.625000
vt 0.577273 0.750000
vt 0.581818 1.000000
vt 0.581818 0.875000
vt 0.581818 0.125000
vt 0.581818 0.000000
vt 0.581818 0.250000
vt 0.581818 0.375000
vt 0.581818 0.500000
vt 0.581818 0.625000
vt 0.581818 0.750000
vt 0.586364 1.000000
vt 0.586364 0.875000
vt 0.586364 0.125000
vt 0.586364 0.000000
vt 0.586364 0.250000
vt 0.586364 0.375000
vt 0.586364 0.500000
vt 0.586364 0.625000
vt 0.586364 0.750000
vt 0.590909 1.000000
vt 0.590909 0.875000
vt 0.590909 0.125000
vt 0.590909 0.000000
vt 0.590909 0.250000
vt 0.590909 0.375000
vt 0.590909 0.500000
vt 0.590909 0.625000
vt 0.590909 0.750000
vt 0.595455 1.000000
vt 0.595455 0.875000
vt 0.595455 0.125000
vt 0.595455 0.000000
vt 0.595455 0.250000
vt 0.595455 0.375000
vt 0.595455 0.500000
vt 0.595455 0.625000
vt 0.595455 0.750000
vt 0.604545 1.000000
vt 0.604545 0.875000
vt 0.604545 0.125000
vt 0.604545 0.000000
vt 0.604545 0.250000
vt 0.604545 0.375000
vt 0.604545 0.500000
vt 0.604545 0.625000
vt 0.604545 0.750000
vt 0.609091 1.000000
vt 0.609091 0.875000
vt 0.609091 0.125000
vt 0.609091 0.000000
vt 0.609091 0.250000
vt 0.609091 0.375000
vt 0.609091 0.500000
vt 0.609091 0.625000
vt 0.609091 0.750000
vt 0.613636 1.000000
vt 0.613636 0.875000
vt 0.613636 0.125000
vt 0.613636 0.000000
vt 0.613636 0.250000
vt 0.613636 0.375000
vt 0.613636 0.500000
vt 0.613636 0.625000
vt 0.613636 0.750000
vt 0.618182 1.000000
vt 0.618182 0.875000
vt 0.618182 0.125000
vt 0.618182 0.000000
vt 0.618182 0.250000
vt 0.618182 0.375000
vt 0.618182 0.500000
vt 0.618182 0.625000
vt 0.618182 0.750000
vt 0.622727 1.000000
vt 0.622727 0.875000
vt 0.622727 0.125000
vt 0.622727 0.000000
vt 0.622727 0.250000
vt 0.622727 0.375000
vt 0.622727 0.500000
vt 0.622727 0.625000
vt 0.622727 0.750000
vt 0.627273 1.000000
vt 0.627273 0.875000
vt 0.627273 0.125000
vt 0.627273 0.000000
vt 0.627273 0.250000
vt 0.627273 0.375000
vt 0.627273 0.500000
vt 0.627273 0.625000
vt 0.627273 0.750000
vt 0.631818 1.000000
vt 0.631818 0.875000
vt 0.631818 0.125000
vt 0.631818 0.000000
vt 0.631818 0.250000
vt 0.631818 0.375000
vt 0.631818 0.500000
vt 0.631818 0.625000
vt 0.631818 0.750000
vt 0.636364 1.000000
vt 0.636364 0.875000
vt 0.636364 0.125000
vt 0.636364 0.000000
vt 0.636364 0.250000
vt 0.636364 0.375000
vt 0.636364 0.500000
vt 0.636364 0.625000
vt 0.636364 0.750000
vt 0.640909 1.000000
vt 0.640909 0.875000
vt 0.640909 0.125000
vt 0.640909 0.000000
vt 0.640909 0.250000
vt 0.640909 0.375000
vt 0.640909 0.500000
vt 0.640909 0.625000
vt 0.640909 0.750000
vt 0.645455 1.000000
vt 0.645455 0.875000
vt 0.645455 0.125000
vt 0.645455 0.000000
vt 0.645455 0.250000
vt 0.645455 0.375000
vt 0.645455 0.500000
vt 0.645455 0.625000
vt 0.645455 0.750000
vt 0.654545 1.000000
vt 0.654545 0.875000
vt 0.654545 0.125000
vt 0.654545 0.000000
vt 0.654545 0.250000
vt 0.654545 0.375000
vt 0.654545 0.500000
vt 0.654545 0.625000
vt 0.654545 0.750000
vt 0.659091 1.000000
vt 0.659091 0.875000
vt 0.659091 0.125000
vt 0.659091 0.000000
vt 0.659091 0.250000
vt 0.659091 0.375000
vt 0.659091 0.500000
vt 0.659091 0.625000
vt 0.659091 0.750000
vt 0.663636 1.000000
vt 0.663636 0.875000
vt 0.663636 0.125000
vt 0.663636 0.000000
vt 0.663636 0.250000
vt 0.663636 0.375000
vt 0.663636 0.500000
vt 0.663636 0.625000
vt 0.663636 0.750000
vt 0.668182 1.000000
vt 0.668182 0.875000
vt 0.668182 0.125000
vt 0.668182 0.000000
vt 0.668182 0.250000
vt 0.668182 0.375000
vt 0.668182 0.500000
vt 0.668182 0.625000
vt 0.668182 0.750000
vt 0.672727 1.000000
vt 0.672727 0.875000
vt 0.672727 0.125000
vt 0.672727 0.000000
vt 0.672727 0.250000
vt 0.672727 0.375000
vt 0.672727 0.500000
vt 0.672727 0.625000
vt 0.672727 0.750000
vt 0.677273 1.000000
vt 0.677273 0.875000
vt 0.677273 0.125000
vt 0.677273 0.000000
vt 0.677273 0.250000
vt 0.677273 0.375000
vt 0.677273 0.500000
vt 0.677273 0.625000
vt 0.677273 0.750000
vt 0.681818 1.000000
vt 0.681818 0.875000
vt 0.681818 0.125000
vt 0.681818 0.000000
vt 0.681818 0.250000
vt 0.681818 0.375000
vt 0.681818 0.500000
vt 0.681818 0.625000
vt 0.681818 0.750000
vt 0.686364 1.000000
vt 0.686364 0.875000
vt 0.686364 0.125000
vt 0.686364 0.000000
vt 0.686364 0.250000
vt 0.686364 0.375000
vt 0.686364 0.500000
vt 0.686364 0.625000
vt 0.686364 0.750000
vt 0.690909 1.000000
vt 0.690909 0.875000
vt 0.690909 0.125000
vt 0.690909 0.000000
vt 0.690909 0.250000
vt 0.690909 0.375000
vt 0.690909 0.500000
vt 0.690909 0.625000
vt 0.690909 0.750000
vt 0.695455 1.000000
vt 0.695455 0.875000
vt 0.695455 0.125000
vt 0.695455 0.000000
vt 0.695455 0.250000
vt 0.695455 0.375000
vt 0.695455 0.500000
vt 0.695455 0.625000
vt 0.695455 0.750000
vt 0.704545 1.000000
vt 0.704545 0.875000
vt 0.704545 0.125000
vt 0.704545 0.000000
vt 0.704545 0.250000
vt 0.704545 0.375000
vt 0.704545 0.500000
vt 0.704545 0.625000
vt 0.704545 0.750000
vt 0.709091 1.000000
vt 0.709091 0.875000
vt 0.709091 0.125000
vt 0.709091 0.000000
vt 0.709091 0.250000
vt 0.709091 0.375000
vt 0.709091 0.500000
vt 0.709091 0.625000
vt 0.709091 0.750000
vt 0.713636 1.000000
vt 0.713636 0.875000
vt 0.713636 0.125000
vt 0.713636 0.000000
vt 0.713636 0.250000
vt 0.713636 0.375000
vt 0.713636 0.500000
vt 0.713636 0.625000
vt 0.713636 0.750000
vt 0.718182 1.000000
vt 0.718182 0.875000
vt 0.718182 0.125000
vt 0.718182 0.000000
vt 0.718182 0.250000
vt 0.718182 0.375000
vt 0.718182 0.500000
vt 0.718182 0.625000
vt 0.718182 0.750000
vt 0.722727 1.000000
vt 0.722727 0.875000
vt 0.722727 0.125000
vt 0.722727 0.000000
vt 0.722727 0.250000
vt 0.722727 0.375000
vt 0.722727 0.500000
vt 0.722727 0.625000
vt 0.722727 0.750000
vt 0.727273 1.000000
vt 0.727273 0.875000
vt 0.727273 0.125000
vt 0.727273 0.000000
vt 0.727273 0.250000
vt 0.727273 0.375000
vt 0.727273 0.500000
vt 0.727273 0.625000
vt 0.727273 0.750000
vt 0.731818 1.000000
vt 0.731818 0.875000
vt 0.731818 0.125000
vt 0.731818 0.000000
vt 0.731818 0.250000
vt 0.731818 0.375000
vt 0.731818 0.500000
vt 0.731818 0.625000
vt 0.731818 0.750000
vt 0.736364 1.000000
vt 0.736364 0.875000
vt 0.736364 0.125000
vt 0.736364 0.000000
vt 0.736364 0.250000
vt 0.736364 0.375000
vt 0.736364 0.500000
vt 0.736364 0.625000
vt 0.736364 0.750000
vt 0.740909 1.000000
vt 0.740909 0.875000
vt 0.740909 0.125000
vt 0.740909 0.000000
vt 0.740909 0.250000
vt 0.740909 0.375000
vt 0.740909 0.500000
vt 0.740909 0.625000
vt 0.740909 0.750000
vt 0.745455 1.000000
vt 0.745455 0.875000
vt 0.745455 0.125000
vt 0.745455 0.000000
vt 0.745455 0.250000
vt 0.745455 0.375000
vt 0.745455 0.500000
vt 0.745455 0.625000
vt 0.745455 0.750000
vt 0.754545 1.000000
vt 0.754545 0.875000
vt 0.754545 0.125000
vt 0.754545 0.000000
vt 0.754545 0.250000
vt 0.754545 0.375000
vt 0.754545 0.500000
vt 0.754545 0.625000
vt 0.754545 0.750000
vt 0.759091 1.000000
vt 0.759091 0.875000
vt 0.759091 0.125000
vt 0.759091 0.000000
vt 0.759091 0.250000
vt 0.759091 0.375000
vt 0.759091 0.500000
vt 0.759091 0.625000
vt 0.759091 0.750000
vt 0.763636 1.000000
vt 0.763636 0.875000
vt 0.763636 0.125000
vt 0.763636 0.000000
vt 0.763636 0.250000
vt 0.763636 0.375000
vt 0.763636 0.500000
vt 0.763636 0.625000
vt 0.763636 0.750000
vt 0.768182 1.000000
vt 0.768182 0.875000
vt 0.768182 0.125000
vt 0.768182 0.000000
vt 0.768182 0.250000
vt 0.768182 0.375000
vt 0.768182 0.500000
vt 0.768182 0.625000
vt 0.768182 0.750000
vt 0.772727 1.000000
vt 0.772727 0.875000
vt 0.772727 0.125000
vt 0.772727 0.000000
vt 0.772727 0.250000
vt 0.772727 0.375000
vt 0.772727 0.500000
vt 0.772727 0.625000
vt 0.772727 0.750000
vt 0.777273 1.000000
vt 0.777273 0.875000
vt 0.777273 0.125000
vt 0.777273 0.000000
vt 0.777273 0.250000
vt 0.777273 0.375000
vt 0.777273 0.500000
vt 0.777273 0.625000
vt 0.777273 0.750000
vt 0.781818 1.000000
vt 0.781818 0.875000
vt 0.781818 0.125000
vt 0.781818 0.000000
vt 0.781818 0.250000
vt 0.781818 0.375000
vt 0.781818 0.500000
vt 0.781818 0.625000
vt 0.781818 0.750000
vt 0.786364 1.000000
vt 0.786364 0.875000
vt 0.786364 0.125000
vt 0.786364 0.000000
vt 0.786364 0.250000
vt 0.786364 0.375000
vt 0.786364 0.500000
vt 0.786364 0.625000
vt 0.786364 0.750000
vt 0.790909 1.000000
vt 0.790909 0.875000
vt 0.790909 0.125000
vt 0.790909 0.000000
vt 0.790909 0.250000
vt 0.790909 0.375000
vt 0.790909 0.500000
vt 0.790909 0.625000
vt 0.790909 0.750000
vt 0.795455 1.000000
vt 0.795455 0.875000
vt 0.795455 0.125000
vt 0.795455 0.000000
vt 0.795455 0.250000
vt 0.795455 0.375000
vt 0.795455 0.500000
vt 0.795455 0.625000
vt 0.795455 0.750000
vt 0.804545 1.000000
vt 0.804545 0.875000
vt 0.804545 0.125000
vt 0.804545 0.000000
vt 0.804545 0.250000
vt 0.804545 0.375000
vt 0.804545 0.500000
vt 0.804545 0.625000
vt 0.804545 0.750000
vt 0.809091 1.000000
vt 0.809091 0.875000
vt 0.809091 0.125000
vt 0.809091 0.000000
vt 0.809091 0.250000
vt 0.809091 0.375000
vt 0.809091 0.500000
vt 0.809091 0.625000
vt 0.809091 0.750000
vt 0.813636 1.000000
vt 0.813636 0.875000
vt 0.813636 0.125000
vt 0.813636 0.000000
vt 0.813636 0.250000
vt 0.813636 0.375000
vt 0.813636 0.500000
vt 0.813636 0.625000
vt 0.813636 0.750000
vt 0.818182 1.000000
vt 0.818182 0.875000
vt 0.818182 0.125000
vt 0.818182 0.000000
vt 0.818182 0.250000
vt 0.818182 0.375000
vt 0.818182 0.500000
vt 0.818182 0.625000
vt 0.818182 0.750000
vt 0.822727 1.000000
vt 0.822727 0.875000
vt 0.822727 0.125000
vt 0.822727 0.000000
vt 0.822727 0.250000
vt 0.822727 0.375000
vt 0.822727 0.500000
vt 0.822727 0.625000
vt 0.822727 0.750000
vt 0.827273 1.000000
vt 0.827273 0.875000
vt 0.827273 0.125000
vt 0.827273 0.000000
vt 0.827273 0.250000
vt 0.827273 0.375000
vt 0.827273 0.500000
vt 0.827273 0.625000
vt 0.827273 0.750000
vt 0.831818 1.000000
vt 0.831818 0.875000
vt 0.831818 0.125000
vt 0.831818 0.000000
vt 0.831818 0.250000
vt 0.831818 0.375000
vt 0.831818 0.500000
vt 0.831818 0.625000
vt 0.831818 0.750000
vt 0.836364 1.000000
vt 0.836364 0.875000
vt 0.836364 0.125000
vt 0.836364 0.000000
vt 0.836364 0.250000
vt 0.836364 0.375000
vt 0.836364 0.500000
vt 0.836364 0.625000
vt 0.836364 0.750000
vt 0.840909 1.000000
vt 0.840909 0.875000
vt 0.840909 0.125000
vt 0.840909 0.000000
vt 0.840909 0.250000
vt 0.840909 0.375000
vt 0.840909 0.500000
vt 0.840909 0.625000
vt 0.840909 0.750000
vt 0.845455 1.000000
vt 0.845455 0.875000
vt 0.845455 0.125000
vt 0.845455 0.000000
vt 0.845455 0.250000
vt 0.845455 0.375000
vt 0.845455 0.500000
vt 0.845455 0.625000
vt 0.845455 0.750000
vt 0.854545 1.000000
vt 0.854545 0.875000
vt 0.854545 0.125000
vt 0.854545 0.000000
vt 0.854545 0.250000
vt 0.854545 0.375000
vt 0.854545 0.500000
vt 0.854545 0.625000
vt 0.854545 0.750000
vt 0.859091 1.000000
vt 0.859091 0.875000
vt 0.859091 0.125000
vt 0.859091 0.000000
vt 0.859091 0.250000
vt 0.859091 0.375000
vt 0.859091 0.500000
vt 0.859091 0.625000
vt 0.859091 0.750000
vt 0.863636 1.000000
vt 0.863636 0.875000
vt 0.863636 0.125000
vt 0.863636 0.000000
vt 0.863636 0.250000
vt 0.863636 0.375000
vt 0.863636 0.500000
vt 0.863636 0.625000
vt 0.863636 0.750000
vt 0.868182 1.000000
vt 0.868182 0.875000
vt 0.868182 0.125000
vt 0.868182 0.000000
vt 0.868182 0.250000
vt 0.868182 0.375000
vt 0.868182 0.500000
vt 0.868182 0.625000
vt 0.868182 0.750000
vt 0.872727 1.000000
vt 0.872727 0.875000
vt 0.872727 0.125000
vt 0.872727 0.000000
vt 0.872727 0.250000
vt 0.872727 0.375000
vt 0.872727 0.500000
vt 0.872727 0.625000
vt 0.872727 0.750000
vt 0.877273 1.000000
vt 0.877273 0.875000
vt 0.877273 0.125000
vt 0.877273 0.000000
vt 0.877273 0.250000
vt 0.877273 0.375000
vt 0.877273 0.500000
vt 0.877273 0.625000
vt 0.877273 0.750000
vt 0.881818 1.000000
vt 0.881818 0.875000
vt 0.881818 0.125000
vt 0.881818 0.000000
vt 0.881818 0.250000
vt 0.881818 0.375000
vt 0.881818 0.500000
vt 0.881818 0.625000
vt 0.881818 0.750000
vt 0.886364 1.000000
vt 0.886364 0.875000
vt 0.886364 0.125000
vt 0.886364 0.000000
vt 0.886364 0.250000
vt 0.886364 0.375000
vt 0.886364 0.500000
vt 0.886364 0.625000
vt 0.886364 0.750000
vt 0.890909 1.000000
vt 0.890909 0.875000
vt 0.890909 0.125000
vt 0.890909 0.000000
vt 0.890909 0.250000
vt 0.890909 0.375000
vt 0.890909 0.500000
vt 0.890909 0.625000
vt 0.890909 0.750000
vt 0.895455 1.000000
vt 0.895455 0.875000
vt 0.895455 0.125000
vt 0.895455 0.000000
vt 0.895455 0.250000
vt 0.895455 0.375000
vt 0.895455 0.500000
vt 0.895455 0.625000
vt 0.895455 0.750000
vt 0.904545 1.000000
vt 0.904545 0.875000
vt 0.904545 0.125000
vt 0.904545 0.000000
vt 0.904545 0.250000
vt 0.904545 0.375000
vt 0.904545 0.500000
vt 0.904545 0.625000
vt 0.904545 0.750000
vt 0.909091 1.000000
vt 0.909091 0.875000
vt 0.909091 0.125000
vt 0.909091 0.000000
vt 0.909091 0.250000
vt 0.909091 0.375000
vt 0.909091 0.500000
vt 0.909091 0.625000
vt 0.909091 0.750000
vt 0.913636 1.000000
vt 0.913636 0.875000
vt 0.913636 0.125000
vt 0.913636 0.000000
vt 0.913636 0.250000
vt 0.913636 0.375000
vt 0.913636 0.500000
vt 0.913636 0.625000
vt 0.913636 0.750000
vt 0.918182 1.000000
vt 0.918182 0.875000
vt 0.918182 0.125000
vt 0.918182 0.000000
vt 0.918182 0.250000
vt 0.918182 0.375000
vt 0.918182 0.500000
vt 0.918182 0.625000
vt 0.918182 0.750000
vt 0.922727 1.000000
vt 0.922727 0.875000
vt 0.922727 0.125000
vt 0.922727 0.000000
vt 0.922727 0.250000
vt 0.922727 0.375000
vt 0.922727 0.500000
vt 0.922727 0.625000
vt 0.922727 0.750000
vt 0.927273 1.000000
vt 0.927273 0.875000
vt 0.927273 0.125000
vt 0.927273 0.000000
vt 0.927273 0.250000
vt 0.927273 0.375000
vt 0.927273 0.500000
vt 0.927273 0.625000
vt 0.927273 0.750000
vt 0.931818 1.000000
vt 0.931818 0.875000
vt 0.931818 0.125000
vt 0.931818 0.000000
vt 0.931818 0.250000
vt 0.931818 0.375000
vt 0.931818 0.500000
vt 0.931818 0.625000
vt 0.931818 0.750000
vt 0.936364 1.000000
vt 0.936364 0.875000
vt 0.936364 0.125000
vt 0.936364 0.000000
vt 0.936364 0.250000
vt 0.936364 0.375000
vt 0.936364 0.500000
vt 0.936364 0.625000
vt 0.936364 0.750000
vt 0.940909 1.000000
vt 0.940909 0.875000
vt 0.940909 0.125000
vt 0.940909 0.000000
vt 0.940909 0.250000
vt 0.940909 0.375000
vt 0.940909 0.500000
vt 0.940909 0.625000
vt 0.940909 0.750000
vt 0.945455 1.000000
vt 0.945455 0.875000
vt 0.945455 0.125000
vt 0.945455 0.000000
vt 0.945455 0.250000
vt 0.945455 0.375000
vt 0.945455 0.500000
vt 0.945455 0.625000
vt 0.945455 0.750000
vt 0.954545 1.000000
vt 0.954545 0.875000
vt 0.954545 0.125000
vt 0.954545 0.000000
vt 0.954545 0.250000
vt 0.954545 0.375000
vt 0.954545 0.500000
vt 0.954545 0.625000
vt 0.954545 0.750000
vt 0.959091 1.000000
vt 0.959091 0.875000
vt 0.959091 0.125000
vt 0.959091 0.000000
vt 0.959091 0.250000
vt 0.959091 0.375000
vt 0.959091 0.500000
vt 0.959091 0.625000
vt 0.959091 0.750000
vt 0.963636 1.000000
vt 0.963636 0.875000
vt 0.963636 0.125000
vt 0.963636 0.000000
vt 0.963636 0.250000
vt 0.963636 0.375000
vt 0.963636 0.500000
vt 0.963636 0.625000
vt 0.963636 0.750000
vt 0.968182 1.000000
vt 0.968182 0.875000
vt 0.968182 0.125000
vt 0.968182 0.000000
vt 0.968182 0.250000
vt 0.968182 0.375000
vt 0.968182 0.500000
vt 0.968182 0.625000
vt 0.968182 0.750000
vt 0.972727 1.000000
vt 0.972727 0.875000
vt 0.972727 0.125000
vt 0.972727 0.000000
vt 0.972727 0.250000
vt 0.972727 0.375000
vt 0.972727 0.500000
vt 0.972727 0.625000
vt 0.972727 0.750000
vt 0.977273 1.000000
vt 0.977273 0.875000
vt 0.977273 0.125000
vt 0.977273 0.000000
vt 0.977273 0.250000
vt 0.977273 0.375000
vt 0.977273 0.500000
vt 0.977273 0.625000
vt 0.977273 0.750000
vt 0.981818 1.000000
vt 0.981818 0.875000
vt 0.981818 0.125000
vt 0.981818 0.000000
vt 0.981818 0.250000
vt 0.981818 0.375000
vt 0.981818 0.500000
vt 0.981818 0.625000
vt 0.981818 0.750000
vt 0.986364 1.000000
vt 0.986364 0.875000
vt 0.986364 0.125000
vt 0.986364 0.000000
vt 0.986364 0.250000
vt 0.986364 0.375000
vt 0.986364 0.500000
vt 0.986364 0.625000
vt 0.986364 0.750000
vt 0.990909 1.000000
vt 0.990909 0.875000
vt 0.990909 0.125000
vt 0.990909 0.000000
vt 0.990909 0.250000
vt 0.990909 0.375000
vt 0.990909 0.500000
vt 0.990909 0.625000
vt 0.990909 0.750000
vt 0.995455 1.000000
vt 0.995455 0.875000
vt 0.995455 0.125000
vt 0.995455 0.000000
vt 0.995455 0.250000
vt 0.995455 0.375000
vt 0.995455 0.500000
vt 0.995455 0.625000
vt 0.995455 0.750000
vt 0.041667 1.000000
vt 0.041667 0.875000
vt 0.041667 0.125000
vt 0.041667 0.000000
vt 0.041667 0.250000
vt 0.041667 0.375000
vt 0.041667 0.500000
vt 0.041667 0.625000
vt 0.041667 0.750000
vt 0.208333 1.000000
vt 0.208333 0.875000
vt 0.208333 0.125000
vt 0.208333 0.000000
vt 0.208333 0.250000
vt 0.208333 0.375000
vt 0.208333 0.500000
vt 0.208333 0.625000
vt 0.208333 0.750000
vt 0.291667 1.000000
vt 0.291667 0.875000
vt 0.291667 0.125000
vt 0.291667 0.000000
vt 0.291667 0.250000
vt 0.291667 0.375000
vt 0.291667 0.500000
vt 0.291667 0.625000
vt 0.291667 0.750000
vt 0.458333 1.000000
vt 0.458333 0.875000
vt 0.458333 0.125000
vt 0.458333 0.000000
vt 0.458333 0.250000
vt 0.458333 0.375000
vt 0.458333 0.500000
vt 0.458333 0.625000
vt 0.458333 0.750000
vt 0.541667 1.000000
vt 0.541667 0.875000
vt 0.541667 0.125000
vt 0.541667 0.000000
vt 0.541667 0.250000
vt 0.541667 0.375000
vt 0.541667 0.500000
vt 0.541667 0.625000
vt 0.541667 0.750000
vt 0.708333 1.000000
vt 0.708333 0.875000
vt 0.708333 0.125000
vt 0.708333 0.000000
vt 0.708333 0.250000
vt 0.708333 0.375000
vt 0.708333 0.500000
vt 0.708333 0.625000
vt 0.708333 0.750000
vt 0.791667 1.000000
vt 0.791667 0.875000
vt 0.791667 0.125000
vt 0.791667 0.000000
vt 0.791667 0.250000
vt 0.791667 0.375000
vt 0.791667 0.500000
vt 0.791667 0.625000
vt 0.791667 0.750000
vt 0.958333 1.000000
vt 0.958333 0.875000
vt 0.958333 0.125000
vt 0.958333 0.000000
vt 0.958333 0.250000
vt 0.958333 0.375000
vt 0.958333 0.500000
vt 0.958333 0.625000
vt 0.958333 0.750000
vt 0.000000 0.126605
vt 0.000659 0.101906
vt 0.002612 0.078155
vt 0.005784 0.056267
vt 0.010052 0.037082
vt 0.015253 0.021337
vt 0.021186 0.009637
vt 0.027625 0.002433
vt 0.034320 0.000000
vt 0.965680 0.000000
vt 0.972375 0.002433
vt 0.978814 0.009637
vt 0.984747 0.021337
vt 0.989948 0.037082
vt 0.994216 0.056267
vt 0.997388 0.078155
vt 0.999340 0.101906
vt 1.000000 0.126605
vt 1.000000 0.873395
vt 0.999340 0.898094
vt 0.997387 0.921845
vt 0.994216 0.943733
vt 0.989948 0.962918
vt 0.984747 0.978663
vt 0.978814 0.990363
vt 0.972375 0.997567
vt 0.965680 1.000000
vt 0.034320 1.000000
vt 0.027625 0.997567
vt 0.021186 0.990363
vt 0.015253 0.978663
vt 0.010052 0.962918
vt 0.005784 0.943733
vt 0.002612 0.921845
vt 0.000659 0.898094
vt 0.000000 0.873395
vt 0.937500 1.000000
vt 0.937500 0.500000
vt 0.812500 1.000000
vt 0.812500 0.500000
vt 0.687500 1.000000
vt 0.687500 0.500000
vt 0.562500 1.000000
vt 0.562500 0.500000
vt 0.437500 1.000000
vt 0.437500 0.500000
vt 0.312500 1.000000
vt 0.312500 0.500000
vt 0.187500 1.000000
vt 0.187500 0.500000
vt 0.341844 0.471731
vt 0.250000 0.490000
vt 0.158156 0.471731
vt 0.080294 0.419706
vt 0.028269 0.341844
vt 0.010000 0.250000
vt 0.028269 0.158156
vt 0.080294 0.080294
vt 0.158156 0.028269
vt 0.250000 0.010000
vt 0.341844 0.028269
vt 0.419706 0.080294
vt 0.471731 0.158156
vt 0.490000 0.250000
vt 0.471731 0.341844
vt 0.419706 0.419706
vt 0.062500 1.000000
vt 0.062500 0.500000
vt 0.750000 0.490000
vt 0.841844 0.471731
vt 0.919706 0.419706
vt 0.971731 0.341844
vt 0.990000 0.250000
vt 0.971731 0.158156
vt 0.919706 0.080294
vt 0.841844 0.028269
vt 0.750000 0.010000
vt 0.658156 0.028269
vt 0.580294 0.080294
vt 0.528269 0.158156
vt 0.510000 0.250000
vt 0.528269 0.341844
vt 0.580294 0.419706
vt 0.658156 0.471731
vt 0.010000 0.250000
vt 0.250000 0.010000
vt 0.750000 0.010000
s 1
usemtl neon_pink
f 1/1/1 9/2/2 16/3/3 8/4/4
f 2/5/5 10/6/6 9/7/2 1/8/1
f 3/9/7 11/10/8 10/6/6 2/5/5
f 4/11/9 12/12/10 11/10/8 3/9/7
f 5/13/11 13/14/12 12/12/10 4/11/9
f 6/15/13 14/16/14 13/14/12 5/13/11
f 7/17/15 15/18/16 14/16/14 6/15/13
f 8/4/4 16/3/3 15/18/16 7/17/15
f 9/2/2 17/19/17 24/20/18 16/3/3
f 10/6/6 18/21/19 17/22/17 9/7/2
f 11/10/8 19/23/20 18/21/19 10/6/6
f 12/12/10 20/24/21 19/23/20 11/10/8
f 13/14/12 21/25/22 20/24/21 12/12/10
f 14/16/14 22/26/23 21/25/22 13/14/12
f 15/18/16 23/27/24 22/26/23 14/16/14
f 16/3/3 24/20/18 23/27/24 15/18/16
f 17/19/17 25/28/25 32/29/26 24/20/18
f 18/21/19 26/30/27 25/31/25 17/22/17
f 19/23/20 27/32/28 26/30/27 18/21/19
f 20/24/21 28/33/29 27/32/28 19/23/20
f 21/25/22 29/34/30 28/33/29 20/24/21
f 22/26/23 30/35/31 29/34/30 21/25/22
f 23/27/24 31/36/32 30/35/31 22/26/23
f 24/20/18 32/29/26 31/36/32 23/27/24
f 25/28/25 33/37/33 40/38/34 32/29/26
f 26/30/27 34/39/27 33/40/33 25/31/25
f 27/32/28 35/41/35 34/39/27 26/30/27
f 28/33/29 36/42/36 35/41/35 27/32/28
f 29/34/30 37/43/37 36/42/36 28/33/29
f 30/35/31 38/44/31 37/43/37 29/34/30
f 31/36/32 39/45/38 38/44/31 30/35/31
f 32/29/26 40/38/34 39/45/38 31/36/32
f 33/37/33 41/46/39 48/47/40 40/38/34
f 34/39/27 42/48/27 41/49/39 33/40/33
f 35/41/35 43/50/41 42/48/27 34/39/27
f 36/42/36 44/51/42 43/50/41 35/41/35
f 37/43/37 45/52/43 44/51/42 36/42/36
f 38/44/31 46/53/31 45/52/43 37/43/37
f 39/45/38 47/54/44 46/53/31 38/44/31
f 40/38/34 48/47/40 47/54/44 39/45/38
f 41/46/39 49/55/45 56/56/46 48/47/40
f 42/48/27 50/57/27 49/58/45 41/49/39
f 43/50/41 51/59/47 50/57/27 42/48/27
f 44/51/42 52/60/48 51/59/47 43/50/41
f 45/52/43 53/61/49 52/60/48 44/51/42
f 46/53/31 54/62/31 53/61/49 45/52/43
f 47/54/44 55/63/50 54/62/31 46/53/31
f 48/47/40 56/56/46 55/63/50 47/54/44
f 49/55/45 57/64/51 64/65/52 56/56/46
f 50/57/27 58/66/53 57/67/51 49/58/45
f 51/59/47 59/68/54 58/66/53 50/57/27
f 52/60/48 60/69/55 59/68/54 51/59/47
f 53/61/49 61/70/56 60/69/55 52/60/48
f 54/62/31 62/71/57 61/70/56 53/61/49
f 55/63/50 63/72/58 62/71/57 54/62/31
f 56/56/46 64/65/52 63/72/58 55/63/50
f 57/64/51 65/73/59 72/74/60 64/65/52
f 58/66/53 66/75/61 65/76/59 57/67/51
f 59/68/54 67/77/62 66/75/61 58/66/53
f 60/69/55 68/78/63 67/77/62 59/68/54
f 61/70/56 69/79/64 68/78/63 60/69/55
f 62/71/57 70/80/65 69/79/64 61/70/56
f 63/72/58 71/81/66 70/80/65 62/71/57
f 64/65/52 72/74/60 71/81/66 63/72/58
f 65/73/59 73/82/67 80/83/68 72/74/60
f 66/75/61 74/84/69 73/85/67 65/76/59
f 67/77/62 75/86/70 74/84/69 66/75/61
f 68/78/63 76/87/71 75/86/70 67/77/62
f 69/79/64 77/88/72 76/87/71 68/78/63
f 70/80/65 78/89/73 77/88/72 69/79/64
f 71/81/66 79/90/74 78/89/73 70/80/65
f 72/74/60 80/83/68 79/90/74 71/81/66
f 73/82/67 81/91/75 88/92/76 80/83/68
f 74/84/69 82/93/77 81/94/75 73/85/67
f 75/86/70 83/95/78 82/93/77 74/84/69
f 76/87/71 84/96/79 83/95/78 75/86/70
f 77/88/72 85/97/80 84/96/79 76/87/71
f 78/89/73 86/98/81 85/97/80 77/88/72
f 79/90/74 87/99/82 86/98/81 78/89/73
f 80/83/68 88/92/76 87/99/82 79/90/74
f 81/91/75 89/100/83 96/101/84 88/92/76
f 82/93/77 90/102/85 89/103/83 81/94/75
f 83/95/78 91/104/86 90/102/85 82/93/77
f 84/96/79 92/105/87 91/104/86 83/95/78
f 85/97/80 93/106/88 92/105/87 84/96/79
f 86/98/81 94/107/89 93/106/88 85/97/80
f 87/99/82 95/108/90 94/107/89 86/98/81
f 88/92/76 96/101/84 95/108/90 87/99/82
f 89/100/83 97/109/91 104/110/92 96/101/84
f 90/102/85 98/111/93 97/112/91 89/103/83
f 91/104/86 99/113/94 98/111/93 90/102/85
f 92/105/87 100/114/95 99/113/94 91/104/86
f 93/106/88 101/115/96 100/114/95 92/105/87
f 94/107/89 102/116/97 101/115/96 93/106/88
f 95/108/90 103/117/98 102/116/97 94/107/89
f 96/101/84 104/110/92 103/117/98 95/108/90
f 97/109/91 105/118/99 112/119/100 104/110/92
f 98/111/93 106/120/101 105/121/99 97/112/91
f 99/113/94 107/122/102 106/120/101 98/111/93
f 100/114/95 108/123/103 107/122/102 99/113/94
f 101/115/96 109/124/104 108/123/103 100/114/95
f 102/116/97 110/125/105 109/124/104 101/115/96
f 103/117/98 111/126/106 110/125/105 102/116/97
f 104/110/92 112/119/100 111/126/106 103/117/98
f 105/118/99 113/127/107 120/128/108 112/119/100
f 106/120/101 114/129/109 113/130/107 105/121/99
f 107/122/102 115/131/110 114/129/109 106/120/101
f 108/123/103 116/132/111 115/131/110 107/122/102
f 109/124/104 117/133/112 116/132/111 108/123/103
f 110/125/105 118/134/113 117/133/112 109/124/104
f 111/126/106 119/135/114 118/134/113 110/125/105
f 112/119/100 120/128/108 119/135/114 111/126/106
f 113/127/107 121/136/115 128/137/116 120/128/108
f 114/129/109 122/138/117 121/139/115 113/130/107
f 115/131/110 123/140/118 122/138/117 114/129/109
f 116/132/111 124/141/119 123/140/118 115/131/110
f 117/133/112 125/142/120 124/141/119 116/132/111
f 118/134/113 126/143/121 125/142/120 117/133/112
f 119/135/114 127/144/122 126/143/121 118/134/113
f 120/128/108 128/137/116 127/144/122 119/135/114
f 121/136/115 129/145/123 136/146/124 128/137/116
f 122/138/117 130/147/125 129/148/123 121/139/115
f 123/140/118 131/149/126 130/147/125 122/138/117
f 124/141/119 132/150/127 131/149/126 123/140/118
f 125/142/120 133/151/128 132/150/127 124/141/119
f 126/143/121 134/152/129 133/151/128 125/142/120
f 127/144/122 135/153/130 134/152/129 126/143/121
f 128/137/116 136/146/124 135/153/130 127/144/122
f 129/145/123 137/154/131 144/155/132 136/146/124
f 130/147/125 138/156/133 137/157/131 129/148/123
f 131/149/126 139/158/134 138/156/133 130/147/125
f 132/150/127 140/159/135 139/158/134 131/149/126
f 133/151/128 141/160/136 140/159/135 132/150/127
f 134/152/129 142/161/137 141/160/136 133/151/128
f 135/153/130 143/162/138 142/161/137 134/152/129
f 136/146/124 144/155/132 143/162/138 135/153/130
f 137/154/131 145/163/139 152/164/140 144/155/132
f 138/156/133 146/165/141 145/166/139 137/157/131
f 139/158/134 147/167/142 146/165/141 138/156/133
f 140/159/135 148/168/143 147/167/142 139/158/134
f 141/160/136 149/169/144 148/168/143 140/159/135
f 142/161/137 150/170/145 149/169/144 141/160/136
f 143/162/138 151/171/146 150/170/145 142/161/137
f 144/155/132 152/164/140 151/171/146 143/162/138
f 145/163/139 153/172/147 160/173/148 152/164/140
f 146/165/141 154/174/149 153/175/147 145/166/139
f 147/167/142 155/176/150 154/174/149 146/165/141
f 148/168/143 156/177/151 155/176/150 147/167/142
f 149/169/144 157/178/152 156/177/151 148/168/143
f 150/170/145 158/179/153 157/178/152 149/169/144
f 151/171/146 159/180/154 158/179/153 150/170/145
f 152/164/140 160/173/148 159/180/154 151/171/146
f 153/172/147 161/181/155 168/182/156 160/173/148
f 154/174/149 162/183/157 161/184/155 153/175/147
f 155/176/150 163/185/158 162/183/157 154/174/149
f 156/177/151 164/186/159 163/185/158 155/176/150
f 157/178/152 165/187/160 164/186/159 156/177/151
f 158/179/153 166/188/161 165/187/160 157/178/152
f 159/180/154 167/189/162 166/188/161 158/179/153
f 160/173/148 168/182/156 167/189/162 159/180/154
f 161/181/155 169/190/163 176/191/164 168/182/156
f 162/183/157 170/192/165 169/193/163 161/184/155
f 163/185/158 171/194/166 170/192/165 162/183/157
f 164/186/159 172/195/167 171/194/166 163/185/158
f 165/187/160 173/196/168 172/195/167 164/186/159
f 166/188/161 174/197/169 173/196/168 165/187/160
f 167/189/162 175/198/170 174/197/169 166/188/161
f 168/182/156 176/191/164 175/198/170 167/189/162
f 169/190/163 177/199/171 184/200/172 176/191/164
f 170/192/165 178/201/173 177/202/171 169/193/163
f 171/194/166 179/203/174 178/201/173 170/192/165
f 172/195/167 180/204/175 179/203/174 171/194/166
f 173/196/168 181/205/176 180/204/175 172/195/167
f 174/197/169 182/206/177 181/205/176 173/196/168
f 175/198/170 183/207/178 182/206/177 174/197/169
f 176/191/164 184/200/172 183/207/178 175/198/170
f 177/199/171 185/208/179 192/209/180 184/200/172
f 178/201/173 186/210/181 185/211/179 177/202/171
f 179/203/174 187/212/182 186/210/181 178/201/173
f 180/204/175 188/213/183 187/212/182 179/203/174
f 181/205/176 189/214/184 188/213/183 180/204/175
f 182/206/177 190/215/185 189/214/184 181/205/176
f 183/207/178 191/216/186 190/215/185 182/206/177
f 184/200/172 192/209/180 191/216/186 183/207/178
f 185/208/179 193/217/187 200/218/188 192/209/180
f 186/210/181 194/219/189 193/220/187 185/211/179
f 187/212/182 195/221/190 194/219/189 186/210/181
f 188/213/183 196/222/191 195/221/190 187/212/182
f 189/214/184 197/223/192 196/222/191 188/213/183
f 190/215/185 198/224/193 197/223/192 189/214/184
f 191/216/186 199/225/194 198/224/193 190/215/185
f 192/209/180 200/218/188 199/225/194 191/216/186
f 193/217/187 201/226/195 208/227/196 200/218/188
f 194/219/189 202/228/197 201/229/195 193/220/187
f 195/221/190 203/230/198 202/228/197 194/219/189
f 196/222/191 204/231/199 203/230/198 195/221/190
f 197/223/192 205/232/200 204/231/199 196/222/191
f 198/224/193 206/233/201 205/232/200 197/223/192
f 199/225/194 207/234/202 206/233/201 198/224/193
f 200/218/188 208/227/196 207/234/202 199/225/194
f 201/226/195 209/235/203 216/236/204 208/227/196
f 202/228/197 210/237/205 209/238/203 201/229/195
f 203/230/198 211/239/206 210/237/205 202/228/197
f 204/231/199 212/240/207 211/239/206 203/230/198
f 205/232/200 213/241/208 212/240/207 204/231/199
f 206/233/201 214/242/209 213/241/208 205/232/200
f 207/234/202 215/243/210 214/242/209 206/233/201
f 208/227/196 216/236/204 215/243/210 207/234/202
f 209/235/203 217/244/211 224/245/212 216/236/204
f 210/237/205 218/246/213 217/247/211 209/238/203
f 211/239/206 219/248/214 218/246/213 210/237/205
f 212/240/207 220/249/215 219/248/214 211/239/206
f 213/241/208 221/250/216 220/249/215 212/240/207
f 214/242/209 222/251/217 221/250/216 213/241/208
f 215/243/210 223/252/218 222/251/217 214/242/209
f 216/236/204 224/245/212 223/252/218 215/243/210
f 217/244/211 225/253/219 232/254/220 224/245/212
f 218/246/213 226/255/221 225/256/219 217/247/211
f 219/248/214 227/257/222 226/255/221 218/246/213
f 220/249/215 228/258/223 227/257/222 219/248/214
f 221/250/216 229/259/224 228/258/223 220/249/215
f 222/251/217 230/260/225 229/259/224 221/250/216
f 223/252/218 231/261/226 230/260/225 222/251/217
f 224/245/212 232/254/220 231/261/226 223/252/218
f 225/253/219 233/262/227 240/263/228 232/254/220
f 226/255/221 234/264/229 233/265/227 225/256/219
f 227/257/222 235/266/230 234/264/229 226/255/221
f 228/258/223 236/267/231 235/266/230 227/257/222
f 229/259/224 237/268/232 236/267/231 228/258/223
f 230/260/225 238/269/233 237/268/232 229/259/224
f 231/261/226 239/270/234 238/269/233 230/260/225
f 232/254/220 240/263/228 239/270/234 231/261/226
f 233/262/227 241/271/235 248/272/236 240/263/228
f 234/264/229 242/273/237 241/274/235 233/265/227
f 235/266/230 243/275/238 242/273/237 234/264/229
f 236/267/231 244/276/239 243/275/238 235/266/230
f 237/268/232 245/277/240 244/276/239 236/267/231
f 238/269/233 246/278/241 245/277/240 237/268/232
f 239/270/234 247/279/242 246/278/241 238/269/233
f 240/263/228 248/272/236 247/279/242 239/270/234
f 241/271/235 249/280/243 256/281/244 248/272/236
f 242/273/237 250/282/245 249/283/243 241/274/235
f 243/275/238 251/284/246 250/282/245 242/273/237
f 244/276/239 252/285/247 251/284/246 243/275/238
f 245/277/240 253/286/248 252/285/247 244/276/239
f 246/278/241 254/287/249 253/286/248 245/277/240
f 247/279/242 255/288/250 254/287/249 246/278/241
f 248/272/236 256/281/244 255/288/250 247/279/242
f 249/280/243 257/289/251 264/290/252 256/281/244
f 250/282/245 258/291/253 257/292/251 249/283/243
f 251/284/246 259/293/254 258/291/253 250/282/245
f 252/285/247 260/294/255 259/293/254 251/284/246
f 253/286/248 261/295/256 260/294/255 252/285/247
f 254/287/249 262/296/257 261/295/256 253/286/248
f 255/288/250 263/297/258 262/296/257 254/287/249
f 256/281/244 264/290/252 263/297/258 255/288/250
f 257/289/251 265/298/259 272/299/260 264/290/252
f 258/291/253 266/300/261 265/301/259 257/292/251
f 259/293/254 267/302/262 266/300/261 258/291/253
f 260/294/255 268/303/263 267/302/262 259/293/254
f 261/295/256 269/304/264 268/303/263 260/294/255
f 262/296/257 270/305/265 269/304/264 261/295/256
f 263/297/258 271/306/266 270/305/265 262/296/257
f 264/290/252 272/299/260 271/306/266 263/297/258
f 265/298/259 273/307/267 280/308/268 272/299/260
f 266/300/261 274/309/269 273/310/267 265/301/259
f 267/302/262 275/311/270 274/309/269 266/300/261
f 268/303/263 276/312/271 275/311/270 267/302/262
f 269/304/264 277/313/272 276/312/271 268/303/263
f 270/305/265 278/314/273 277/313/272 269/304/264
f 271/306/266 279/315/274 278/314/273 270/305/265
f 272/299/260 280/308/268 279/315/274 271/306/266
f 273/307/267 281/316/275 288/317/276 280/308/268
f 274/309/269 282/318/277 281/319/275 273/310/267
f 275/311/270 283/320/278 282/318/277 274/309/269
f 276/312/271 284/321/279 283/320/278 275/311/270
f 277/313/272 285/322/280 284/321/279 276/312/271
f 278/314/273 286/323/281 285/322/280 277/313/272
f 279/315/274 287/324/282 286/323/281 278/314/273
f 280/308/268 288/317/276 287/324/282 279/315/274
f 281/316/275 289/325/283 296/326/284 288/317/276
f 282/318/277 290/327/285 289/328/283 281/319/275
f 283/320/278 291/329/286 290/327/285 282/318/277
f 284/321/279 292/330/287 291/329/286 283/320/278
f 285/322/280 293/331/288 292/330/287 284/321/279
f 286/323/281 294/332/289 293/331/288 285/322/280
f 287/324/282 295/333/290 294/332/289 286/323/281
f 288/317/276 296/326/284 295/333/290 287/324/282
f 289/325/283 1/334/1 8/335/4 296/326/284
f 290/327/285 2/336/5 1/337/1 289/328/283
f 291/329/286 3/338/7 2/336/5 290/327/285
f 292/330/287 4/339/9 3/338/7 291/329/286
f 293/331/288 5/340/11 4/339/9 292/330/287
f 294/332/289 6/341/13 5/340/11 293/331/288
f 295/333/290 7/342/15 6/341/13 294/332/289
f 296/326/284 8/335/4 7/342/15 295/333/290
f 297/1/291 305/343/292 312/344/293 304/4/294
f 298/5/295 306/345/296 305/346/292 297/8/291
f 299/9/297 307/347/298 306/345/296 298/5/295
f 300/11/299 308/348/300 307/347/298 299/9/297
f 301/13/301 309/349/302 308/348/300 300/11/299
f 302/15/303 310/350/304 309/349/302 301/13/301
f 303/17/305 311/351/306 310/350/304 302/15/303
f 304/4/294 312/344/293 311/351/306 303/17/305
f 305/343/292 313/352/307 320/353/308 312/344/293
f 306/345/296 314/354/309 313/355/307 305/346/292
f 307/347/298 315/356/310 314/354/309 306/345/296
f 308/348/300 316/357/311 315/356/310 307/347/298
f 309/349/302 317/358/312 316/357/311 308/348/300
f 310/350/304 318/359/313 317/358/312 309/349/302
f 311/351/306 319/360/314 318/359/313 310/350/304
f 312/344/293 320/353/308 319/360/314 311/351/306
f 313/352/307 321/361/315 328/362/316 320/353/308
f 314/354/309 322/363/317 321/364/315 313/355/307
f 315/356/310 323/365/318 322/363/317 314/354/309
f 316/357/311 324/366/319 323/365/318 315/356/310
f 317/358/312 325/367/320 324/366/319 316/357/311
f 318/359/313 326/368/321 325/367/320 317/358/312
f 319/360/314 327/369/322 326/368/321 318/359/313
f 320/353/308 328/362/316 327/369/322 319/360/314
f 321/361/315 329/370/323 336/371/324 328/362/316
f 322/363/317 330/372/325 329/373/323 321/364/315
f 323/365/318 331/374/326 330/372/325 322/363/317
f 324/366/319 332/375/327 331/374/326 323/365/318
f 325/367/320 333/376/328 332/375/327 324/366/319
f 326/368/321 334/377/329 333/376/328 325/367/320
f 327/369/322 335/378/330 334/377/329 326/368/321
f 328/362/316 336/371/324 335/378/330 327/369/322
f 329/370/323 337/379/331 344/380/332 336/371/324
f 330/372/325 338/381/333 337/382/331 329/373/323
f 331/374/326 339/383/334 338/381/333 330/372/325
f 332/375/327 340/384/335 339/383/334 331/374/326
f 333/376/328 341/385/336 340/384/335 332/375/327
f 334/377/329 342/386/337 341/385/336 333/376/328
f 335/378/330 343/387/338 342/386/337 334/377/329
f 336/371/324 344/380/332 343/387/338 335/378/330
f 337/379/331 345/388/339 352/389/340 344/380/332
f 338/381/333 346/390/341 345/391/339 337/382/331
f 339/383/334 347/392/342 346/390/341 338/381/333
f 340/384/335 348/393/343 347/392/342 339/383/334
f 341/385/336 349/394/344 348/393/343 340/384/335
f 342/386/337 350/395/345 349/394/344 341/385/336
f 343/387/338 351/396/346 350/395/345 342/386/337
f 344/380/332 352/389/340 351/396/346 343/387/338
f 345/388/339 353/397/347 360/398/348 352/389/340
f 346/390/341 354/399/349 353/400/347 345/391/339
f 347/392/342 355/401/350 354/399/349 346/390/341
f 348/393/343 356/402/351 355/401/350 347/392/342
f 349/394/344 357/403/352 356/402/351 348/393/343
f 350/395/345 358/404/353 357/403/352 349/394/344
f 351/396/346 359/405/354 358/404/353 350/395/345
f 352/389/340 360/398/348 359/405/354 351/396/346
f 353/397/347 361/406/355 368/407/356 360/398/348
f 354/399/349 362/408/357 361/409/355 353/400/347
f 355/401/350 363/410/358 362/408/357 354/399/349
f 356/402/351 364/411/359 363/410/358 355/401/350
f 357/403/352 365/412/360 364/411/359 356/402/351
f 358/404/353 366/413/361 365/412/360 357/403/352
f 359/405/354 367/414/362 366/413/361 358/404/353
f 360/398/348 368/407/356 367/414/362 359/405/354
f 361/406/355 369/415/363 376/416/364 368/407/356
f 362/408/357 370/417/365 369/418/363 361/409/355
f 363/410/358 371/419/366 370/417/365 362/408/357
f 364/411/359 372/420/367 371/419/366 363/410/358
f 365/412/360 373/421/368 372/420/367 364/411/359
f 366/413/361 374/422/369 373/421/368 365/412/360
f 367/414/362 375/423/370 374/422/369 366/413/361
f 368/407/356 376/416/364 375/423/370 367/414/362
f 369/415/363 377/424/371 384/425/372 376/416/364
f 370/417/365 378/426/373 377/427/371 369/418/363
f 371/419/366 379/428/374 378/426/373 370/417/365
f 372/420/367 380/429/375 379/428/374 371/419/366
f 373/421/368 381/430/376 380/429/375 372/420/367
f 374/422/369 382/431/377 381/430/376 373/421/368
f 375/423/370 383/432/378 382/431/377 374/422/369
f 376/416/364 384/425/372 383/432/378 375/423/370
f 377/424/371 385/433/379 392/434/380 384/425/372
f 378/426/373 386/435/381 385/436/379 377/427/371
f 379/428/374 387/437/382 386/435/381 378/426/373
f 380/429/375 388/438/383 387/437/382 379/428/374
f 381/430/376 389/439/384 388/438/383 380/429/375
f 382/431/377 390/440/385 389/439/384 381/430/376
f 383/432/378 391/441/386 390/440/385 382/431/377
f 384/425/372 392/434/380 391/441/386 383/432/378
f 385/433/379 393/442/387 400/443/388 392/434/380
f 386/435/381 394/444/389 393/445/387 385/436/379
f 387/437/382 395/446/390 394/444/389 386/435/381
f 388/438/383 396/447/391 395/446/390 387/437/382
f 389/439/384 397/448/392 396/447/391 388/438/383
f 390/440/385 398/449/393 397/448/392 389/439/384
f 391/441/386 399/450/394 398/449/393 390/440/385
f 392/434/380 400/443/388 399/450/394 391/441/386
f 393/442/387 401/451/395 408/452/396 400/443/388
f 394/444/389 402/453/397 401/454/395 393/445/387
f 395/446/390 403/455/398 402/453/397 394/444/389
f 396/447/391 404/456/399 403/455/398 395/446/390
f 397/448/392 405/457/400 404/456/399 396/447/391
f 398/449/393 406/458/401 405/457/400 397/448/392
f 399/450/394 407/459/402 406/458/401 398/449/393
f 400/443/388 408/452/396 407/459/402 399/450/394
f 401/451/395 409/460/403 416/461/404 408/452/396
f 402/453/397 410/462/405 409/463/403 401/454/395
f 403/455/398 411/464/406 410/462/405 402/453/397
f 404/456/399 412/465/407 411/464/406 403/455/398
f 405/457/400 413/466/408 412/465/407 404/456/399
f 406/458/401 414/467/409 413/466/408 405/457/400
f 407/459/402 415/468/410 414/467/409 406/458/401
f 408/452/396 416/461/404 415/468/410 407/459/402
f 409/460/403 417/469/411 424/470/412 416/461/404
f 410/462/405 418/471/413 417/472/411 409/463/403
f 411/464/406 419/473/414 418/471/413 410/462/405
f 412/465/407 420/474/415 419/473/414 411/464/406
f 413/466/408 421/475/416 420/474/415 412/465/407
f 414/467/409 422/476/417 421/475/416 413/466/408
f 415/468/410 423/477/418 422/476/417 414/467/409
f 416/461/404 424/470/412 423/477/418 415/468/410
f 417/469/411 425/478/419 432/479/420 424/470/412
f 418/471/413 426/480/421 425/481/419 417/472/411
f 419/473/414 427/482/422 426/480/421 418/471/413
f 420/474/415 428/483/423 427/482/422 419/473/414
f 421/475/416 429/484/424 428/483/423 420/474/415
f 422/476/417 430/485/425 429/484/424 421/475/416
f 423/477/418 431/486/426 430/485/425 422/476/417
f 424/470/412 432/479/420 431/486/426 423/477/418
f 425/478/419 433/487/427 440/488/428 432/479/420
f 426/480/421 434/489/429 433/490/427 425/481/419
f 427/482/422 435/491/430 434/489/429 426/480/421
f 428/483/423 436/492/431 435/491/430 427/482/422
f 429/484/424 437/493/432 436/492/431 428/483/423
f 430/485/425 438/494/433 437/493/432 429/484/424
f 431/486/426 439/495/434 438/494/433 430/485/425
f 432/479/420 440/488/428 439/495/434 431/486/426
f 433/487/427 441/496/435 448/497/436 440/488/428
f 434/489/429 442/498/437 441/499/435 433/490/427
f 435/491/430 443/500/438 442/498/437 434/489/429
f 436/492/431 444/501/439 443/500/438 435/491/430
f 437/493/432 445/502/440 444/501/439 436/492/431
f 438/494/433 446/503/441 445/502/440 437/493/432
f 439/495/434 447/504/442 446/503/441 438/494/433
f 440/488/428 448/497/436 447/504/442 439/495/434
f 441/496/435 449/505/443 456/506/444 448/497/436
f 442/498/437 450/507/445 449/508/443 441/499/435
f 443/500/438 451/509/446 450/507/445 442/498/437
f 444/501/439 452/510/447 451/509/446 443/500/438
f 445/502/440 453/511/448 452/510/447 444/501/439
f 446/503/441 454/512/449 453/511/448 445/502/440
f 447/504/442 455/513/450 454/512/449 446/503/441
f 448/497/436 456/506/444 455/513/450 447/504/442
f 449/505/443 457/514/451 464/515/452 456/506/444
f 450/507/445 458/516/453 457/517/451 449/508/443
f 451/509/446 459/518/454 458/516/453 450/507/445
f 452/510/447 460/519/455 459/518/454 451/509/446
f 453/511/448 461/520/456 460/519/455 452/510/447
f 454/512/449 462/521/457 461/520/456 453/511/448
f 455/513/450 463/522/458 462/521/457 454/512/449
f 456/506/444 464/515/452 463/522/458 455/513/450
f 457/514/451 465/523/459 472/524/460 464/515/452
f 458/516/453 466/525/461 465/526/459 457/517/451
f 459/518/454 467/527/462 466/525/461 458/516/453
f 460/519/455 468/528/463 467/527/462 459/518/454
f 461/520/456 469/529/464 468/528/463 460/519/455
f 462/521/457 470/530/465 469/529/464 461/520/456
f 463/522/458 471/531/466 470/530/465 462/521/457
f 464/515/452 472/524/460 471/531/466 463/522/458
f 465/523/459 473/532/467 480/533/468 472/524/460
f 466/525/461 474/534/469 473/535/467 465/526/459
f 467/527/462 475/536/470 474/534/469 466/525/461
f 468/528/463 476/537/471 475/536/470 467/527/462
f 469/529/464 477/538/472 476/537/471 468/528/463
f 470/530/465 478/539/473 477/538/472 469/529/464
f 471/531/466 479/540/474 478/539/473 470/530/465
f 472/524/460 480/533/468 479/540/474 471/531/466
f 473/532/467 481/541/475 488/542/476 480/533/468
f 474/534/469 482/543/477 481/544/475 473/535/467
f 475/536/470 483/545/478 482/543/477 474/534/469
f 476/537/471 484/546/479 483/545/478 475/536/470
f 477/538/472 485/547/480 484/546/479 476/537/471
f 478/539/473 486/548/481 485/547/480 477/538/472
f 479/540/474 487/549/482 486/548/481 478/539/473
f 480/533/468 488/542/476 487/549/482 479/540/474
f 481/541/475 489/550/483 496/551/484 488/542/476
f 482/543/477 490/552/485 489/553/483 481/544/475
f 483/545/478 491/554/486 490/552/485 482/543/477
f 484/546/479 492/555/487 491/554/486 483/545/478
f 485/547/480 493/556/488 492/555/487 484/546/479
f 486/548/481 494/557/489 493/556/488 485/547/480
f 487/549/482 495/558/490 494/557/489 486/548/481
f 488/542/476 496/551/484 495/558/490 487/549/482
f 489/550/483 497/559/491 504/560/492 496/551/484
f 490/552/485 498/561/493 497/562/491 489/553/483
f 491/554/486 499/563/494 498/561/493 490/552/485
f 492/555/487 500/564/495 499/563/494 491/554/486
f 493/556/488 501/565/496 500/564/495 492/555/487
f 494/557/489 502/566/497 501/565/496 493/556/488
f 495/558/490 503/567/498 502/566/497 494/557/489
f 496/551/484 504/560/492 503/567/498 495/558/490
f 497/559/491 505/568/499 512/569/500 504/560/492
f 498/561/493 506/570/501 505/571/499 497/562/491
f 499/563/494 507/572/502 506/570/501 498/561/493
f 500/564/495 508/573/503 507/572/502 499/563/494
f 501/565/496 509/574/504 508/573/503 500/564/495
f 502/566/497 510/575/505 509/574/504 501/565/496
f 503/567/498 511/576/506 510/575/505 502/566/497
f 504/560/492 512/569/500 511/576/506 503/567/498
f 505/568/499 513/577/507 520/578/508 512/569/500
f 506/570/501 514/579/509 513/580/507 505/571/499
f 507/572/502 515/581/510 514/579/509 506/570/501
f 508/573/503 516/582/511 515/581/510 507/572/502
f 509/574/504 517/583/512 516/582/511 508/573/503
f 510/575/505 518/584/513 517/583/512 509/574/504
f 511/576/506 519/585/514 518/584/513 510/575/505
f 512/569/500 520/578/508 519/585/514 511/576/506
f 513/577/507 521/586/515 528/587/516 520/578/508
f 514/579/509 522/588/517 521/589/515 513/580/507
f 515/581/510 523/590/518 522/588/517 514/579/509
f 516/582/511 524/591/519 523/590/518 515/581/510
f 517/583/512 525/592/520 524/591/519 516/582/511
f 518/584/513 526/593/521 525/592/520 517/583/512
f 519/585/514 527/594/522 526/593/521 518/584/513
f 520/578/508 528/587/516 527/594/522 519/585/514
f 521/586/515 529/595/523 536/596/524 528/587/516
f 522/588/517 530/597/525 529/598/523 521/589/515
f 523/590/518 531/599/526 530/597/525 522/588/517
f 524/591/519 532/600/527 531/599/526 523/590/518
f 525/592/520 533/601/528 532/600/527 524/591/519
f 526/593/521 534/602/529 533/601/528 525/592/520
f 527/594/522 535/603/530 534/602/529 526/593/521
f 528/587/516 536/596/524 535/603/530 527/594/522
f 529/595/523 537/604/531 544/605/532 536/596/524
f 530/597/525 538/606/533 537/607/531 529/598/523
f 531/599/526 539/608/534 538/606/533 530/597/525
f 532/600/527 540/609/535 539/608/534 531/599/526
f 533/601/528 541/610/536 540/609/535 532/600/527
f 534/602/529 542/611/537 541/610/536 533/601/528
f 535/603/530 543/612/538 542/611/537 534/602/529
f 536/596/524 544/605/532 543/612/538 535/603/530
f 537/604/531 545/613/539 552/614/540 544/605/532
f 538/606/533 546/615/541 545/616/539 537/607/531
f 539/608/534 547/617/542 546/615/541 538/606/533
f 540/609/535 548/618/543 547/617/542 539/608/534
f 541/610/536 549/619/544 548/618/543 540/609/535
f 542/611/537 550/620/545 549/619/544 541/610/536
f 543/612/538 551/621/546 550/620/545 542/611/537
f 544/605/532 552/614/540 551/621/546 543/612/538
f 545/613/539 553/622/547 560/623/548 552/614/540
f 546/615/541 554/624/549 553/625/547 545/616/539
f 547/617/542 555/626/550 554/624/549 546/615/541
f 548/618/543 556/627/551 555/626/550 547/617/542
f 549/619/544 557/628/552 556/627/551 548/618/543
f 550/620/545 558/629/553 557/628/552 549/619/544
f 551/621/546 559/630/554 558/629/553 550/620/545
f 552/614/540 560/623/548 559/630/554 551/621/546
f 553/622/547 561/631/555 568/632/556 560/623/548
f 554/624/549 562/633/557 561/634/555 553/625/547
f 555/626/550 563/635/558 562/633/557 554/624/549
f 556/627/551 564/636/559 563/635/558 555/626/550
f 557/628/552 565/637/560 564/636/559 556/627/551
f 558/629/553 566/638/561 565/637/560 557/628/552
f 559/630/554 567/639/562 566/638/561 558/629/553
f 560/623/548 568/632/556 567/639/562 559/630/554
f 561/631/555 569/640/563 576/641/564 568/632/556
f 562/633/557 570/642/565 569/643/563 561/634/555
f 563/635/558 571/644/566 570/642/565 562/633/557
f 564/636/559 572/645/567 571/644/566 563/635/558
f 565/637/560 573/646/568 572/645/567 564/636/559
f 566/638/561 574/647/569 573/646/568 565/637/560
f 567/639/562 575/648/570 574/647/569 566/638/561
f 568/632/556 576/641/564 575/648/570 567/639/562
f 569/640/563 577/649/571 584/650/572 576/641/564
f 570/642/565 578/651/573 577/652/571 569/643/563
f 571/644/566 579/653/574 578/651/573 570/642/565
f 572/645/567 580/654/575 579/653/574 571/644/566
f 573/646/568 581/655/576 580/654/575 572/645/567
f 574/647/569 582/656/577 581/655/576 573/646/568
f 575/648/570 583/657/578 582/656/577 574/647/569
f 576/641/564 584/650/572 583/657/578 575/648/570
f 577/649/571 585/658/579 592/659/580 584/650/572
f 578/651/573 586/660/581 585/661/579 577/652/571
f 579/653/574 587/662/582 586/660/581 578/651/573
f 580/654/575 588/663/583 587/662/582 579/653/574
f 581/655/576 589/664/584 588/663/583 580/654/575
f 582/656/577 590/665/585 589/664/584 581/655/576
f 583/657/578 591/666/586 590/665/585 582/656/577
f 584/650/572 592/659/580 591/666/586 583/657/578
f 585/658/579 593/667/587 600/668/588 592/659/580
f 586/660/581 594/669/589 593/670/587 585/661/579
f 587/662/582 595/671/590 594/669/589 586/660/581
f 588/663/583 596/672/591 595/671/590 587/662/582
f 589/664/584 597/673/592 596/672/591 588/663/583
f 590/665/585 598/674/593 597/673/592 589/664/584
f 591/666/586 599/675/594 598/674/593 590/665/585
f 592/659/580 600/668/588 599/675/594 591/666/586
f 593/667/587 601/676/595 608/677/596 600/668/588
f 594/669/589 602/678/597 601/679/595 593/670/587
f 595/671/590 603/680/598 602/678/597 594/669/589
f 596/672/591 604/681/599 603/680/598 595/671/590
f 597/673/592 605/682/600 604/681/599 596/672/591
f 598/674/593 606/683/601 605/682/600 597/673/592
f 599/675/594 607/684/602 606/683/601 598/674/593
f 600/668/588 608/677/596 607/684/602 599/675/594
f 601/676/595 609/685/603 616/686/604 608/677/596
f 602/678/597 610/687/605 609/688/603 601/679/595
f 603/680/598 611/689/606 610/687/605 602/678/597
f 604/681/599 612/690/607 611/689/606 603/680/598
f 605/682/600 613/691/608 612/690/607 604/681/599
f 606/683/601 614/692/609 613/691/608 605/682/600
f 607/684/602 615/693/610 614/692/609 606/683/601
f 608/677/596 616/686/604 615/693/610 607/684/602
f 609/685/603 617/694/611 624/695/612 616/686/604
f 610/687/605 618/696/613 617/697/611 609/688/603
f 611/689/606 619/698/614 618/696/613 610/687/605
f 612/690/607 620/699/615 619/698/614 611/689/606
f 613/691/608 621/700/616 620/699/615 612/690/607
f 614/692/609 622/701/617 621/700/616 613/691/608
f 615/693/610 623/702/618 622/701/617 614/692/609
f 616/686/604 624/695/612 623/702/618 615/693/610
f 617/694/611 625/703/619 632/704/620 624/695/612
f 618/696/613 626/705/621 625/706/619 617/697/611
f 619/698/614 627/707/622 626/705/621 618/696/613
f 620/699/615 628/708/623 627/707/622 619/698/614
f 621/700/616 629/709/624 628/708/623 620/699/615
f 622/701/617 630/710/625 629/709/624 621/700/616
f 623/702/618 631/711/626 630/710/625 622/701/617
f 624/695/612 632/704/620 631/711/626 623/702/618
f 625/703/619 633/712/627 640/713/628 632/704/620
f 626/705/621 634/714/629 633/715/627 625/706/619
f 627/707/622 635/716/630 634/714/629 626/705/621
f 628/708/623 636/717/631 635/716/630 627/707/622
f 629/709/624 637/718/632 636/717/631 628/708/623
f 630/710/625 638/719/633 637/718/632 629/709/624
f 631/711/626 639/720/634 638/719/633 630/710/625
f 632/704/620 640/713/628 639/720/634 631/711/626
f 633/712/627 641/721/635 648/722/636 640/713/628
f 634/714/629 642/723/637 641/724/635 633/715/627
f 635/716/630 643/725/638 642/723/637 634/714/629
f 636/717/631 644/726/639 643/725/638 635/716/630
f 637/718/632 645/727/640 644/726/639 636/717/631
f 638/719/633 646/728/641 645/727/640 637/718/632
f 639/720/634 647/729/642 646/728/641 638/719/633
f 640/713/628 648/722/636 647/729/642 639/720/634
f 641/721/635 649/730/643 656/731/644 648/722/636
f 642/723/637 650/732/645 649/733/643 641/724/635
f 643/725/638 651/734/646 650/732/645 642/723/637
f 644/726/639 652/735/647 651/734/646 643/725/638
f 645/727/640 653/736/648 652/735/647 644/726/639
f 646/728/641 654/737/649 653/736/648 645/727/640
f 647/729/642 655/738/650 654/737/649 646/728/641
f 648/722/636 656/731/644 655/738/650 647/729/642
f 649/730/643 297/334/291 304/335/294 656/731/644
f 650/732/645 298/336/295 297/337/291 649/733/643
f 651/734/646 299/338/297 298/336/295 650/732/645
f 652/735/647 300/339/299 299/338/297 651/734/646
f 653/736/648 301/340/301 300/339/299 652/735/647
f 654/737/649 302/341/303 301/340/301 653/736/648
f 655/738/650 303/342/305 302/341/303 654/737/649
f 656/731/644 304/335/294 303/342/305 655/738/650
f 657/1/651 665/739/652 672/740/653 664/4/654
f 658/5/655 666/741/656 665/742/652 657/8/651
f 659/9/657 667/743/658 666/741/656 658/5/655
f 660/11/659 668/744/660 667/743/658 659/9/657
f 661/13/661 669/745/662 668/744/660 660/11/659
f 662/15/663 670/746/664 669/745/662 661/13/661
f 663/17/665 671/747/666 670/746/664 662/15/663
f 664/4/654 672/740/653 671/747/666 663/17/665
f 665/739/652 673/748/667 680/749/668 672/740/653
f 666/741/656 674/750/669 673/751/667 665/742/652
f 667/743/658 675/752/670 674/750/669 666/741/656
f 668/744/660 676/753/671 675/752/670 667/743/658
f 669/745/662 677/754/672 676/753/671 668/744/660
f 670/746/664 678/755/673 677/754/672 669/745/662
f 671/747/666 679/756/674 678/755/673 670/746/664
f 672/740/653 680/749/668 679/756/674 671/747/666
f 673/748/667 681/757/675 688/758/676 680/749/668
f 674/750/669 682/759/677 681/760/675 673/751/667
f 675/752/670 683/761/678 682/759/677 674/750/669
f 676/753/671 684/762/679 683/761/678 675/752/670
f 677/754/672 685/763/680 684/762/679 676/753/671
f 678/755/673 686/764/681 685/763/680 677/754/672
f 679/756/674 687/765/682 686/764/681 678/755/673
f 680/749/668 688/758/676 687/765/682 679/756/674
f 681/757/675 689/766/683 696/767/684 688/758/676
f 682/759/677 690/768/685 689/769/683 681/760/675
f 683/761/678 691/770/686 690/768/685 682/759/677
f 684/762/679 692/771/687 691/770/686 683/761/678
f 685/763/680 693/772/688 692/771/687 684/762/679
f 686/764/681 694/773/689 693/772/688 685/763/680
f 687/765/682 695/774/690 694/773/689 686/764/681
f 688/758/676 696/767/684 695/774/690 687/765/682
f 689/766/683 697/775/691 704/776/692 696/767/684
f 690/768/685 698/777/693 697/778/691 689/769/683
f 691/770/686 699/779/694 698/777/693 690/768/685
f 692/771/687 700/780/695 699/779/694 691/770/686
f 693/772/688 701/781/696 700/780/695 692/771/687
f 694/773/689 702/782/697 701/781/696 693/772/688
f 695/774/690 703/783/698 702/782/697 694/773/689
f 696/767/684 704/776/692 703/783/698 695/774/690
f 697/775/691 705/784/699 712/785/700 704/776/692
f 698/777/693 706/786/701 705/787/699 697/778/691
f 699/779/694 707/788/702 706/786/701 698/777/693
f 700/780/695 708/789/703 707/788/702 699/779/694
f 701/781/696 709/790/704 708/789/703 700/780/695
f 702/782/697 710/791/705 709/790/704 701/781/696
f 703/783/698 711/792/706 710/791/705 702/782/697
f 704/776/692 712/785/700 711/792/706 703/783/698
f 705/784/699 713/793/707 720/794/708 712/785/700
f 706/786/701 714/795/709 713/796/707 705/787/699
f 707/788/702 715/797/710 714/795/709 706/786/701
f 708/789/703 716/798/711 715/797/710 707/788/702
f 709/790/704 717/799/712 716/798/711 708/789/703
f 710/791/705 718/800/713 717/799/712 709/790/704
f 711/792/706 719/801/714 718/800/713 710/791/705
f 712/785/700 720/794/708 719/801/714 711/792/706
f 713/793/707 721/415/715 728/416/716 720/794/708
f 714/795/709 722/417/717 721/418/715 713/796/707
f 715/797/710 723/419/718 722/417/717 714/795/709
f 716/798/711 724/420/719 723/419/718 715/797/710
f 717/799/712 725/421/720 724/420/719 716/798/711
f 718/800/713 726/422/721 725/421/720 717/799/712
f 719/801/714 727/423/722 726/422/721 718/800/713
f 720/794/708 728/416/716 727/423/722 719/801/714
f 721/415/715 729/802/723 736/803/724 728/416/716
f 722/417/717 730/804/725 729/805/723 721/418/715
f 723/419/718 731/806/726 730/804/725 722/417/717
f 724/420/719 732/807/727 731/806/726 723/419/718
f 725/421/720 733/808/728 732/807/727 724/420/719
f 726/422/721 734/809/729 733/808/728 725/421/720
f 727/423/722 735/810/730 734/809/729 726/422/721
f 728/416/716 736/803/724 735/810/730 727/423/722
f 729/802/723 737/811/731 744/812/732 736/803/724
f 730/804/725 738/813/733 737/814/731 729/805/723
f 731/806/726 739/815/734 738/813/733 730/804/725
f 732/807/727 740/816/735 739/815/734 731/806/726
f 733/808/728 741/817/736 740/816/735 732/807/727
f 734/809/729 742/818/737 741/817/736 733/808/728
f 735/810/730 743/819/738 742/818/737 734/809/729
f 736/803/724 744/812/732 743/819/738 735/810/730
f 737/811/731 745/820/739 752/821/740 744/812/732
f 738/813/733 746/822/741 745/823/739 737/814/731
f 739/815/734 747/824/742 746/822/741 738/813/733
f 740/816/735 748/825/743 747/824/742 739/815/734
f 741/817/736 749/826/744 748/825/743 740/816/735
f 742/818/737 750/827/745 749/826/744 741/817/736
f 743/819/738 751/828/746 750/827/745 742/818/737
f 744/812/732 752/821/740 751/828/746 743/819/738
f 745/820/739 753/829/747 760/830/748 752/821/740
f 746/822/741 754/831/749 753/832/747 745/823/739
f 747/824/742 755/833/750 754/831/749 746/822/741
f 748/825/743 756/834/751 755/833/750 747/824/742
f 749/826/744 757/835/752 756/834/751 748/825/743
f 750/827/745 758/836/753 757/835/752 749/826/744
f 751/828/746 759/837/754 758/836/753 750/827/745
f 752/821/740 760/830/748 759/837/754 751/828/746
f 753/829/747 761/838/755 768/839/756 760/830/748
f 754/831/749 762/840/757 761/841/755 753/832/747
f 755/833/750 763/842/758 762/840/757 754/831/749
f 756/834/751 764/843/759 763/842/758 755/833/750
f 757/835/752 765/844/760 764/843/759 756/834/751
f 758/836/753 766/845/761 765/844/760 757/835/752
f 759/837/754 767/846/762 766/845/761 758/836/753
f 760/830/748 768/839/756 767/846/762 759/837/754
f 761/838/755 769/847/763 776/848/764 768/839/756
f 762/840/757 770/849/765 769/850/763 761/841/755
f 763/842/758 771/851/766 770/849/765 762/840/757
f 764/843/759 772/852/767 771/851/766 763/842/758
f 765/844/760 773/853/768 772/852/767 764/843/759
f 766/845/761 774/854/769 773/853/768 765/844/760
f 767/846/762 775/855/770 774/854/769 766/845/761
f 768/839/756 776/848/764 775/855/770 767/846/762
f 769/847/763 777/856/771 784/857/772 776/848/764
f 770/849/765 778/858/773 777/859/771 769/850/763
f 771/851/766 779/860/774 778/858/773 770/849/765
f 772/852/767 780/861/775 779/860/774 771/851/766
f 773/853/768 781/862/776 780/861/775 772/852/767
f 774/854/769 782/863/777 781/862/776 773/853/768
f 775/855/770 783/864/778 782/863/777 774/854/769
f 776/848/764 784/857/772 783/864/778 775/855/770
f 777/856/771 785/496/779 792/497/780 784/857/772
f 778/858/773 786/498/781 785/499/779 777/859/771
f 779/860/774 787/500/782 786/498/781 778/858/773
f 780/861/775 788/501/783 787/500/782 779/860/774
f 781/862/776 789/502/784 788/501/783 780/861/775
f 782/863/777 790/503/785 789/502/784 781/862/776
f 783/864/778 791/504/786 790/503/785 782/863/777
f 784/857/772 792/497/780 791/504/786 783/864/778
f 785/496/779 793/865/787 800/866/788 792/497/780
f 786/498/781 794/867/789 793/868/787 785/499/779
f 787/500/782 795/869/790 794/867/789 786/498/781
f 788/501/783 796/870/791 795/869/790 787/500/782
f 789/502/784 797/871/792 796/870/791 788/501/783
f 790/503/785 798/872/793 797/871/792 789/502/784
f 791/504/786 799/873/794 798/872/793 790/503/785
f 792/497/780 800/866/788 799/873/794 791/504/786
f 793/865/787 801/874/795 808/875/796 800/866/788
f 794/867/789 802/876/797 801/877/795 793/868/787
f 795/869/790 803/878/798 802/876/797 794/867/789
f 796/870/791 804/879/799 803/878/798 795/869/790
f 797/871/792 805/880/800 804/879/799 796/870/791
f 798/872/793 806/881/801 805/880/800 797/871/792
f 799/873/794 807/882/802 806/881/801 798/872/793
f 800/866/788 808/875/796 807/882/802 799/873/794
f 801/874/795 809/883/803 816/884/804 808/875/796
f 802/876/797 810/885/805 809/886/803 801/877/795
f 803/878/798 811/887/806 810/885/805 802/876/797
f 804/879/799 812/888/807 811/887/806 803/878/798
f 805/880/800 813/889/808 812/888/807 804/879/799
f 806/881/801 814/890/809 813/889/808 805/880/800
f 807/882/802 815/891/810 814/890/809 806/881/801
f 808/875/796 816/884/804 815/891/810 807/882/802
f 809/883/803 817/892/811 824/893/812 816/884/804
f 810/885/805 818/894/813 817/895/811 809/886/803
f 811/887/806 819/896/814 818/894/813 810/885/805
f 812/888/807 820/897/815 819/896/814 811/887/806
f 813/889/808 821/898/816 820/897/815 812/888/807
f 814/890/809 822/899/817 821/898/816 813/889/808
f 815/891/810 823/900/818 822/899/817 814/890/809
f 816/884/804 824/893/812 823/900/818 815/891/810
f 817/892/811 825/901/819 832/902/820 824/893/812
f 818/894/813 826/903/821 825/904/819 817/895/811
f 819/896/814 827/905/822 826/903/821 818/894/813
f 820/897/815 828/906/823 827/905/822 819/896/814
f 821/898/816 829/907/824 828/906/823 820/897/815
f 822/899/817 830/908/825 829/907/824 821/898/816
f 823/900/818 831/909/826 830/908/825 822/899/817
f 824/893/812 832/902/820 831/909/826 823/900/818
f 825/901/819 833/910/827 840/911/828 832/902/820
f 826/903/821 834/912/829 833/913/827 825/904/819
f 827/905/822 835/914/830 834/912/829 826/903/821
f 828/906/823 836/915/831 835/914/830 827/905/822
f 829/907/824 837/916/832 836/915/831 828/906/823
f 830/908/825 838/917/833 837/916/832 829/907/824
f 831/909/826 839/918/834 838/917/833 830/908/825
f 832/902/820 840/911/828 839/918/834 831/909/826
f 833/910/827 841/919/835 848/920/836 840/911/828
f 834/912/829 842/921/837 841/922/835 833/913/827
f 835/914/830 843/923/838 842/921/837 834/912/829
f 836/915/831 844/924/839 843/923/838 835/914/830
f 837/916/832 845/925/840 844/924/839 836/915/831
f 838/917/833 846/926/841 845/925/840 837/916/832
f 839/918/834 847/927/842 846/926/841 838/917/833
f 840/911/828 848/920/836 847/927/842 839/918/834
f 841/919/835 849/577/843 856/578/844 848/920/836
f 842/921/837 850/579/845 849/580/843 841/922/835
f 843/923/838 851/581/846 850/579/845 842/921/837
f 844/924/839 852/582/847 851/581/846 843/923/838
f 845/925/840 853/583/848 852/582/847 844/924/839
f 846/926/841 854/584/849 853/583/848 845/925/840
f 847/927/842 855/585/850 854/584/849 846/926/841
f 848/920/836 856/578/844 855/585/850 847/927/842
f 849/577/843 857/928/851 864/929/852 856/578/844
f 850/579/845 858/930/853 857/931/851 849/580/843
f 851/581/846 859/932/854 858/930/853 850/579/845
f 852/582/847 860/933/855 859/932/854 851/581/846
f 853/583/848 861/934/856 860/933/855 852/582/847
f 854/584/849 862/935/857 861/934/856 853/583/848
f 855/585/850 863/936/858 862/935/857 854/584/849
f 856/578/844 864/929/852 863/936/858 855/585/850
f 857/928/851 865/937/859 872/938/860 864/929/852
f 858/930/853 866/939/861 865/940/859 857/931/851
f 859/932/854 867/941/862 866/939/861 858/930/853
f 860/933/855 868/942/863 867/941/862 859/932/854
f 861/934/856 869/943/864 868/942/863 860/933/855
f 862/935/857 870/944/865 869/943/864 861/934/856
f 863/936/858 871/945/866 870/944/865 862/935/857
f 864/929/852 872/938/860 871/945/866 863/936/858
f 865/937/859 873/946/867 880/947/868 872/938/860
f 866/939/861 874/948/869 873/949/867 865/940/859
f 867/941/862 875/950/870 874/948/869 866/939/861
f 868/942/863 876/951/871 875/950/870 867/941/862
f 869/943/864 877/952/872 876/951/871 868/942/863
f 870/944/865 878/953/873 877/952/872 869/943/864
f 871/945/866 879/954/874 878/953/873 870/944/865
f 872/938/860 880/947/868 879/954/874 871/945/866
f 873/946/867 881/955/875 888/956/876 880/947/868
f 874/948/869 882/957/877 881/958/875 873/949/867
f 875/950/870 883/959/878 882/957/877 874/948/869
f 876/951/871 884/960/879 883/959/878 875/950/870
f 877/952/872 885/961/880 884/960/879 876/951/871
f 878/953/873 886/962/881 885/961/880 877/952/872
f 879/954/874 887/963/882 886/962/881 878/953/873
f 880/947/868 888/956/876 887/963/882 879/954/874
f 881/955/875 889/964/883 896/965/884 888/956/876
f 882/957/877 890/966/885 889/967/883 881/958/875
f 883/959/878 891/968/886 890/966/885 882/957/877
f 884/960/879 892/969/887 891/968/886 883/959/878
f 885/961/880 893/970/888 892/969/887 884/960/879
f 886/962/881 894/971/889 893/970/888 885/961/880
f 887/963/882 895/972/890 894/971/889 886/962/881
f 888/956/876 896/965/884 895/972/890 887/963/882
f 889/964/883 897/973/891 904/974/892 896/965/884
f 890/966/885 898/975/893 897/976/891 889/967/883
f 891/968/886 899/977/894 898/975/893 890/966/885
f 892/969/887 900/978/895 899/977/894 891/968/886
f 893/970/888 901/979/896 900/978/895 892/969/887
f 894/971/889 902/980/897 901/979/896 893/970/888
f 895/972/890 903/981/898 902/980/897 894/971/889
f 896/965/884 904/974/892 903/981/898 895/972/890
f 897/973/891 905/982/899 912/983/900 904/974/892
f 898/975/893 906/984/901 905/985/899 897/976/891
f 899/977/894 907/986/902 906/984/901 898/975/893
f 900/978/895 908/987/903 907/986/902 899/977/894
f 901/979/896 909/988/904 908/987/903 900/978/895
f 902/980/897 910/989/905 909/988/904 901/979/896
f 903/981/898 911/990/906 910/989/905 902/980/897
f 904/974/892 912/983/900 911/990/906 903/981/898
f 905/982/899 913/658/907 920/659/908 912/983/900
f 906/984/901 914/660/909 913/661/907 905/985/899
f 907/986/902 915/662/910 914/660/909 906/984/901
f 908/987/903 916/663/911 915/662/910 907/986/902
f 909/988/904 917/664/912 916/663/911 908/987/903
f 910/989/905 918/665/913 917/664/912 909/988/904
f 911/990/906 919/666/914 918/665/913 910/989/905
f 912/983/900 920/659/908 919/666/914 911/990/906
f 913/658/907 921/991/915 928/992/916 920/659/908
f 914/660/909 922/993/917 921/994/915 913/661/907
f 915/662/910 923/995/918 922/993/917 914/660/909
f 916/663/911 924/996/919 923/995/918 915/662/910
f 917/664/912 925/997/920 924/996/919 916/663/911
f 918/665/913 926/998/921 925/997/920 917/664/912
f 919/666/914 927/999/922 926/998/921 918/665/913
f 920/659/908 928/992/916 927/999/922 919/666/914
f 921/991/915 929/1000/923 936/1001/924 928/992/916
f 922/993/917 930/1002/925 929/1003/923 921/994/915
f 923/995/918 931/1004/926 930/1002/925 922/993/917
f 924/996/919 932/1005/927 931/1004/926 923/995/918
f 925/997/920 933/1006/928 932/1005/927 924/996/919
f 926/998/921 934/1007/929 933/1006/928 925/997/920
f 927/999/922 935/1008/930 934/1007/929 926/998/921
f 928/992/916 936/1001/924 935/1008/930 927/999/922
f 929/1000/923 937/1009/931 944/1010/932 936/1001/924
f 930/1002/925 938/1011/933 937/1012/931 929/1003/923
f 931/1004/926 939/1013/934 938/1011/933 930/1002/925
f 932/1005/927 940/1014/263 939/1013/934 931/1004/926
f 933/1006/928 941/1015/935 940/1014/263 932/1005/927
f 934/1007/929 942/1016/936 941/1015/935 933/1006/928
f 935/1008/930 943/1017/937 942/1016/936 934/1007/929
f 936/1001/924 944/1010/932 943/1017/937 935/1008/930
f 937/1009/931 945/1018/938 952/1019/939 944/1010/932
f 938/1011/933 946/1020/940 945/1021/938 937/1012/931
f 939/1013/934 947/1022/941 946/1020/940 938/1011/933
f 940/1014/263 948/1023/942 947/1022/941 939/1013/934
f 941/1015/935 949/1024/943 948/1023/942 940/1014/263
f 942/1016/936 950/1025/944 949/1024/943 941/1015/935
f 943/1017/937 951/1026/945 950/1025/944 942/1016/936
f 944/1010/932 952/1019/939 951/1026/945 943/1017/937
f 945/1018/938 953/1027/946 960/1028/947 952/1019/939
f 946/1020/940 954/1029/948 953/1030/946 945/1021/938
f 947/1022/941 955/1031/949 954/1029/948 946/1020/940
f 948/1023/942 956/1032/950 955/1031/949 947/1022/941
f 949/1024/943 957/1033/951 956/1032/950 948/1023/942
f 950/1025/944 958/1034/952 957/1033/951 949/1024/943
f 951/1026/945 959/1035/953 958/1034/952 950/1025/944
f 952/1019/939 960/1028/947 959/1035/953 951/1026/945
f 953/1027/946 961/1036/954 968/1037/955 960/1028/947
f 954/1029/948 962/1038/956 961/1039/954 953/1030/946
f 955/1031/949 963/1040/957 962/1038/956 954/1029/948
f 956/1032/950 964/1041/958 963/1040/957 955/1031/949
f 957/1033/951 965/1042/959 964/1041/958 956/1032/950
f 958/1034/952 966/1043/960 965/1042/959 957/1033/951
f 959/1035/953 967/1044/961 966/1043/960 958/1034/952
f 960/1028/947 968/1037/955 967/1044/961 959/1035/953
f 961/1036/954 969/1045/962 976/1046/963 968/1037/955
f 962/1038/956 970/1047/964 969/1048/962 961/1039/954
f 963/1040/957 971/1049/965 970/1047/964 962/1038/956
f 964/1041/958 972/1050/966 971/1049/965 963/1040/957
f 965/1042/959 973/1051/967 972/1050/966 964/1041/958
f 966/1043/960 974/1052/968 973/1051/967 965/1042/959
f 967/1044/961 975/1053/969 974/1052/968 966/1043/960
f 968/1037/955 976/1046/963 975/1053/969 967/1044/961
f 969/1045/962 657/334/651 664/335/654 976/1046/963
f 970/1047/964 658/336/655 657/337/651 969/1048/962
f 971/1049/965 659/338/657 658/336/655 970/1047/964
f 972/1050/966 660/339/659 659/338/657 971/1049/965
f 973/1051/967 661/340/661 660/339/659 972/1050/966
f 974/1052/968 662/341/663 661/340/661 973/1051/967
f 975/1053/969 663/342/665 662/341/663 974/1052/968
f 976/1046/963 664/335/654 663/342/665 975/1053/969
f 977/1/970 985/1054/971 992/1055/972 984/4/973
f 978/5/974 986/1056/975 985/1057/971 977/8/970
f 979/9/976 987/1058/977 986/1056/975 978/5/974
f 980/11/978 988/1059/979 987/1058/977 979/9/976
f 981/13/980 989/1060/981 988/1059/979 980/11/978
f 982/15/982 990/1061/983 989/1060/981 981/13/980
f 983/17/984 991/1062/985 990/1061/983 982/15/982
f 984/4/973 992/1055/972 991/1062/985 983/17/984
f 985/1054/971 993/1063/986 1000/1064/987 992/1055/972
f 986/1056/975 994/1065/988 993/1066/986 985/1057/971
f 987/1058/977 995/1067/989 994/1065/988 986/1056/975
f 988/1059/979 996/1068/990 995/1067/989 987/1058/977
f 989/1060/981 997/1069/991 996/1068/990 988/1059/979
f 990/1061/983 998/1070/992 997/1069/991 989/1060/981
f 991/1062/985 999/1071/993 998/1070/992 990/1061/983
f 992/1055/972 1000/1064/987 999/1071/993 991/1062/985
f 993/1063/986 1001/1072/994 1008/1073/995 1000/1064/987
f 994/1065/988 1002/1074/996 1001/1075/994 993/1066/986
f 995/1067/989 1003/1076/997 1002/1074/996 994/1065/988
f 996/1068/990 1004/1077/998 1003/1076/997 995/1067/989
f 997/1069/991 1005/1078/999 1004/1077/998 996/1068/990
f 998/1070/992 1006/1079/1000 1005/1078/999 997/1069/991
f 999/1071/993 1007/1080/1001 1006/1079/1000 998/1070/992
f 1000/1064/987 1008/1073/995 1007/1080/1001 999/1071/993
f 1001/1072/994 1009/1081/1 1016/1082/4 1008/1073/995
f 1002/1074/996 1010/1083/5 1009/1084/1 1001/1075/994
f 1003/1076/997 1011/1085/7 1010/1083/5 1002/1074/996
f 1004/1077/998 1012/1086/9 1011/1085/7 1003/1076/997
f 1005/1078/999 1013/1087/11 1012/1086/9 1004/1077/998
f 1006/1079/1000 1014/1088/13 1013/1087/11 1005/1078/999
f 1007/1080/1001 1015/1089/15 1014/1088/13 1006/1079/1000
f 1008/1073/995 1016/1082/4 1015/1089/15 1007/1080/1001
f 1009/1081/1 1017/1090/219 1024/1091/220 1016/1082/4
f 1010/1083/5 1018/1092/221 1017/1093/219 1009/1084/1
f 1011/1085/7 1019/1094/222 1018/1092/221 1010/1083/5
f 1012/1086/9 1020/1095/223 1019/1094/222 1011/1085/7
f 1013/1087/11 1021/1096/224 1020/1095/223 1012/1086/9
f 1014/1088/13 1022/1097/225 1021/1096/224 1013/1087/11
f 1015/1089/15 1023/1098/226 1022/1097/225 1014/1088/13
f 1016/1082/4 1024/1091/220 1023/1098/226 1015/1089/15
f 1017/1090/219 1025/1099/1002 1032/1100/1003 1024/1091/220
f 1018/1092/221 1026/1101/1004 1025/1102/1002 1017/1093/219
f 1019/1094/222 1027/1103/1005 1026/1101/1004 1018/1092/221
f 1020/1095/223 1028/1104/1006 1027/1103/1005 1019/1094/222
f 1021/1096/224 1029/1105/1007 1028/1104/1006 1020/1095/223
f 1022/1097/225 1030/1106/1008 1029/1105/1007 1021/1096/224
f 1023/1098/226 1031/1107/1009 1030/1106/1008 1022/1097/225
f 1024/1091/220 1032/1100/1003 1031/1107/1009 1023/1098/226
f 1025/1099/1002 1033/811/1010 1040/812/1011 1032/1100/1003
f 1026/1101/1004 1034/813/1012 1033/814/1010 1025/1102/1002
f 1027/1103/1005 1035/815/1013 1034/813/1012 1026/1101/1004
f 1028/1104/1006 1036/816/1014 1035/815/1013 1027/1103/1005
f 1029/1105/1007 1037/817/1015 1036/816/1014 1028/1104/1006
f 1030/1106/1008 1038/818/1016 1037/817/1015 1029/1105/1007
f 1031/1107/1009 1039/819/1017 1038/818/1016 1030/1106/1008
f 1032/1100/1003 1040/812/1011 1039/819/1017 1031/1107/1009
f 1033/811/1010 1041/1108/1018 1048/1109/1019 1040/812/1011
f 1034/813/1012 1042/1110/1020 1041/1111/1018 1033/814/1010
f 1035/815/1013 1043/1112/1021 1042/1110/1020 1034/813/1012
f 1036/816/1014 1044/1113/1022 1043/1112/1021 1035/815/1013
f 1037/817/1015 1045/1114/1023 1044/1113/1022 1036/816/1014
f 1038/818/1016 1046/1115/1024 1045/1114/1023 1037/817/1015
f 1039/819/1017 1047/1116/1025 1046/1115/1024 1038/818/1016
f 1040/812/1011 1048/1109/1019 1047/1116/1025 1039/819/1017
f 1041/1108/1018 1049/1117/1026 1056/1118/1027 1048/1109/1019
f 1042/1110/1020 1050/1119/1028 1049/1120/1026 1041/1111/1018
f 1043/1112/1021 1051/1121/1029 1050/1119/1028 1042/1110/1020
f 1044/1113/1022 1052/1122/1030 1051/1121/1029 1043/1112/1021
f 1045/1114/1023 1053/1123/1031 1052/1122/1030 1044/1113/1022
f 1046/1115/1024 1054/1124/1032 1053/1123/1031 1045/1114/1023
f 1047/1116/1025 1055/1125/1033 1054/1124/1032 1046/1115/1024
f 1048/1109/1019 1056/1118/1027 1055/1125/1033 1047/1116/1025
f 1049/1117/1026 1057/1126/1034 1064/1127/1035 1056/1118/1027
f 1050/1119/1028 1058/1128/1036 1057/1129/1034 1049/1120/1026
f 1051/1121/1029 1059/1130/1037 1058/1128/1036 1050/1119/1028
f 1052/1122/1030 1060/1131/1038 1059/1130/1037 1051/1121/1029
f 1053/1123/1031 1061/1132/1039 1060/1131/1038 1052/1122/1030
f 1054/1124/1032 1062/1133/1040 1061/1132/1039 1053/1123/1031
f 1055/1125/1033 1063/1134/1041 1062/1133/1040 1054/1124/1032
f 1056/1118/1027 1064/1127/1035 1063/1134/1041 1055/1125/1033
f 1057/1126/1034 1065/1135/1042 1072/1136/1043 1064/1127/1035
f 1058/1128/1036 1066/1137/1044 1065/1138/1042 1057/1129/1034
f 1059/1130/1037 1067/1139/1045 1066/1137/1044 1058/1128/1036
f 1060/1131/1038 1068/1140/1046 1067/1139/1045 1059/1130/1037
f 1061/1132/1039 1069/1141/1047 1068/1140/1046 1060/1131/1038
f 1062/1133/1040 1070/1142/1048 1069/1141/1047 1061/1132/1039
f 1063/1134/1041 1071/1143/1049 1070/1142/1048 1062/1133/1040
f 1064/1127/1035 1072/1136/1043 1071/1143/1049 1063/1134/1041
f 1065/1135/1042 1073/1144/1050 1080/1145/1051 1072/1136/1043
f 1066/1137/1044 1074/1146/1052 1073/1147/1050 1065/1138/1042
f 1067/1139/1045 1075/1148/1053 1074/1146/1052 1066/1137/1044
f 1068/1140/1046 1076/1149/1054 1075/1148/1053 1067/1139/1045
f 1069/1141/1047 1077/1150/1055 1076/1149/1054 1068/1140/1046
f 1070/1142/1048 1078/1151/1056 1077/1150/1055 1069/1141/1047
f 1071/1143/1049 1079/1152/1057 1078/1151/1056 1070/1142/1048
f 1072/1136/1043 1080/1145/1051 1079/1152/1057 1071/1143/1049
f 1073/1144/1050 1081/1153/1058 1088/1154/1059 1080/1145/1051
f 1074/1146/1052 1082/1155/1060 1081/1156/1058 1073/1147/1050
f 1075/1148/1053 1083/1157/1061 1082/1155/1060 1074/1146/1052
f 1076/1149/1054 1084/1158/1062 1083/1157/1061 1075/1148/1053
f 1077/1150/1055 1085/1159/1063 1084/1158/1062 1076/1149/1054
f 1078/1151/1056 1086/1160/1064 1085/1159/1063 1077/1150/1055
f 1079/1152/1057 1087/1161/1065 1086/1160/1064 1078/1151/1056
f 1080/1145/1051 1088/1154/1059 1087/1161/1065 1079/1152/1057
f 1081/1153/1058 1089/892/1066 1096/893/1067 1088/1154/1059
f 1082/1155/1060 1090/894/1068 1089/895/1066 1081/1156/1058
f 1083/1157/1061 1091/896/1069 1090/894/1068 1082/1155/1060
f 1084/1158/1062 1092/897/1070 1091/896/1069 1083/1157/1061
f 1085/1159/1063 1093/898/1071 1092/897/1070 1084/1158/1062
f 1086/1160/1064 1094/899/1072 1093/898/1071 1085/1159/1063
f 1087/1161/1065 1095/900/1073 1094/899/1072 1086/1160/1064
f 1088/1154/1059 1096/893/1067 1095/900/1073 1087/1161/1065
f 1089/892/1066 1097/1162/1074 1104/1163/1075 1096/893/1067
f 1090/894/1068 1098/1164/1076 1097/1165/1074 1089/895/1066
f 1091/896/1069 1099/1166/1077 1098/1164/1076 1090/894/1068
f 1092/897/1070 1100/1167/1078 1099/1166/1077 1091/896/1069
f 1093/898/1071 1101/1168/1079 1100/1167/1078 1092/897/1070
f 1094/899/1072 1102/1169/1080 1101/1168/1079 1093/898/1071
f 1095/900/1073 1103/1170/1081 1102/1169/1080 1094/899/1072
f 1096/893/1067 1104/1163/1075 1103/1170/1081 1095/900/1073
f 1097/1162/1074 1105/1171/1082 1112/1172/1083 1104/1163/1075
f 1098/1164/1076 1106/1173/1084 1105/1174/1082 1097/1165/1074
f 1099/1166/1077 1107/1175/1085 1106/1173/1084 1098/1164/1076
f 1100/1167/1078 1108/1176/1086 1107/1175/1085 1099/1166/1077
f 1101/1168/1079 1109/1177/1087 1108/1176/1086 1100/1167/1078
f 1102/1169/1080 1110/1178/1088 1109/1177/1087 1101/1168/1079
f 1103/1170/1081 1111/1179/1089 1110/1178/1088 1102/1169/1080
f 1104/1163/1075 1112/1172/1083 1111/1179/1089 1103/1170/1081
f 1105/1171/1082 1113/1180/1090 1120/1181/1091 1112/1172/1083
f 1106/1173/1084 1114/1182/1092 1113/1183/1090 1105/1174/1082
f 1107/1175/1085 1115/1184/1093 1114/1182/1092 1106/1173/1084
f 1108/1176/1086 1116/1185/1094 1115/1184/1093 1107/1175/1085
f 1109/1177/1087 1117/1186/1095 1116/1185/1094 1108/1176/1086
f 1110/1178/1088 1118/1187/1096 1117/1186/1095 1109/1177/1087
f 1111/1179/1089 1119/1188/1097 1118/1187/1096 1110/1178/1088
f 1112/1172/1083 1120/1181/1091 1119/1188/1097 1111/1179/1089
f 1113/1180/1090 1121/1189/1098 1128/1190/1099 1120/1181/1091
f 1114/1182/1092 1122/1191/1100 1121/1192/1098 1113/1183/1090
f 1115/1184/1093 1123/1193/1101 1122/1191/1100 1114/1182/1092
f 1116/1185/1094 1124/1194/1102 1123/1193/1101 1115/1184/1093
f 1117/1186/1095 1125/1195/1103 1124/1194/1102 1116/1185/1094
f 1118/1187/1096 1126/1196/1104 1125/1195/1103 1117/1186/1095
f 1119/1188/1097 1127/1197/1105 1126/1196/1104 1118/1187/1096
f 1120/1181/1091 1128/1190/1099 1127/1197/1105 1119/1188/1097
f 1121/1189/1098 1129/1198/1106 1136/1199/1107 1128/1190/1099
f 1122/1191/1100 1130/1200/1108 1129/1201/1106 1121/1192/1098
f 1123/1193/1101 1131/1202/1109 1130/1200/1108 1122/1191/1100
f 1124/1194/1102 1132/1203/1110 1131/1202/1109 1123/1193/1101
f 1125/1195/1103 1133/1204/1111 1132/1203/1110 1124/1194/1102
f 1126/1196/1104 1134/1205/1112 1133/1204/1111 1125/1195/1103
f 1127/1197/1105 1135/1206/1113 1134/1205/1112 1126/1196/1104
f 1128/1190/1099 1136/1199/1107 1135/1206/1113 1127/1197/1105
f 1129/1198/1106 1137/1207/1114 1144/1208/1115 1136/1199/1107
f 1130/1200/1108 1138/1209/1116 1137/1210/1114 1129/1201/1106
f 1131/1202/1109 1139/1211/1117 1138/1209/1116 1130/1200/1108
f 1132/1203/1110 1140/1212/1118 1139/1211/1117 1131/1202/1109
f 1133/1204/1111 1141/1213/1119 1140/1212/1118 1132/1203/1110
f 1134/1205/1112 1142/1214/1120 1141/1213/1119 1133/1204/1111
f 1135/1206/1113 1143/1215/1121 1142/1214/1120 1134/1205/1112
f 1136/1199/1107 1144/1208/1115 1143/1215/1121 1135/1206/1113
f 1137/1207/1114 1145/973/1122 1152/974/1123 1144/1208/1115
f 1138/1209/1116 1146/975/1124 1145/976/1122 1137/1210/1114
f 1139/1211/1117 1147/977/1125 1146/975/1124 1138/1209/1116
f 1140/1212/1118 1148/978/1126 1147/977/1125 1139/1211/1117
f 1141/1213/1119 1149/979/1127 1148/978/1126 1140/1212/1118
f 1142/1214/1120 1150/980/1128 1149/979/1127 1141/1213/1119
f 1143/1215/1121 1151/981/1129 1150/980/1128 1142/1214/1120
f 1144/1208/1115 1152/974/1123 1151/981/1129 1143/1215/1121
f 1145/973/1122 1153/1216/1130 1160/1217/1131 1152/974/1123
f 1146/975/1124 1154/1218/1132 1153/1219/1130 1145/976/1122
f 1147/977/1125 1155/1220/1133 1154/1218/1132 1146/975/1124
f 1148/978/1126 1156/1221/1134 1155/1220/1133 1147/977/1125
f 1149/979/1127 1157/1222/1135 1156/1221/1134 1148/978/1126
f 1150/980/1128 1158/1223/1136 1157/1222/1135 1149/979/1127
f 1151/981/1129 1159/1224/1137 1158/1223/1136 1150/980/1128
f 1152/974/1123 1160/1217/1131 1159/1224/1137 1151/981/1129
f 1153/1216/1130 1161/1225/1138 1168/1226/1139 1160/1217/1131
f 1154/1218/1132 1162/1227/1140 1161/1228/1138 1153/1219/1130
f 1155/1220/1133 1163/1229/1141 1162/1227/1140 1154/1218/1132
f 1156/1221/1134 1164/1230/1142 1163/1229/1141 1155/1220/1133
f 1157/1222/1135 1165/1231/1143 1164/1230/1142 1156/1221/1134
f 1158/1223/1136 1166/1232/1144 1165/1231/1143 1157/1222/1135
f 1159/1224/1137 1167/1233/1145 1166/1232/1144 1158/1223/1136
f 1160/1217/1131 1168/1226/1139 1167/1233/1145 1159/1224/1137
f 1161/1225/1138 1169/1234/1146 1176/1235/1147 1168/1226/1139
f 1162/1227/1140 1170/1236/1148 1169/1237/1146 1161/1228/1138
f 1163/1229/1141 1171/1238/1149 1170/1236/1148 1162/1227/1140
f 1164/1230/1142 1172/1239/1150 1171/1238/1149 1163/1229/1141
f 1165/1231/1143 1173/1240/1151 1172/1239/1150 1164/1230/1142
f 1166/1232/1144 1174/1241/1152 1173/1240/1151 1165/1231/1143
f 1167/1233/1145 1175/1242/1153 1174/1241/1152 1166/1232/1144
f 1168/1226/1139 1176/1235/1147 1175/1242/1153 1167/1233/1145
f 1169/1234/1146 1177/1243/1154 1184/1244/1155 1176/1235/1147
f 1170/1236/1148 1178/1245/1156 1177/1246/1154 1169/1237/1146
f 1171/1238/1149 1179/1247/1157 1178/1245/1156 1170/1236/1148
f 1172/1239/1150 1180/1248/1158 1179/1247/1157 1171/1238/1149
f 1173/1240/1151 1181/1249/1159 1180/1248/1158 1172/1239/1150
f 1174/1241/1152 1182/1250/1160 1181/1249/1159 1173/1240/1151
f 1175/1242/1153 1183/1251/1161 1182/1250/1160 1174/1241/1152
f 1176/1235/1147 1184/1244/1155 1183/1251/1161 1175/1242/1153
f 1177/1243/1154 1185/1252/1162 1192/1253/1163 1184/1244/1155
f 1178/1245/1156 1186/1254/1164 1185/1255/1162 1177/1246/1154
f 1179/1247/1157 1187/1256/1165 1186/1254/1164 1178/1245/1156
f 1180/1248/1158 1188/1257/1166 1187/1256/1165 1179/1247/1157
f 1181/1249/1159 1189/1258/1167 1188/1257/1166 1180/1248/1158
f 1182/1250/1160 1190/1259/1168 1189/1258/1167 1181/1249/1159
f 1183/1251/1161 1191/1260/1169 1190/1259/1168 1182/1250/1160
f 1184/1244/1155 1192/1253/1163 1191/1260/1169 1183/1251/1161
f 1185/1252/1162 1193/1261/1170 1200/1262/1171 1192/1253/1163
f 1186/1254/1164 1194/1263/1172 1193/1264/1170 1185/1255/1162
f 1187/1256/1165 1195/1265/1173 1194/1263/1172 1186/1254/1164
f 1188/1257/1166 1196/1266/1174 1195/1265/1173 1187/1256/1165
f 1189/1258/1167 1197/1267/1175 1196/1266/1174 1188/1257/1166
f 1190/1259/1168 1198/1268/1176 1197/1267/1175 1189/1258/1167
f 1191/1260/1169 1199/1269/1177 1198/1268/1176 1190/1259/1168
f 1192/1253/1163 1200/1262/1171 1199/1269/1177 1191/1260/1169
f 1193/1261/1170 977/334/970 984/335/973 1200/1262/1171
f 1194/1263/1172 978/336/974 977/337/970 1193/1264/1170
f 1195/1265/1173 979/338/976 978/336/974 1194/1263/1172
f 1196/1266/1174 980/339/978 979/338/976 1195/1265/1173
f 1197/1267/1175 981/340/980 980/339/978 1196/1266/1174
f 1198/1268/1176 982/341/982 981/340/980 1197/1267/1175
f 1199/1269/1177 983/342/984 982/341/982 1198/1268/1176
f 1200/1262/1171 984/335/973 983/342/984 1199/1269/1177
f 1201/1/1178 1209/1270/1179 1216/1271/1180 1208/4/1181
f 1202/5/1182 1210/1272/1183 1209/1273/1179 1201/8/1178
f 1203/9/1184 1211/1274/1185 1210/1272/1183 1202/5/1182
f 1204/11/1186 1212/1275/1187 1211/1274/1185 1203/9/1184
f 1205/13/1188 1213/1276/1189 1212/1275/1187 1204/11/1186
f 1206/15/1190 1214/1277/1191 1213/1276/1189 1205/13/1188
f 1207/17/1192 1215/1278/1193 1214/1277/1191 1206/15/1190
f 1208/4/1181 1216/1271/1180 1215/1278/1193 1207/17/1192
f 1209/1270/1179 1217/379/1194 1224/380/1195 1216/1271/1180
f 1210/1272/1183 1218/381/1196 1217/382/1194 1209/1273/1179
f 1211/1274/1185 1219/383/1197 1218/381/1196 1210/1272/1183
f 1212/1275/1187 1220/384/1198 1219/383/1197 1211/1274/1185
f 1213/1276/1189 1221/385/1199 1220/384/1198 1212/1275/1187
f 1214/1277/1191 1222/386/1200 1221/385/1199 1213/1276/1189
f 1215/1278/1193 1223/387/1201 1222/386/1200 1214/1277/1191
f 1216/1271/1180 1224/380/1195 1223/387/1201 1215/1278/1193
f 1217/379/1194 1225/1279/1202 1232/1280/1203 1224/380/1195
f 1218/381/1196 1226/1281/1204 1225/1282/1202 1217/382/1194
f 1219/383/1197 1227/1283/1205 1226/1281/1204 1218/381/1196
f 1220/384/1198 1228/1284/1206 1227/1283/1205 1219/383/1197
f 1221/385/1199 1229/1285/1207 1228/1284/1206 1220/384/1198
f 1222/386/1200 1230/1286/1208 1229/1285/1207 1221/385/1199
f 1223/387/1201 1231/1287/1209 1230/1286/1208 1222/386/1200
f 1224/380/1195 1232/1280/1203 1231/1287/1209 1223/387/1201
f 1225/1279/1202 1233/424/1210 1240/425/1211 1232/1280/1203
f 1226/1281/1204 1234/426/1212 1233/427/1210 1225/1282/1202
f 1227/1283/1205 1235/428/1213 1234/426/1212 1226/1281/1204
f 1228/1284/1206 1236/429/1214 1235/428/1213 1227/1283/1205
f 1229/1285/1207 1237/430/1215 1236/429/1214 1228/1284/1206
f 1230/1286/1208 1238/431/1216 1237/430/1215 1229/1285/1207
f 1231/1287/1209 1239/432/1217 1238/431/1216 1230/1286/1208
f 1232/1280/1203 1240/425/1211 1239/432/1217 1231/1287/1209
f 1233/424/1210 1241/1288/1218 1248/1289/1219 1240/425/1211
f 1234/426/1212 1242/1290/1220 1241/1291/1218 1233/427/1210
f 1235/428/1213 1243/1292/1221 1242/1290/1220 1234/426/1212
f 1236/429/1214 1244/1293/1222 1243/1292/1221 1235/428/1213
f 1237/430/1215 1245/1294/1223 1244/1293/1222 1236/429/1214
f 1238/431/1216 1246/1295/1224 1245/1294/1223 1237/430/1215
f 1239/432/1217 1247/1296/1225 1246/1295/1224 1238/431/1216
f 1240/425/1211 1248/1289/1219 1247/1296/1225 1239/432/1217
f 1241/1288/1218 1249/469/1226 1256/470/1227 1248/1289/1219
f 1242/1290/1220 1250/471/1228 1249/472/1226 1241/1291/1218
f 1243/1292/1221 1251/473/1229 1250/471/1228 1242/1290/1220
f 1244/1293/1222 1252/474/1230 1251/473/1229 1243/1292/1221
f 1245/1294/1223 1253/475/1231 1252/474/1230 1244/1293/1222
f 1246/1295/1224 1254/476/1232 1253/475/1231 1245/1294/1223
f 1247/1296/1225 1255/477/1233 1254/476/1232 1246/1295/1224
f 1248/1289/1219 1256/470/1227 1255/477/1233 1247/1296/1225
f 1249/469/1226 1257/1297/1234 1264/1298/1235 1256/470/1227
f 1250/471/1228 1258/1299/1236 1257/1300/1234 1249/472/1226
f 1251/473/1229 1259/1301/1237 1258/1299/1236 1250/471/1228
f 1252/474/1230 1260/1302/1238 1259/1301/1237 1251/473/1229
f 1253/475/1231 1261/1303/1239 1260/1302/1238 1252/474/1230
f 1254/476/1232 1262/1304/1240 1261/1303/1239 1253/475/1231
f 1255/477/1233 1263/1305/1241 1262/1304/1240 1254/476/1232
f 1256/470/1227 1264/1298/1235 1263/1305/1241 1255/477/1233
f 1257/1297/1234 1265/514/1242 1272/515/1243 1264/1298/1235
f 1258/1299/1236 1266/516/1244 1265/517/1242 1257/1300/1234
f 1259/1301/1237 1267/518/1245 1266/516/1244 1258/1299/1236
f 1260/1302/1238 1268/519/1246 1267/518/1245 1259/1301/1237
f 1261/1303/1239 1269/520/1247 1268/519/1246 1260/1302/1238
f 1262/1304/1240 1270/521/1248 1269/520/1247 1261/1303/1239
f 1263/1305/1241 1271/522/1249 1270/521/1248 1262/1304/1240
f 1264/1298/1235 1272/515/1243 1271/522/1249 1263/1305/1241
f 1265/514/1242 1273/892/1250 1280/893/1251 1272/515/1243
f 1266/516/1244 1274/894/1252 1273/895/1250 1265/517/1242
f 1267/518/1245 1275/896/1253 1274/894/1252 1266/516/1244
f 1268/519/1246 1276/897/1254 1275/896/1253 1267/518/1245
f 1269/520/1247 1277/898/1255 1276/897/1254 1268/519/1246
f 1270/521/1248 1278/899/1256 1277/898/1255 1269/520/1247
f 1271/522/1249 1279/900/1257 1278/899/1256 1270/521/1248
f 1272/515/1243 1280/893/1251 1279/900/1257 1271/522/1249
f 1273/892/1250 1281/559/1258 1288/560/1259 1280/893/1251
f 1274/894/1252 1282/561/1260 1281/562/1258 1273/895/1250
f 1275/896/1253 1283/563/1261 1282/561/1260 1274/894/1252
f 1276/897/1254 1284/564/1262 1283/563/1261 1275/896/1253
f 1277/898/1255 1285/565/1263 1284/564/1262 1276/897/1254
f 1278/899/1256 1286/566/1264 1285/565/1263 1277/898/1255
f 1279/900/1257 1287/567/1265 1286/566/1264 1278/899/1256
f 1280/893/1251 1288/560/1259 1287/567/1265 1279/900/1257
f 1281/559/1258 1289/1306/1266 1296/1307/1267 1288/560/1259
f 1282/561/1260 1290/1308/1268 1289/1309/1266 1281/562/1258
f 1283/563/1261 1291/1310/1269 1290/1308/1268 1282/561/1260
f 1284/564/1262 1292/1311/1270 1291/1310/1269 1283/563/1261
f 1285/565/1263 1293/1312/1271 1292/1311/1270 1284/564/1262
f 1286/566/1264 1294/1313/1272 1293/1312/1271 1285/565/1263
f 1287/567/1265 1295/1314/1273 1294/1313/1272 1286/566/1264
f 1288/560/1259 1296/1307/1267 1295/1314/1273 1287/567/1265
f 1289/1306/1266 1297/604/1274 1304/605/1275 1296/1307/1267
f 1290/1308/1268 1298/606/1276 1297/607/1274 1289/1309/1266
f 1291/1310/1269 1299/608/1277 1298/606/1276 1290/1308/1268
f 1292/1311/1270 1300/609/1278 1299/608/1277 1291/1310/1269
f 1293/1312/1271 1301/610/1279 1300/609/1278 1292/1311/1270
f 1294/1313/1272 1302/611/1280 1301/610/1279 1293/1312/1271
f 1295/1314/1273 1303/612/1281 1302/611/1280 1294/1313/1272
f 1296/1307/1267 1304/605/1275 1303/612/1281 1295/1314/1273
f 1297/604/1274 1305/1315/1282 1312/1316/1283 1304/605/1275
f 1298/606/1276 1306/1317/1284 1305/1318/1282 1297/607/1274
f 1299/608/1277 1307/1319/1285 1306/1317/1284 1298/606/1276
f 1300/609/1278 1308/1320/1286 1307/1319/1285 1299/608/1277
f 1301/610/1279 1309/1321/1287 1308/1320/1286 1300/609/1278
f 1302/611/1280 1310/1322/1288 1309/1321/1287 1301/610/1279
f 1303/612/1281 1311/1323/1289 1310/1322/1288 1302/611/1280
f 1304/605/1275 1312/1316/1283 1311/1323/1289 1303/612/1281
f 1305/1315/1282 1313/649/1290 1320/650/1291 1312/1316/1283
f 1306/1317/1284 1314/651/1292 1313/652/1290 1305/1318/1282
f 1307/1319/1285 1315/653/1293 1314/651/1292 1306/1317/1284
f 1308/1320/1286 1316/654/1294 1315/653/1293 1307/1319/1285
f 1309/1321/1287 1317/655/1295 1316/654/1294 1308/1320/1286
f 1310/1322/1288 1318/656/1296 1317/655/1295 1309/1321/1287
f 1311/1323/1289 1319/657/1297 1318/656/1296 1310/1322/1288
f 1312/1316/1283 1320/650/1291 1319/657/1297 1311/1323/1289
f 1313/649/1290 1321/1324/1298 1328/1325/1299 1320/650/1291
f 1314/651/1292 1322/1326/1300 1321/1327/1298 1313/652/1290
f 1315/653/1293 1323/1328/1301 1322/1326/1300 1314/651/1292
f 1316/654/1294 1324/1329/1302 1323/1328/1301 1315/653/1293
f 1317/655/1295 1325/1330/1303 1324/1329/1302 1316/654/1294
f 1318/656/1296 1326/1331/1304 1325/1330/1303 1317/655/1295
f 1319/657/1297 1327/1332/1305 1326/1331/1304 1318/656/1296
f 1320/650/1291 1328/1325/1299 1327/1332/1305 1319/657/1297
f 1321/1324/1298 1329/694/1306 1336/695/1307 1328/1325/1299
f 1322/1326/1300 1330/696/1308 1329/697/1306 1321/1327/1298
f 1323/1328/1301 1331/698/1309 1330/696/1308 1322/1326/1300
f 1324/1329/1302 1332/699/1310 1331/698/1309 1323/1328/1301
f 1325/1330/1303 1333/700/1311 1332/699/1310 1324/1329/1302
f 1326/1331/1304 1334/701/1312 1333/700/1311 1325/1330/1303
f 1327/1332/1305 1335/702/1313 1334/701/1312 1326/1331/1304
f 1328/1325/1299 1336/695/1307 1335/702/1313 1327/1332/1305
f 1329/694/1306 1337/1333/1314 1344/1334/1315 1336/695/1307
f 1330/696/1308 1338/1335/1316 1337/1336/1314 1329/697/1306
f 1331/698/1309 1339/1337/1317 1338/1335/1316 1330/696/1308
f 1332/699/1310 1340/1338/1318 1339/1337/1317 1331/698/1309
f 1333/700/1311 1341/1339/1319 1340/1338/1318 1332/699/1310
f 1334/701/1312 1342/1340/1320 1341/1339/1319 1333/700/1311
f 1335/702/1313 1343/1341/1321 1342/1340/1320 1334/701/1312
f 1336/695/1307 1344/1334/1315 1343/1341/1321 1335/702/1313
f 1337/1333/1314 1201/334/1178 1208/335/1181 1344/1334/1315
f 1338/1335/1316 1202/336/1182 1201/337/1178 1337/1336/1314
f 1339/1337/1317 1203/338/1184 1202/336/1182 1338/1335/1316
f 1340/1338/1318 1204/339/1186 1203/338/1184 1339/1337/1317
f 1341/1339/1319 1205/340/1188 1204/339/1186 1340/1338/1318
f 1342/1340/1320 1206/341/1190 1205/340/1188 1341/1339/1319
f 1343/1341/1321 1207/342/1192 1206/341/1190 1342/1340/1320
f 1344/1334/1315 1208/335/1181 1207/342/1192 1343/1341/1321
f 1345/1/1322 1353/1342/1323 1360/1343/1324 1352/4/1325
f 1346/5/1326 1354/1344/1327 1353/1345/1323 1345/8/1322
f 1347/9/1328 1355/1346/1329 1354/1344/1327 1346/5/1326
f 1348/11/1330 1356/1347/1331 1355/1346/1329 1347/9/1328
f 1349/13/1332 1357/1348/1333 1356/1347/1331 1348/11/1330
f 1350/15/1334 1358/1349/1335 1357/1348/1333 1349/13/1332
f 1351/17/1336 1359/1350/1337 1358/1349/1335 1350/15/1334
f 1352/4/1325 1360/1343/1324 1359/1350/1337 1351/17/1336
f 1353/1342/1323 1361/1351/1338 1368/1352/1339 1360/1343/1324
f 1354/1344/1327 1362/1353/1340 1361/1354/1338 1353/1345/1323
f 1355/1346/1329 1363/1355/1341 1362/1353/1340 1354/1344/1327
f 1356/1347/1331 1364/1356/1342 1363/1355/1341 1355/1346/1329
f 1357/1348/1333 1365/1357/1343 1364/1356/1342 1356/1347/1331
f 1358/1349/1335 1366/1358/1344 1365/1357/1343 1357/1348/1333
f 1359/1350/1337 1367/1359/1345 1366/1358/1344 1358/1349/1335
f 1360/1343/1324 1368/1352/1339 1367/1359/1345 1359/1350/1337
f 1361/1351/1338 1369/1360/1346 1376/1361/1347 1368/1352/1339
f 1362/1353/1340 1370/1362/1348 1369/1363/1346 1361/1354/1338
f 1363/1355/1341 1371/1364/1349 1370/1362/1348 1362/1353/1340
f 1364/1356/1342 1372/1365/1350 1371/1364/1349 1363/1355/1341
f 1365/1357/1343 1373/1366/1351 1372/1365/1350 1364/1356/1342
f 1366/1358/1344 1374/1367/1352 1373/1366/1351 1365/1357/1343
f 1367/1359/1345 1375/1368/1353 1374/1367/1352 1366/1358/1344
f 1368/1352/1339 1376/1361/1347 1375/1368/1353 1367/1359/1345
f 1369/1360/1346 1377/1369/1354 1384/1370/1355 1376/1361/1347
f 1370/1362/1348 1378/1371/1356 1377/1372/1354 1369/1363/1346
f 1371/1364/1349 1379/1373/1357 1378/1371/1356 1370/1362/1348
f 1372/1365/1350 1380/1374/1358 1379/1373/1357 1371/1364/1349
f 1373/1366/1351 1381/1375/1359 1380/1374/1358 1372/1365/1350
f 1374/1367/1352 1382/1376/1360 1381/1375/1359 1373/1366/1351
f 1375/1368/1353 1383/1377/1361 1382/1376/1360 1374/1367/1352
f 1376/1361/1347 1384/1370/1355 1383/1377/1361 1375/1368/1353
f 1377/1369/1354 1385/1378/1362 1392/1379/1363 1384/1370/1355
f 1378/1371/1356 1386/1380/1364 1385/1381/1362 1377/1372/1354
f 1379/1373/1357 1387/1382/1365 1386/1380/1364 1378/1371/1356
f 1380/1374/1358 1388/1383/1366 1387/1382/1365 1379/1373/1357
f 1381/1375/1359 1389/1384/1367 1388/1383/1366 1380/1374/1358
f 1382/1376/1360 1390/1385/1368 1389/1384/1367 1381/1375/1359
f 1383/1377/1361 1391/1386/1369 1390/1385/1368 1382/1376/1360
f 1384/1370/1355 1392/1379/1363 1391/1386/1369 1383/1377/1361
f 1385/1378/1362 1393/1387/1370 1400/1388/1371 1392/1379/1363
f 1386/1380/1364 1394/1389/1372 1393/1390/1370 1385/1381/1362
f 1387/1382/1365 1395/1391/1373 1394/1389/1372 1386/1380/1364
f 1388/1383/1366 1396/1392/1374 1395/1391/1373 1387/1382/1365
f 1389/1384/1367 1397/1393/1375 1396/1392/1374 1388/1383/1366
f 1390/1385/1368 1398/1394/1376 1397/1393/1375 1389/1384/1367
f 1391/1386/1369 1399/1395/1377 1398/1394/1376 1390/1385/1368
f 1392/1379/1363 1400/1388/1371 1399/1395/1377 1391/1386/1369
f 1393/1387/1370 1401/1396/1378 1408/1397/1379 1400/1388/1371
f 1394/1389/1372 1402/1398/1380 1401/1399/1378 1393/1390/1370
f 1395/1391/1373 1403/1400/1381 1402/1398/1380 1394/1389/1372
f 1396/1392/1374 1404/1401/1382 1403/1400/1381 1395/1391/1373
f 1397/1393/1375 1405/1402/1383 1404/1401/1382 1396/1392/1374
f 1398/1394/1376 1406/1403/1384 1405/1402/1383 1397/1393/1375
f 1399/1395/1377 1407/1404/1385 1406/1403/1384 1398/1394/1376
f 1400/1388/1371 1408/1397/1379 1407/1404/1385 1399/1395/1377
f 1401/1396/1378 1409/1405/1386 1416/1406/1387 1408/1397/1379
f 1402/1398/1380 1410/1407/1388 1409/1408/1386 1401/1399/1378
f 1403/1400/1381 1411/1409/1389 1410/1407/1388 1402/1398/1380
f 1404/1401/1382 1412/1410/1390 1411/1409/1389 1403/1400/1381
f 1405/1402/1383 1413/1411/1391 1412/1410/1390 1404/1401/1382
f 1406/1403/1384 1414/1412/1392 1413/1411/1391 1405/1402/1383
f 1407/1404/1385 1415/1413/1393 1414/1412/1392 1406/1403/1384
f 1408/1397/1379 1416/1406/1387 1415/1413/1393 1407/1404/1385
f 1409/1405/1386 1417/379/1394 1424/380/1395 1416/1406/1387
f 1410/1407/1388 1418/381/1396 1417/382/1394 1409/1408/1386
f 1411/1409/1389 1419/383/1397 1418/381/1396 1410/1407/1388
f 1412/1410/1390 1420/384/1398 1419/383/1397 1411/1409/1389
f 1413/1411/1391 1421/385/1399 1420/384/1398 1412/1410/1390
f 1414/1412/1392 1422/386/1400 1421/385/1399 1413/1411/1391
f 1415/1413/1393 1423/387/1401 1422/386/1400 1414/1412/1392
f 1416/1406/1387 1424/380/1395 1423/387/1401 1415/1413/1393
f 1417/379/1394 1425/1414/1402 1432/1415/1403 1424/380/1395
f 1418/381/1396 1426/1416/1404 1425/1417/1402 1417/382/1394
f 1419/383/1397 1427/1418/1405 1426/1416/1404 1418/381/1396
f 1420/384/1398 1428/1419/1406 1427/1418/1405 1419/383/1397
f 1421/385/1399 1429/1420/1407 1428/1419/1406 1420/384/1398
f 1422/386/1400 1430/1421/1408 1429/1420/1407 1421/385/1399
f 1423/387/1401 1431/1422/1409 1430/1421/1408 1422/386/1400
f 1424/380/1395 1432/1415/1403 1431/1422/1409 1423/387/1401
f 1425/1414/1402 1433/1423/1410 1440/1424/1411 1432/1415/1403
f 1426/1416/1404 1434/1425/1412 1433/1426/1410 1425/1417/1402
f 1427/1418/1405 1435/1427/1413 1434/1425/1412 1426/1416/1404
f 1428/1419/1406 1436/1428/1414 1435/1427/1413 1427/1418/1405
f 1429/1420/1407 1437/1429/1415 1436/1428/1414 1428/1419/1406
f 1430/1421/1408 1438/1430/1416 1437/1429/1415 1429/1420/1407
f 1431/1422/1409 1439/1431/1417 1438/1430/1416 1430/1421/1408
f 1432/1415/1403 1440/1424/1411 1439/1431/1417 1431/1422/1409
f 1433/1423/1410 1441/1432/1418 1448/1433/1419 1440/1424/1411
f 1434/1425/1412 1442/1434/1420 1441/1435/1418 1433/1426/1410
f 1435/1427/1413 1443/1436/1421 1442/1434/1420 1434/1425/1412
f 1436/1428/1414 1444/1437/1422 1443/1436/1421 1435/1427/1413
f 1437/1429/1415 1445/1438/1423 1444/1437/1422 1436/1428/1414
f 1438/1430/1416 1446/1439/1424 1445/1438/1423 1437/1429/1415
f 1439/1431/1417 1447/1440/1425 1446/1439/1424 1438/1430/1416
f 1440/1424/1411 1448/1433/1419 1447/1440/1425 1439/1431/1417
f 1441/1432/1418 1449/1441/1426 1456/1442/1427 1448/1433/1419
f 1442/1434/1420 1450/1443/1428 1449/1444/1426 1441/1435/1418
f 1443/1436/1421 1451/1445/1429 1450/1443/1428 1442/1434/1420
f 1444/1437/1422 1452/1446/1430 1451/1445/1429 1443/1436/1421
f 1445/1438/1423 1453/1447/1431 1452/1446/1430 1444/1437/1422
f 1446/1439/1424 1454/1448/1432 1453/1447/1431 1445/1438/1423
f 1447/1440/1425 1455/1449/1433 1454/1448/1432 1446/1439/1424
f 1448/1433/1419 1456/1442/1427 1455/1449/1433 1447/1440/1425
f 1449/1441/1426 1457/1450/1434 1464/1451/1435 1456/1442/1427
f 1450/1443/1428 1458/1452/1436 1457/1453/1434 1449/1444/1426
f 1451/1445/1429 1459/1454/1437 1458/1452/1436 1450/1443/1428
f 1452/1446/1430 1460/1455/1438 1459/1454/1437 1451/1445/1429
f 1453/1447/1431 1461/1456/1439 1460/1455/1438 1452/1446/1430
f 1454/1448/1432 1462/1457/1440 1461/1456/1439 1453/1447/1431
f 1455/1449/1433 1463/1458/1441 1462/1457/1440 1454/1448/1432
f 1456/1442/1427 1464/1451/1435 1463/1458/1441 1455/1449/1433
f 1457/1450/1434 1465/1459/1442 1472/1460/1443 1464/1451/1435
f 1458/1452/1436 1466/1461/1444 1465/1462/1442 1457/1453/1434
f 1459/1454/1437 1467/1463/1445 1466/1461/1444 1458/1452/1436
f 1460/1455/1438 1468/1464/1446 1467/1463/1445 1459/1454/1437
f 1461/1456/1439 1469/1465/1447 1468/1464/1446 1460/1455/1438
f 1462/1457/1440 1470/1466/1448 1469/1465/1447 1461/1456/1439
f 1463/1458/1441 1471/1467/1449 1470/1466/1448 1462/1457/1440
f 1464/1451/1435 1472/1460/1443 1471/1467/1449 1463/1458/1441
f 1465/1459/1442 1473/1468/1450 1480/1469/1451 1472/1460/1443
f 1466/1461/1444 1474/1470/1452 1473/1471/1450 1465/1462/1442
f 1467/1463/1445 1475/1472/1453 1474/1470/1452 1466/1461/1444
f 1468/1464/1446 1476/1473/1454 1475/1472/1453 1467/1463/1445
f 1469/1465/1447 1477/1474/1455 1476/1473/1454 1468/1464/1446
f 1470/1466/1448 1478/1475/1456 1477/1474/1455 1469/1465/1447
f 1471/1467/1449 1479/1476/1457 1478/1475/1456 1470/1466/1448
f 1472/1460/1443 1480/1469/1451 1479/1476/1457 1471/1467/1449
f 1473/1468/1450 1481/1477/219 1488/1478/220 1480/1469/1451
f 1474/1470/1452 1482/1479/221 1481/1480/219 1473/1471/1450
f 1475/1472/1453 1483/1481/222 1482/1479/221 1474/1470/1452
f 1476/1473/1454 1484/1482/223 1483/1481/222 1475/1472/1453
f 1477/1474/1455 1485/1483/224 1484/1482/223 1476/1473/1454
f 1478/1475/1456 1486/1484/225 1485/1483/224 1477/1474/1455
f 1479/1476/1457 1487/1485/226 1486/1484/225 1478/1475/1456
f 1480/1469/1451 1488/1478/220 1487/1485/226 1479/1476/1457
f 1481/1477/219 1489/424/1458 1496/425/9 1488/1478/220
f 1482/1479/221 1490/426/1459 1489/427/1458 1481/1480/219
f 1483/1481/222 1491/428/1460 1490/426/1459 1482/1479/221
f 1484/1482/223 1492/429/4 1491/428/1460 1483/1481/222
f 1485/1483/224 1493/430/1461 1492/429/4 1484/1482/223
f 1486/1484/225 1494/431/1462 1493/430/1461 1485/1483/224
f 1487/1485/226 1495/432/1463 1494/431/1462 1486/1484/225
f 1488/1478/220 1496/425/9 1495/432/1463 1487/1485/226
f 1489/424/1458 1497/1486/1464 1504/1487/1465 1496/425/9
f 1490/426/1459 1498/1488/1466 1497/1489/1464 1489/427/1458
f 1491/428/1460 1499/1490/1467 1498/1488/1466 1490/426/1459
f 1492/429/4 1500/1491/1468 1499/1490/1467 1491/428/1460
f 1493/430/1461 1501/1492/1469 1500/1491/1468 1492/429/4
f 1494/431/1462 1502/1493/1470 1501/1492/1469 1493/430/1461
f 1495/432/1463 1503/1494/1471 1502/1493/1470 1494/431/1462
f 1496/425/9 1504/1487/1465 1503/1494/1471 1495/432/1463
f 1497/1486/1464 1505/1495/1472 1512/1496/1473 1504/1487/1465
f 1498/1488/1466 1506/1497/1474 1505/1498/1472 1497/1489/1464
f 1499/1490/1467 1507/1499/1475 1506/1497/1474 1498/1488/1466
f 1500/1491/1468 1508/1500/1476 1507/1499/1475 1499/1490/1467
f 1501/1492/1469 1509/1501/1477 1508/1500/1476 1500/1491/1468
f 1502/1493/1470 1510/1502/1478 1509/1501/1477 1501/1492/1469
f 1503/1494/1471 1511/1503/1479 1510/1502/1478 1502/1493/1470
f 1504/1487/1465 1512/1496/1473 1511/1503/1479 1503/1494/1471
f 1505/1495/1472 1513/1504/1480 1520/1505/1481 1512/1496/1473
f 1506/1497/1474 1514/1506/1482 1513/1507/1480 1505/1498/1472
f 1507/1499/1475 1515/1508/1483 1514/1506/1482 1506/1497/1474
f 1508/1500/1476 1516/1509/1484 1515/1508/1483 1507/1499/1475
f 1509/1501/1477 1517/1510/1485 1516/1509/1484 1508/1500/1476
f 1510/1502/1478 1518/1511/1486 1517/1510/1485 1509/1501/1477
f 1511/1503/1479 1519/1512/1487 1518/1511/1486 1510/1502/1478
f 1512/1496/1473 1520/1505/1481 1519/1512/1487 1511/1503/1479
f 1513/1504/1480 1521/1513/1488 1528/1514/1489 1520/1505/1481
f 1514/1506/1482 1522/1515/1490 1521/1516/1488 1513/1507/1480
f 1515/1508/1483 1523/1517/1491 1522/1515/1490 1514/1506/1482
f 1516/1509/1484 1524/1518/1492 1523/1517/1491 1515/1508/1483
f 1517/1510/1485 1525/1519/1493 1524/1518/1492 1516/1509/1484
f 1518/1511/1486 1526/1520/1494 1525/1519/1493 1517/1510/1485
f 1519/1512/1487 1527/1521/1495 1526/1520/1494 1518/1511/1486
f 1520/1505/1481 1528/1514/1489 1527/1521/1495 1519/1512/1487
f 1521/1513/1488 1529/1522/1496 1536/1523/1497 1528/1514/1489
f 1522/1515/1490 1530/1524/1498 1529/1525/1496 1521/1516/1488
f 1523/1517/1491 1531/1526/1499 1530/1524/1498 1522/1515/1490
f 1524/1518/1492 1532/1527/1500 1531/1526/1499 1523/1517/1491
f 1525/1519/1493 1533/1528/1501 1532/1527/1500 1524/1518/1492
f 1526/1520/1494 1534/1529/1502 1533/1528/1501 1525/1519/1493
f 1527/1521/1495 1535/1530/1503 1534/1529/1502 1526/1520/1494
f 1528/1514/1489 1536/1523/1497 1535/1530/1503 1527/1521/1495
f 1529/1522/1496 1537/1531/1504 1544/1532/1505 1536/1523/1497
f 1530/1524/1498 1538/1533/1506 1537/1534/1504 1529/1525/1496
f 1531/1526/1499 1539/1535/1507 1538/1533/1506 1530/1524/1498
f 1532/1527/1500 1540/1536/1508 1539/1535/1507 1531/1526/1499
f 1533/1528/1501 1541/1537/1509 1540/1536/1508 1532/1527/1500
f 1534/1529/1502 1542/1538/1510 1541/1537/1509 1533/1528/1501
f 1535/1530/1503 1543/1539/1511 1542/1538/1510 1534/1529/1502
f 1536/1523/1497 1544/1532/1505 1543/1539/1511 1535/1530/1503
f 1537/1531/1504 1545/1540/1512 1552/1541/1513 1544/1532/1505
f 1538/1533/1506 1546/1542/1514 1545/1543/1512 1537/1534/1504
f 1539/1535/1507 1547/1544/1515 1546/1542/1514 1538/1533/1506
f 1540/1536/1508 1548/1545/1516 1547/1544/1515 1539/1535/1507
f 1541/1537/1509 1549/1546/1517 1548/1545/1516 1540/1536/1508
f 1542/1538/1510 1550/1547/1518 1549/1546/1517 1541/1537/1509
f 1543/1539/1511 1551/1548/1519 1550/1547/1518 1542/1538/1510
f 1544/1532/1505 1552/1541/1513 1551/1548/1519 1543/1539/1511
f 1545/1540/1512 1553/1549/1520 1560/1550/1521 1552/1541/1513
f 1546/1542/1514 1554/1551/1522 1553/1552/1520 1545/1543/1512
f 1547/1544/1515 1555/1553/1523 1554/1551/1522 1546/1542/1514
f 1548/1545/1516 1556/1554/1524 1555/1553/1523 1547/1544/1515
f 1549/1546/1517 1557/1555/1525 1556/1554/1524 1548/1545/1516
f 1550/1547/1518 1558/1556/1526 1557/1555/1525 1549/1546/1517
f 1551/1548/1519 1559/1557/1527 1558/1556/1526 1550/1547/1518
f 1552/1541/1513 1560/1550/1521 1559/1557/1527 1551/1548/1519
f 1553/1549/1520 1561/469/1528 1568/470/1529 1560/1550/1521
f 1554/1551/1522 1562/471/1530 1561/472/1528 1553/1552/1520
f 1555/1553/1523 1563/473/1531 1562/471/1530 1554/1551/1522
f 1556/1554/1524 1564/474/1532 1563/473/1531 1555/1553/1523
f 1557/1555/1525 1565/475/1533 1564/474/1532 1556/1554/1524
f 1558/1556/1526 1566/476/1534 1565/475/1533 1557/1555/1525
f 1559/1557/1527 1567/477/1535 1566/476/1534 1558/1556/1526
f 1560/1550/1521 1568/470/1529 1567/477/1535 1559/1557/1527
f 1561/469/1528 1569/1558/1536 1576/1559/1537 1568/470/1529
f 1562/471/1530 1570/1560/1538 1569/1561/1536 1561/472/1528
f 1563/473/1531 1571/1562/1539 1570/1560/1538 1562/471/1530
f 1564/474/1532 1572/1563/1540 1571/1562/1539 1563/473/1531
f 1565/475/1533 1573/1564/1541 1572/1563/1540 1564/474/1532
f 1566/476/1534 1574/1565/1542 1573/1564/1541 1565/475/1533
f 1567/477/1535 1575/1566/1543 1574/1565/1542 1566/476/1534
f 1568/470/1529 1576/1559/1537 1575/1566/1543 1567/477/1535
f 1569/1558/1536 1577/1567/1544 1584/1568/1545 1576/1559/1537
f 1570/1560/1538 1578/1569/1546 1577/1570/1544 1569/1561/1536
f 1571/1562/1539 1579/1571/1547 1578/1569/1546 1570/1560/1538
f 1572/1563/1540 1580/1572/1548 1579/1571/1547 1571/1562/1539
f 1573/1564/1541 1581/1573/1549 1580/1572/1548 1572/1563/1540
f 1574/1565/1542 1582/1574/1550 1581/1573/1549 1573/1564/1541
f 1575/1566/1543 1583/1575/1551 1582/1574/1550 1574/1565/1542
f 1576/1559/1537 1584/1568/1545 1583/1575/1551 1575/1566/1543
f 1577/1567/1544 1585/1576/1552 1592/1577/1553 1584/1568/1545
f 1578/1569/1546 1586/1578/1554 1585/1579/1552 1577/1570/1544
f 1579/1571/1547 1587/1580/1555 1586/1578/1554 1578/1569/1546
f 1580/1572/1548 1588/1581/1556 1587/1580/1555 1579/1571/1547
f 1581/1573/1549 1589/1582/1557 1588/1581/1556 1580/1572/1548
f 1582/1574/1550 1590/1583/1558 1589/1582/1557 1581/1573/1549
f 1583/1575/1551 1591/1584/1559 1590/1583/1558 1582/1574/1550
f 1584/1568/1545 1592/1577/1553 1591/1584/1559 1583/1575/1551
f 1585/1576/1552 1593/1585/1560 1600/1586/1561 1592/1577/1553
f 1586/1578/1554 1594/1587/1562 1593/1588/1560 1585/1579/1552
f 1587/1580/1555 1595/1589/1563 1594/1587/1562 1586/1578/1554
f 1588/1581/1556 1596/1590/1564 1595/1589/1563 1587/1580/1555
f 1589/1582/1557 1597/1591/1565 1596/1590/1564 1588/1581/1556
f 1590/1583/1558 1598/1592/1566 1597/1591/1565 1589/1582/1557
f 1591/1584/1559 1599/1593/1567 1598/1592/1566 1590/1583/1558
f 1592/1577/1553 1600/1586/1561 1599/1593/1567 1591/1584/1559
f 1593/1585/1560 1601/1594/1568 1608/1595/1569 1600/1586/1561
f 1594/1587/1562 1602/1596/1570 1601/1597/1568 1593/1588/1560
f 1595/1589/1563 1603/1598/1571 1602/1596/1570 1594/1587/1562
f 1596/1590/1564 1604/1599/1572 1603/1598/1571 1595/1589/1563
f 1597/1591/1565 1605/1600/1573 1604/1599/1572 1596/1590/1564
f 1598/1592/1566 1606/1601/1574 1605/1600/1573 1597/1591/1565
f 1599/1593/1567 1607/1602/1575 1606/1601/1574 1598/1592/1566
f 1600/1586/1561 1608/1595/1569 1607/1602/1575 1599/1593/1567
f 1601/1594/1568 1609/1603/1576 1616/1604/1577 1608/1595/1569
f 1602/1596/1570 1610/1605/1578 1609/1606/1576 1601/1597/1568
f 1603/1598/1571 1611/1607/1579 1610/1605/1578 1602/1596/1570
f 1604/1599/1572 1612/1608/1580 1611/1607/1579 1603/1598/1571
f 1605/1600/1573 1613/1609/1581 1612/1608/1580 1604/1599/1572
f 1606/1601/1574 1614/1610/1582 1613/1609/1581 1605/1600/1573
f 1607/1602/1575 1615/1611/1583 1614/1610/1582 1606/1601/1574
f 1608/1595/1569 1616/1604/1577 1615/1611/1583 1607/1602/1575
f 1609/1603/1576 1617/1612/1584 1624/1613/1585 1616/1604/1577
f 1610/1605/1578 1618/1614/1586 1617/1615/1584 1609/1606/1576
f 1611/1607/1579 1619/1616/1587 1618/1614/1586 1610/1605/1578
f 1612/1608/1580 1620/1617/1588 1619/1616/1587 1611/1607/1579
f 1613/1609/1581 1621/1618/1589 1620/1617/1588 1612/1608/1580
f 1614/1610/1582 1622/1619/1590 1621/1618/1589 1613/1609/1581
f 1615/1611/1583 1623/1620/1591 1622/1619/1590 1614/1610/1582
f 1616/1604/1577 1624/1613/1585 1623/1620/1591 1615/1611/1583
f 1617/1612/1584 1625/1621/1592 1632/1622/1593 1624/1613/1585
f 1618/1614/1586 1626/1623/1594 1625/1624/1592 1617/1615/1584
f 1619/1616/1587 1627/1625/1595 1626/1623/1594 1618/1614/1586
f 1620/1617/1588 1628/1626/1596 1627/1625/1595 1619/1616/1587
f 1621/1618/1589 1629/1627/1597 1628/1626/1596 1620/1617/1588
f 1622/1619/1590 1630/1628/1598 1629/1627/1597 1621/1618/1589
f 1623/1620/1591 1631/1629/1599 1630/1628/1598 1622/1619/1590
f 1624/1613/1585 1632/1622/1593 1631/1629/1599 1623/1620/1591
f 1625/1621/1592 1633/514/1600 1640/515/1601 1632/1622/1593
f 1626/1623/1594 1634/516/1602 1633/517/1600 1625/1624/1592
f 1627/1625/1595 1635/518/1603 1634/516/1602 1626/1623/1594
f 1628/1626/1596 1636/519/1604 1635/518/1603 1627/1625/1595
f 1629/1627/1597 1637/520/1605 1636/519/1604 1628/1626/1596
f 1630/1628/1598 1638/521/1606 1637/520/1605 1629/1627/1597
f 1631/1629/1599 1639/522/1607 1638/521/1606 1630/1628/1598
f 1632/1622/1593 1640/515/1601 1639/522/1607 1631/1629/1599
f 1633/514/1600 1641/1630/1608 1648/1631/1609 1640/515/1601
f 1634/516/1602 1642/1632/1610 1641/1633/1608 1633/517/1600
f 1635/518/1603 1643/1634/1611 1642/1632/1610 1634/516/1602
f 1636/519/1604 1644/1635/1612 1643/1634/1611 1635/518/1603
f 1637/520/1605 1645/1636/1613 1644/1635/1612 1636/519/1604
f 1638/521/1606 1646/1637/1614 1645/1636/1613 1637/520/1605
f 1639/522/1607 1647/1638/1615 1646/1637/1614 1638/521/1606
f 1640/515/1601 1648/1631/1609 1647/1638/1615 1639/522/1607
f 1641/1630/1608 1649/1639/1616 1656/1640/1617 1648/1631/1609
f 1642/1632/1610 1650/1641/1618 1649/1642/1616 1641/1633/1608
f 1643/1634/1611 1651/1643/1619 1650/1641/1618 1642/1632/1610
f 1644/1635/1612 1652/1644/1620 1651/1643/1619 1643/1634/1611
f 1645/1636/1613 1653/1645/1621 1652/1644/1620 1644/1635/1612
f 1646/1637/1614 1654/1646/1622 1653/1645/1621 1645/1636/1613
f 1647/1638/1615 1655/1647/1623 1654/1646/1622 1646/1637/1614
f 1648/1631/1609 1656/1640/1617 1655/1647/1623 1647/1638/1615
f 1649/1639/1616 1657/1648/1624 1664/1649/1625 1656/1640/1617
f 1650/1641/1618 1658/1650/1626 1657/1651/1624 1649/1642/1616
f 1651/1643/1619 1659/1652/1627 1658/1650/1626 1650/1641/1618
f 1652/1644/1620 1660/1653/1628 1659/1652/1627 1651/1643/1619
f 1653/1645/1621 1661/1654/1629 1660/1653/1628 1652/1644/1620
f 1654/1646/1622 1662/1655/1630 1661/1654/1629 1653/1645/1621
f 1655/1647/1623 1663/1656/1631 1662/1655/1630 1654/1646/1622
f 1656/1640/1617 1664/1649/1625 1663/1656/1631 1655/1647/1623
f 1657/1648/1624 1665/1657/1632 1672/1658/1633 1664/1649/1625
f 1658/1650/1626 1666/1659/1634 1665/1660/1632 1657/1651/1624
f 1659/1652/1627 1667/1661/1635 1666/1659/1634 1658/1650/1626
f 1660/1653/1628 1668/1662/1636 1667/1661/1635 1659/1652/1627
f 1661/1654/1629 1669/1663/1637 1668/1662/1636 1660/1653/1628
f 1662/1655/1630 1670/1664/1638 1669/1663/1637 1661/1654/1629
f 1663/1656/1631 1671/1665/1639 1670/1664/1638 1662/1655/1630
f 1664/1649/1625 1672/1658/1633 1671/1665/1639 1663/1656/1631
f 1665/1657/1632 1673/1666/1640 1680/1667/1641 1672/1658/1633
f 1666/1659/1634 1674/1668/1642 1673/1669/1640 1665/1660/1632
f 1667/1661/1635 1675/1670/1643 1674/1668/1642 1666/1659/1634
f 1668/1662/1636 1676/1671/1644 1675/1670/1643 1667/1661/1635
f 1669/1663/1637 1677/1672/1645 1676/1671/1644 1668/1662/1636
f 1670/1664/1638 1678/1673/1646 1677/1672/1645 1669/1663/1637
f 1671/1665/1639 1679/1674/1647 1678/1673/1646 1670/1664/1638
f 1672/1658/1633 1680/1667/1641 1679/1674/1647 1671/1665/1639
f 1673/1666/1640 1681/1675/1648 1688/1676/1649 1680/1667/1641
f 1674/1668/1642 1682/1677/1650 1681/1678/1648 1673/1669/1640
f 1675/1670/1643 1683/1679/1651 1682/1677/1650 1674/1668/1642
f 1676/1671/1644 1684/1680/1652 1683/1679/1651 1675/1670/1643
f 1677/1672/1645 1685/1681/1653 1684/1680/1652 1676/1671/1644
f 1678/1673/1646 1686/1682/1654 1685/1681/1653 1677/1672/1645
f 1679/1674/1647 1687/1683/1655 1686/1682/1654 1678/1673/1646
f 1680/1667/1641 1688/1676/1649 1687/1683/1655 1679/1674/1647
f 1681/1675/1648 1689/1684/1656 1696/1685/1657 1688/1676/1649
f 1682/1677/1650 1690/1686/1658 1689/1687/1656 1681/1678/1648
f 1683/1679/1651 1691/1688/1659 1690/1686/1658 1682/1677/1650
f 1684/1680/1652 1692/1689/1660 1691/1688/1659 1683/1679/1651
f 1685/1681/1653 1693/1690/1661 1692/1689/1660 1684/1680/1652
f 1686/1682/1654 1694/1691/1662 1693/1690/1661 1685/1681/1653
f 1687/1683/1655 1695/1692/1663 1694/1691/1662 1686/1682/1654
f 1688/1676/1649 1696/1685/1657 1695/1692/1663 1687/1683/1655
f 1689/1684/1656 1697/1693/1664 1704/1694/1665 1696/1685/1657
f 1690/1686/1658 1698/1695/1666 1697/1696/1664 1689/1687/1656
f 1691/1688/1659 1699/1697/1667 1698/1695/1666 1690/1686/1658
f 1692/1689/1660 1700/1698/1668 1699/1697/1667 1691/1688/1659
f 1693/1690/1661 1701/1699/1669 1700/1698/1668 1692/1689/1660
f 1694/1691/1662 1702/1700/1670 1701/1699/1669 1693/1690/1661
f 1695/1692/1663 1703/1701/1671 1702/1700/1670 1694/1691/1662
f 1696/1685/1657 1704/1694/1665 1703/1701/1671 1695/1692/1663
f 1697/1693/1664 1705/559/1672 1712/560/1673 1704/1694/1665
f 1698/1695/1666 1706/561/1674 1705/562/1672 1697/1696/1664
f 1699/1697/1667 1707/563/1675 1706/561/1674 1698/1695/1666
f 1700/1698/1668 1708/564/1676 1707/563/1675 1699/1697/1667
f 1701/1699/1669 1709/565/1677 1708/564/1676 1700/1698/1668
f 1702/1700/1670 1710/566/1678 1709/565/1677 1701/1699/1669
f 1703/1701/1671 1711/567/1679 1710/566/1678 1702/1700/1670
f 1704/1694/1665 1712/560/1673 1711/567/1679 1703/1701/1671
f 1705/559/1672 1713/1702/1680 1720/1703/1681 1712/560/1673
f 1706/561/1674 1714/1704/1682 1713/1705/1680 1705/562/1672
f 1707/563/1675 1715/1706/1683 1714/1704/1682 1706/561/1674
f 1708/564/1676 1716/1707/1684 1715/1706/1683 1707/563/1675
f 1709/565/1677 1717/1708/1685 1716/1707/1684 1708/564/1676
f 1710/566/1678 1718/1709/1686 1717/1708/1685 1709/565/1677
f 1711/567/1679 1719/1710/1687 1718/1709/1686 1710/566/1678
f 1712/560/1673 1720/1703/1681 1719/1710/1687 1711/567/1679
f 1713/1702/1680 1721/1711/1688 1728/1712/1689 1720/1703/1681
f 1714/1704/1682 1722/1713/1690 1721/1714/1688 1713/1705/1680
f 1715/1706/1683 1723/1715/1691 1722/1713/1690 1714/1704/1682
f 1716/1707/1684 1724/1716/1692 1723/1715/1691 1715/1706/1683
f 1717/1708/1685 1725/1717/1693 1724/1716/1692 1716/1707/1684
f 1718/1709/1686 1726/1718/1694 1725/1717/1693 1717/1708/1685
f 1719/1710/1687 1727/1719/1695 1726/1718/1694 1718/1709/1686
f 1720/1703/1681 1728/1712/1689 1727/1719/1695 1719/1710/1687
f 1721/1711/1688 1729/1720/1696 1736/1721/1697 1728/1712/1689
f 1722/1713/1690 1730/1722/1698 1729/1723/1696 1721/1714/1688
f 1723/1715/1691 1731/1724/1699 1730/1722/1698 1722/1713/1690
f 1724/1716/1692 1732/1725/1700 1731/1724/1699 1723/1715/1691
f 1725/1717/1693 1733/1726/1701 1732/1725/1700 1724/1716/1692
f 1726/1718/1694 1734/1727/1702 1733/1726/1701 1725/1717/1693
f 1727/1719/1695 1735/1728/1703 1734/1727/1702 1726/1718/1694
f 1728/1712/1689 1736/1721/1697 1735/1728/1703 1727/1719/1695
f 1729/1720/1696 1737/1729/1704 1744/1730/1705 1736/1721/1697
f 1730/1722/1698 1738/1731/1706 1737/1732/1704 1729/1723/1696
f 1731/1724/1699 1739/1733/1707 1738/1731/1706 1730/1722/1698
f 1732/1725/1700 1740/1734/1708 1739/1733/1707 1731/1724/1699
f 1733/1726/1701 1741/1735/1709 1740/1734/1708 1732/1725/1700
f 1734/1727/1702 1742/1736/1710 1741/1735/1709 1733/1726/1701
f 1735/1728/1703 1743/1737/1711 1742/1736/1710 1734/1727/1702
f 1736/1721/1697 1744/1730/1705 1743/1737/1711 1735/1728/1703
f 1737/1729/1704 1745/1738/1712 1752/1739/1713 1744/1730/1705
f 1738/1731/1706 1746/1740/1714 1745/1741/1712 1737/1732/1704
f 1739/1733/1707 1747/1742/1715 1746/1740/1714 1738/1731/1706
f 1740/1734/1708 1748/1743/1716 1747/1742/1715 1739/1733/1707
f 1741/1735/1709 1749/1744/1717 1748/1743/1716 1740/1734/1708
f 1742/1736/1710 1750/1745/1718 1749/1744/1717 1741/1735/1709
f 1743/1737/1711 1751/1746/1719 1750/1745/1718 1742/1736/1710
f 1744/1730/1705 1752/1739/1713 1751/1746/1719 1743/1737/1711
f 1745/1738/1712 1753/1747/1720 1760/1748/1721 1752/1739/1713
f 1746/1740/1714 1754/1749/1722 1753/1750/1720 1745/1741/1712
f 1747/1742/1715 1755/1751/1723 1754/1749/1722 1746/1740/1714
f 1748/1743/1716 1756/1752/1724 1755/1751/1723 1747/1742/1715
f 1749/1744/1717 1757/1753/1725 1756/1752/1724 1748/1743/1716
f 1750/1745/1718 1758/1754/1726 1757/1753/1725 1749/1744/1717
f 1751/1746/1719 1759/1755/1727 1758/1754/1726 1750/1745/1718
f 1752/1739/1713 1760/1748/1721 1759/1755/1727 1751/1746/1719
f 1753/1747/1720 1761/1756/1728 1768/1757/1729 1760/1748/1721
f 1754/1749/1722 1762/1758/1730 1761/1759/1728 1753/1750/1720
f 1755/1751/1723 1763/1760/1731 1762/1758/1730 1754/1749/1722
f 1756/1752/1724 1764/1761/1732 1763/1760/1731 1755/1751/1723
f 1757/1753/1725 1765/1762/1733 1764/1761/1732 1756/1752/1724
f 1758/1754/1726 1766/1763/1734 1765/1762/1733 1757/1753/1725
f 1759/1755/1727 1767/1764/1735 1766/1763/1734 1758/1754/1726
f 1760/1748/1721 1768/1757/1729 1767/1764/1735 1759/1755/1727
f 1761/1756/1728 1769/1765/1736 1776/1766/1737 1768/1757/1729
f 1762/1758/1730 1770/1767/1738 1769/1768/1736 1761/1759/1728
f 1763/1760/1731 1771/1769/1739 1770/1767/1738 1762/1758/1730
f 1764/1761/1732 1772/1770/1740 1771/1769/1739 1763/1760/1731
f 1765/1762/1733 1773/1771/1741 1772/1770/1740 1764/1761/1732
f 1766/1763/1734 1774/1772/1742 1773/1771/1741 1765/1762/1733
f 1767/1764/1735 1775/1773/1743 1774/1772/1742 1766/1763/1734
f 1768/1757/1729 1776/1766/1737 1775/1773/1743 1767/1764/1735
f 1769/1765/1736 1777/604/1744 1784/605/1745 1776/1766/1737
f 1770/1767/1738 1778/606/1746 1777/607/1744 1769/1768/1736
f 1771/1769/1739 1779/608/1747 1778/606/1746 1770/1767/1738
f 1772/1770/1740 1780/609/1748 1779/608/1747 1771/1769/1739
f 1773/1771/1741 1781/610/1749 1780/609/1748 1772/1770/1740
f 1774/1772/1742 1782/611/1750 1781/610/1749 1773/1771/1741
f 1775/1773/1743 1783/612/1751 1782/611/1750 1774/1772/1742
f 1776/1766/1737 1784/605/1745 1783/612/1751 1775/1773/1743
f 1777/604/1744 1785/1774/1752 1792/1775/1753 1784/605/1745
f 1778/606/1746 1786/1776/1754 1785/1777/1752 1777/607/1744
f 1779/608/1747 1787/1778/1755 1786/1776/1754 1778/606/1746
f 1780/609/1748 1788/1779/1756 1787/1778/1755 1779/608/1747
f 1781/610/1749 1789/1780/1757 1788/1779/1756 1780/609/1748
f 1782/611/1750 1790/1781/1758 1789/1780/1757 1781/610/1749
f 1783/612/1751 1791/1782/1759 1790/1781/1758 1782/611/1750
f 1784/605/1745 1792/1775/1753 1791/1782/1759 1783/612/1751
f 1785/1774/1752 1793/1783/1760 1800/1784/1761 1792/1775/1753
f 1786/1776/1754 1794/1785/1762 1793/1786/1760 1785/1777/1752
f 1787/1778/1755 1795/1787/1763 1794/1785/1762 1786/1776/1754
f 1788/1779/1756 1796/1788/1764 1795/1787/1763 1787/1778/1755
f 1789/1780/1757 1797/1789/1765 1796/1788/1764 1788/1779/1756
f 1790/1781/1758 1798/1790/1766 1797/1789/1765 1789/1780/1757
f 1791/1782/1759 1799/1791/1767 1798/1790/1766 1790/1781/1758
f 1792/1775/1753 1800/1784/1761 1799/1791/1767 1791/1782/1759
f 1793/1783/1760 1801/1792/1768 1808/1793/1769 1800/1784/1761
f 1794/1785/1762 1802/1794/1770 1801/1795/1768 1793/1786/1760
f 1795/1787/1763 1803/1796/1771 1802/1794/1770 1794/1785/1762
f 1796/1788/1764 1804/1797/1772 1803/1796/1771 1795/1787/1763
f 1797/1789/1765 1805/1798/1773 1804/1797/1772 1796/1788/1764
f 1798/1790/1766 1806/1799/1774 1805/1798/1773 1797/1789/1765
f 1799/1791/1767 1807/1800/1775 1806/1799/1774 1798/1790/1766
f 1800/1784/1761 1808/1793/1769 1807/1800/1775 1799/1791/1767
f 1801/1792/1768 1809/1801/1776 1816/1802/1777 1808/1793/1769
f 1802/1794/1770 1810/1803/1778 1809/1804/1776 1801/1795/1768
f 1803/1796/1771 1811/1805/1779 1810/1803/1778 1802/1794/1770
f 1804/1797/1772 1812/1806/1780 1811/1805/1779 1803/1796/1771
f 1805/1798/1773 1813/1807/1781 1812/1806/1780 1804/1797/1772
f 1806/1799/1774 1814/1808/1782 1813/1807/1781 1805/1798/1773
f 1807/1800/1775 1815/1809/1783 1814/1808/1782 1806/1799/1774
f 1808/1793/1769 1816/1802/1777 1815/1809/1783 1807/1800/1775
f 1809/1801/1776 1817/1810/1784 1824/1811/1785 1816/1802/1777
f 1810/1803/1778 1818/1812/1786 1817/1813/1784 1809/1804/1776
f 1811/1805/1779 1819/1814/1787 1818/1812/1786 1810/1803/1778
f 1812/1806/1780 1820/1815/1788 1819/1814/1787 1811/1805/1779
f 1813/1807/1781 1821/1816/1789 1820/1815/1788 1812/1806/1780
f 1814/1808/1782 1822/1817/1790 1821/1816/1789 1813/1807/1781
f 1815/1809/1783 1823/1818/1791 1822/1817/1790 1814/1808/1782
f 1816/1802/1777 1824/1811/1785 1823/1818/1791 1815/1809/1783
f 1817/1810/1784 1825/1819/1792 1832/1820/1793 1824/1811/1785
f 1818/1812/1786 1826/1821/1794 1825/1822/1792 1817/1813/1784
f 1819/1814/1787 1827/1823/1795 1826/1821/1794 1818/1812/1786
f 1820/1815/1788 1828/1824/1796 1827/1823/1795 1819/1814/1787
f 1821/1816/1789 1829/1825/1797 1828/1824/1796 1820/1815/1788
f 1822/1817/1790 1830/1826/1798 1829/1825/1797 1821/1816/1789
f 1823/1818/1791 1831/1827/1799 1830/1826/1798 1822/1817/1790
f 1824/1811/1785 1832/1820/1793 1831/1827/1799 1823/1818/1791
f 1825/1819/1792 1833/1828/1800 1840/1829/1801 1832/1820/1793
f 1826/1821/1794 1834/1830/1802 1833/1831/1800 1825/1822/1792
f 1827/1823/1795 1835/1832/1803 1834/1830/1802 1826/1821/1794
f 1828/1824/1796 1836/1833/1804 1835/1832/1803 1827/1823/1795
f 1829/1825/1797 1837/1834/1805 1836/1833/1804 1828/1824/1796
f 1830/1826/1798 1838/1835/1806 1837/1834/1805 1829/1825/1797
f 1831/1827/1799 1839/1836/1807 1838/1835/1806 1830/1826/1798
f 1832/1820/1793 1840/1829/1801 1839/1836/1807 1831/1827/1799
f 1833/1828/1800 1841/1837/1808 1848/1838/1809 1840/1829/1801
f 1834/1830/1802 1842/1839/1810 1841/1840/1808 1833/1831/1800
f 1835/1832/1803 1843/1841/1811 1842/1839/1810 1834/1830/1802
f 1836/1833/1804 1844/1842/1812 1843/1841/1811 1835/1832/1803
f 1837/1834/1805 1845/1843/1813 1844/1842/1812 1836/1833/1804
f 1838/1835/1806 1846/1844/1814 1845/1843/1813 1837/1834/1805
f 1839/1836/1807 1847/1845/1815 1846/1844/1814 1838/1835/1806
f 1840/1829/1801 1848/1838/1809 1847/1845/1815 1839/1836/1807
f 1841/1837/1808 1849/649/1816 1856/650/1817 1848/1838/1809
f 1842/1839/1810 1850/651/1818 1849/652/1816 1841/1840/1808
f 1843/1841/1811 1851/653/1819 1850/651/1818 1842/1839/1810
f 1844/1842/1812 1852/654/1820 1851/653/1819 1843/1841/1811
f 1845/1843/1813 1853/655/1821 1852/654/1820 1844/1842/1812
f 1846/1844/1814 1854/656/1822 1853/655/1821 1845/1843/1813
f 1847/1845/1815 1855/657/1823 1854/656/1822 1846/1844/1814
f 1848/1838/1809 1856/650/1817 1855/657/1823 1847/1845/1815
f 1849/649/1816 1857/1846/1824 1864/1847/1825 1856/650/1817
f 1850/651/1818 1858/1848/1826 1857/1849/1824 1849/652/1816
f 1851/653/1819 1859/1850/1827 1858/1848/1826 1850/651/1818
f 1852/654/1820 1860/1851/1828 1859/1850/1827 1851/653/1819
f 1853/655/1821 1861/1852/1829 1860/1851/1828 1852/654/1820
f 1854/656/1822 1862/1853/1830 1861/1852/1829 1853/655/1821
f 1855/657/1823 1863/1854/1831 1862/1853/1830 1854/656/1822
f 1856/650/1817 1864/1847/1825 1863/1854/1831 1855/657/1823
f 1857/1846/1824 1865/1855/1832 1872/1856/1833 1864/1847/1825
f 1858/1848/1826 1866/1857/1834 1865/1858/1832 1857/1849/1824
f 1859/1850/1827 1867/1859/1835 1866/1857/1834 1858/1848/1826
f 1860/1851/1828 1868/1860/1836 1867/1859/1835 1859/1850/1827
f 1861/1852/1829 1869/1861/1837 1868/1860/1836 1860/1851/1828
f 1862/1853/1830 1870/1862/1838 1869/1861/1837 1861/1852/1829
f 1863/1854/1831 1871/1863/1839 1870/1862/1838 1862/1853/1830
f 1864/1847/1825 1872/1856/1833 1871/1863/1839 1863/1854/1831
f 1865/1855/1832 1873/1864/1840 1880/1865/1841 1872/1856/1833
f 1866/1857/1834 1874/1866/1842 1873/1867/1840 1865/1858/1832
f 1867/1859/1835 1875/1868/1843 1874/1866/1842 1866/1857/1834
f 1868/1860/1836 1876/1869/1844 1875/1868/1843 1867/1859/1835
f 1869/1861/1837 1877/1870/1845 1876/1869/1844 1868/1860/1836
f 1870/1862/1838 1878/1871/1846 1877/1870/1845 1869/1861/1837
f 1871/1863/1839 1879/1872/1847 1878/1871/1846 1870/1862/1838
f 1872/1856/1833 1880/1865/1841 1879/1872/1847 1871/1863/1839
f 1873/1864/1840 1881/1873/1848 1888/1874/1849 1880/1865/1841
f 1874/1866/1842 1882/1875/1850 1881/1876/1848 1873/1867/1840
f 1875/1868/1843 1883/1877/1851 1882/1875/1850 1874/1866/1842
f 1876/1869/1844 1884/1878/1852 1883/1877/1851 1875/1868/1843
f 1877/1870/1845 1885/1879/1853 1884/1878/1852 1876/1869/1844
f 1878/1871/1846 1886/1880/1854 1885/1879/1853 1877/1870/1845
f 1879/1872/1847 1887/1881/1855 1886/1880/1854 1878/1871/1846
f 1880/1865/1841 1888/1874/1849 1887/1881/1855 1879/1872/1847
f 1881/1873/1848 1889/1882/1856 1896/1883/1857 1888/1874/1849
f 1882/1875/1850 1890/1884/1858 1889/1885/1856 1881/1876/1848
f 1883/1877/1851 1891/1886/1859 1890/1884/1858 1882/1875/1850
f 1884/1878/1852 1892/1887/1860 1891/1886/1859 1883/1877/1851
f 1885/1879/1853 1893/1888/1861 1892/1887/1860 1884/1878/1852
f 1886/1880/1854 1894/1889/1862 1893/1888/1861 1885/1879/1853
f 1887/1881/1855 1895/1890/1863 1894/1889/1862 1886/1880/1854
f 1888/1874/1849 1896/1883/1857 1895/1890/1863 1887/1881/1855
f 1889/1882/1856 1897/1891/1864 1904/1892/1865 1896/1883/1857
f 1890/1884/1858 1898/1893/1866 1897/1894/1864 1889/1885/1856
f 1891/1886/1859 1899/1895/1867 1898/1893/1866 1890/1884/1858
f 1892/1887/1860 1900/1896/1868 1899/1895/1867 1891/1886/1859
f 1893/1888/1861 1901/1897/1869 1900/1896/1868 1892/1887/1860
f 1894/1889/1862 1902/1898/1870 1901/1897/1869 1893/1888/1861
f 1895/1890/1863 1903/1899/1871 1902/1898/1870 1894/1889/1862
f 1896/1883/1857 1904/1892/1865 1903/1899/1871 1895/1890/1863
f 1897/1891/1864 1905/1900/1872 1912/1901/1873 1904/1892/1865
f 1898/1893/1866 1906/1902/1874 1905/1903/1872 1897/1894/1864
f 1899/1895/1867 1907/1904/1875 1906/1902/1874 1898/1893/1866
f 1900/1896/1868 1908/1905/1876 1907/1904/1875 1899/1895/1867
f 1901/1897/1869 1909/1906/1877 1908/1905/1876 1900/1896/1868
f 1902/1898/1870 1910/1907/1878 1909/1906/1877 1901/1897/1869
f 1903/1899/1871 1911/1908/1879 1910/1907/1878 1902/1898/1870
f 1904/1892/1865 1912/1901/1873 1911/1908/1879 1903/1899/1871
f 1905/1900/1872 1913/1909/1880 1920/1910/1881 1912/1901/1873
f 1906/1902/1874 1914/1911/1882 1913/1912/1880 1905/1903/1872
f 1907/1904/1875 1915/1913/1883 1914/1911/1882 1906/1902/1874
f 1908/1905/1876 1916/1914/1884 1915/1913/1883 1907/1904/1875
f 1909/1906/1877 1917/1915/1885 1916/1914/1884 1908/1905/1876
f 1910/1907/1878 1918/1916/1886 1917/1915/1885 1909/1906/1877
f 1911/1908/1879 1919/1917/1887 1918/1916/1886 1910/1907/1878
f 1912/1901/1873 1920/1910/1881 1919/1917/1887 1911/1908/1879
f 1913/1909/1880 1921/694/1888 1928/695/1889 1920/1910/1881
f 1914/1911/1882 1922/696/1890 1921/697/1888 1913/1912/1880
f 1915/1913/1883 1923/698/1891 1922/696/1890 1914/1911/1882
f 1916/1914/1884 1924/699/1892 1923/698/1891 1915/1913/1883
f 1917/1915/1885 1925/700/1893 1924/699/1892 1916/1914/1884
f 1918/1916/1886 1926/701/1894 1925/700/1893 1917/1915/1885
f 1919/1917/1887 1927/702/1895 1926/701/1894 1918/1916/1886
f 1920/1910/1881 1928/695/1889 1927/702/1895 1919/1917/1887
f 1921/694/1888 1929/1918/1896 1936/1919/1897 1928/695/1889
f 1922/696/1890 1930/1920/1898 1929/1921/1896 1921/697/1888
f 1923/698/1891 1931/1922/1899 1930/1920/1898 1922/696/1890
f 1924/699/1892 1932/1923/1900 1931/1922/1899 1923/698/1891
f 1925/700/1893 1933/1924/1901 1932/1923/1900 1924/699/1892
f 1926/701/1894 1934/1925/1902 1933/1924/1901 1925/700/1893
f 1927/702/1895 1935/1926/1903 1934/1925/1902 1926/701/1894
f 1928/695/1889 1936/1919/1897 1935/1926/1903 1927/702/1895
f 1929/1918/1896 1937/1927/1904 1944/1928/1905 1936/1919/1897
f 1930/1920/1898 1938/1929/837 1937/1930/1904 1929/1921/1896
f 1931/1922/1899 1939/1931/1906 1938/1929/837 1930/1920/1898
f 1932/1923/1900 1940/1932/1907 1939/1931/1906 1931/1922/1899
f 1933/1924/1901 1941/1933/1908 1940/1932/1907 1932/1923/1900
f 1934/1925/1902 1942/1934/841 1941/1933/1908 1933/1924/1901
f 1935/1926/1903 1943/1935/1909 1942/1934/841 1934/1925/1902
f 1936/1919/1897 1944/1928/1905 1943/1935/1909 1935/1926/1903
f 1937/1927/1904 1945/1936/1910 1952/1937/1911 1944/1928/1905
f 1938/1929/837 1946/1938/1912 1945/1939/1910 1937/1930/1904
f 1939/1931/1906 1947/1940/1913 1946/1938/1912 1938/1929/837
f 1940/1932/1907 1948/1941/1914 1947/1940/1913 1939/1931/1906
f 1941/1933/1908 1949/1942/1915 1948/1941/1914 1940/1932/1907
f 1942/1934/841 1950/1943/1916 1949/1942/1915 1941/1933/1908
f 1943/1935/1909 1951/1944/1917 1950/1943/1916 1942/1934/841
f 1944/1928/1905 1952/1937/1911 1951/1944/1917 1943/1935/1909
f 1945/1936/1910 1953/1945/1918 1960/1946/852 1952/1937/1911
f 1946/1938/1912 1954/1947/1919 1953/1948/1918 1945/1939/1910
f 1947/1940/1913 1955/1949/1920 1954/1947/1919 1946/1938/1912
f 1948/1941/1914 1956/1950/855 1955/1949/1920 1947/1940/1913
f 1949/1942/1915 1957/1951/1921 1956/1950/855 1948/1941/1914
f 1950/1943/1916 1958/1952/1922 1957/1951/1921 1949/1942/1915
f 1951/1944/1917 1959/1953/1923 1958/1952/1922 1950/1943/1916
f 1952/1937/1911 1960/1946/852 1959/1953/1923 1951/1944/1917
f 1953/1945/1918 1961/1954/1924 1968/1955/1925 1960/1946/852
f 1954/1947/1919 1962/1956/1926 1961/1957/1924 1953/1948/1918
f 1955/1949/1920 1963/1958/1927 1962/1956/1926 1954/1947/1919
f 1956/1950/855 1964/1959/1928 1963/1958/1927 1955/1949/1920
f 1957/1951/1921 1965/1960/1929 1964/1959/1928 1956/1950/855
f 1958/1952/1922 1966/1961/1930 1965/1960/1929 1957/1951/1921
f 1959/1953/1923 1967/1962/1931 1966/1961/1930 1958/1952/1922
f 1960/1946/852 1968/1955/1925 1967/1962/1931 1959/1953/1923
f 1961/1954/1924 1969/1963/1932 1976/1964/1933 1968/1955/1925
f 1962/1956/1926 1970/1965/1934 1969/1966/1932 1961/1957/1924
f 1963/1958/1927 1971/1967/1935 1970/1965/1934 1962/1956/1926
f 1964/1959/1928 1972/1968/1936 1971/1967/1935 1963/1958/1927
f 1965/1960/1929 1973/1969/1937 1972/1968/1936 1964/1959/1928
f 1966/1961/1930 1974/1970/1938 1973/1969/1937 1965/1960/1929
f 1967/1962/1931 1975/1971/1939 1974/1970/1938 1966/1961/1930
f 1968/1955/1925 1976/1964/1933 1975/1971/1939 1967/1962/1931
f 1969/1963/1932 1977/1972/1940 1984/1973/719 1976/1964/1933
f 1970/1965/1934 1978/1974/1941 1977/1975/1940 1969/1966/1932
f 1971/1967/1935 1979/1976/1942 1978/1974/1941 1970/1965/1934
f 1972/1968/1936 1980/1977/1943 1979/1976/1942 1971/1967/1935
f 1973/1969/1937 1981/1978/1944 1980/1977/1943 1972/1968/1936
f 1974/1970/1938 1982/1979/1945 1981/1978/1944 1973/1969/1937
f 1975/1971/1939 1983/1980/1946 1982/1979/1945 1974/1970/1938
f 1976/1964/1933 1984/1973/719 1983/1980/1946 1975/1971/1939
f 1977/1972/1940 1985/1981/1947 1992/1982/1948 1984/1973/719
f 1978/1974/1941 1986/1983/1949 1985/1984/1947 1977/1975/1940
f 1979/1976/1942 1987/1985/1950 1986/1983/1949 1978/1974/1941
f 1980/1977/1943 1988/1986/1951 1987/1985/1950 1979/1976/1942
f 1981/1978/1944 1989/1987/1952 1988/1986/1951 1980/1977/1943
f 1982/1979/1945 1990/1988/1953 1989/1987/1952 1981/1978/1944
f 1983/1980/1946 1991/1989/1954 1990/1988/1953 1982/1979/1945
f 1984/1973/719 1992/1982/1948 1991/1989/1954 1983/1980/1946
f 1985/1981/1947 1345/334/1322 1352/335/1325 1992/1982/1948
f 1986/1983/1949 1346/336/1326 1345/337/1322 1985/1984/1947
f 1987/1985/1950 1347/338/1328 1346/336/1326 1986/1983/1949
f 1988/1986/1951 1348/339/1330 1347/338/1328 1987/1985/1950
f 1989/1987/1952 1349/340/1332 1348/339/1330 1988/1986/1951
f 1990/1988/1953 1350/341/1334 1349/340/1332 1989/1987/1952
f 1991/1989/1954 1351/342/1336 1350/341/1334 1990/1988/1953
f 1992/1982/1948 1352/335/1325 1351/342/1336 1991/1989/1954
f 1993/1/1 2001/811/219 2008/812/220 2000/4/4
f 1994/5/5 2002/813/221 2001/814/219 1993/8/1
f 1995/9/7 2003/815/222 2002/813/221 1994/5/5
f 1996/11/9 2004/816/223 2003/815/222 1995/9/7
f 1997/13/11 2005/817/224 2004/816/223 1996/11/9
f 1998/15/13 2006/818/225 2005/817/224 1997/13/11
f 1999/17/15 2007/819/226 2006/818/225 1998/15/13
f 2000/4/4 2008/812/220 2007/819/226 1999/17/15
f 2001/811/219 2009/892/1458 2016/893/9 2008/812/220
f 2002/813/221 2010/894/1459 2009/895/1458 2001/814/219
f 2003/815/222 2011/896/1460 2010/894/1459 2002/813/221
f 2004/816/223 2012/897/4 2011/896/1460 2003/815/222
f 2005/817/224 2013/898/1461 2012/897/4 2004/816/223
f 2006/818/225 2014/899/1462 2013/898/1461 2005/817/224
f 2007/819/226 2015/900/1463 2014/899/1462 2006/818/225
f 2008/812/220 2016/893/9 2015/900/1463 2007/819/226
f 2009/892/1458 2017/973/1955 2024/974/223 2016/893/9
f 2010/894/1459 2018/975/1956 2017/976/1955 2009/895/1458
f 2011/896/1460 2019/977/1957 2018/975/1956 2010/894/1459
f 2012/897/4 2020/978/220 2019/977/1957 2011/896/1460
f 2013/898/1461 2021/979/1958 2020/978/220 2012/897/4
f 2014/899/1462 2022/980/1959 2021/979/1958 2013/898/1461
f 2015/900/1463 2023/981/1960 2022/980/1959 2014/899/1462
f 2016/893/9 2024/974/223 2023/981/1960 2015/900/1463
f 2017/973/1955 1993/334/1 2000/335/4 2024/974/223
f 2018/975/1956 1994/336/5 1993/337/1 2017/976/1955
f 2019/977/1957 1995/338/7 1994/336/5 2018/975/1956
f 2020/978/220 1996/339/9 1995/338/7 2019/977/1957
f 2021/979/1958 1997/340/11 1996/339/9 2020/978/220
f 2022/980/1959 1998/341/13 1997/340/11 2021/979/1958
f 2023/981/1960 1999/342/15 1998/341/13 2022/980/1959
f 2024/974/223 2000/335/4 1999/342/15 2023/981/1960
f 2025/1/1 2033/1990/219 2040/1991/220 2032/4/4
f 2026/5/5 2034/1992/221 2033/1993/219 2025/8/1
f 2027/9/7 2035/1994/222 2034/1992/221 2026/5/5
f 2028/11/9 2036/1995/223 2035/1994/222 2027/9/7
f 2029/13/11 2037/1996/224 2036/1995/223 2028/11/9
f 2030/15/13 2038/1997/225 2037/1996/224 2029/13/11
f 2031/17/15 2039/1998/226 2038/1997/225 2030/15/13
f 2032/4/4 2040/1991/220 2039/1998/226 2031/17/15
f 2033/1990/219 2041/1279/1458 2048/1280/9 2040/1991/220
f 2034/1992/221 2042/1281/1459 2041/1282/1458 2033/1993/219
f 2035/1994/222 2043/1283/1460 2042/1281/1459 2034/1992/221
f 2036/1995/223 2044/1284/4 2043/1283/1460 2035/1994/222
f 2037/1996/224 2045/1285/1461 2044/1284/4 2036/1995/223
f 2038/1997/225 2046/1286/1462 2045/1285/1461 2037/1996/224
f 2039/1998/226 2047/1287/1463 2046/1286/1462 2038/1997/225
f 2040/1991/220 2048/1280/9 2047/1287/1463 2039/1998/226
f 2041/1279/1458 2049/811/1955 2056/812/223 2048/1280/9
f 2042/1281/1459 2050/813/1956 2049/814/1955 2041/1282/1458
f 2043/1283/1460 2051/815/1957 2050/813/1956 2042/1281/1459
f 2044/1284/4 2052/816/220 2051/815/1957 2043/1283/1460
f 2045/1285/1461 2053/817/1958 2052/816/220 2044/1284/4
f 2046/1286/1462 2054/818/1959 2053/817/1958 2045/1285/1461
f 2047/1287/1463 2055/819/1960 2054/818/1959 2046/1286/1462
f 2048/1280/9 2056/812/223 2055/819/1960 2047/1287/1463
f 2049/811/1955 2057/469/1 2064/470/4 2056/812/223
f 2050/813/1956 2058/471/5 2057/472/1 2049/814/1955
f 2051/815/1957 2059/473/7 2058/471/5 2050/813/1956
f 2052/816/220 2060/474/9 2059/473/7 2051/815/1957
f 2053/817/1958 2061/475/11 2060/474/9 2052/816/220
f 2054/818/1959 2062/476/13 2061/475/11 2053/817/1958
f 2055/819/1960 2063/477/15 2062/476/13 2054/818/1959
f 2056/812/223 2064/470/4 2063/477/15 2055/819/1960
f 2057/469/1 2065/1999/1460 2072/2000/4 2064/470/4
f 2058/471/5 2066/2001/1459 2065/2002/1460 2057/472/1
f 2059/473/7 2067/2003/1458 2066/2001/1459 2058/471/5
f 2060/474/9 2068/2004/9 2067/2003/1458 2059/473/7
f 2061/475/11 2069/2005/1463 2068/2004/9 2060/474/9
f 2062/476/13 2070/2006/1462 2069/2005/1463 2061/475/11
f 2063/477/15 2071/2007/1461 2070/2006/1462 2062/476/13
f 2064/470/4 2072/2000/4 2071/2007/1461 2063/477/15
f 2065/1999/1460 2073/892/222 2080/893/223 2072/2000/4
f 2066/2001/1459 2074/894/221 2073/895/222 2065/2002/1460
f 2067/2003/1458 2075/896/219 2074/894/221 2066/2001/1459
f 2068/2004/9 2076/897/220 2075/896/219 2067/2003/1458
f 2069/2005/1463 2077/898/226 2076/897/220 2068/2004/9
f 2070/2006/1462 2078/899/225 2077/898/226 2069/2005/1463
f 2071/2007/1461 2079/900/224 2078/899/225 2070/2006/1462
f 2072/2000/4 2080/893/223 2079/900/224 2071/2007/1461
f 2073/892/222 2081/2008/1955 2088/2009/223 2080/893/223
f 2074/894/221 2082/2010/1956 2081/2011/1955 2073/895/222
f 2075/896/219 2083/2012/1957 2082/2010/1956 2074/894/221
f 2076/897/220 2084/2013/220 2083/2012/1957 2075/896/219
f 2077/898/226 2085/2014/1958 2084/2013/220 2076/897/220
f 2078/899/225 2086/2015/1959 2085/2014/1958 2077/898/226
f 2079/900/224 2087/2016/1960 2086/2015/1959 2078/899/225
f 2080/893/223 2088/2009/223 2087/2016/1960 2079/900/224
f 2081/2008/1955 2089/604/1 2096/605/4 2088/2009/223
f 2082/2010/1956 2090/606/5 2089/607/1 2081/2011/1955
f 2083/2012/1957 2091/608/7 2090/606/5 2082/2010/1956
f 2084/2013/220 2092/609/9 2091/608/7 2083/2012/1957
f 2085/2014/1958 2093/610/11 2092/609/9 2084/2013/220
f 2086/2015/1959 2094/611/13 2093/610/11 2085/2014/1958
f 2087/2016/1960 2095/612/15 2094/611/13 2086/2015/1959
f 2088/2009/223 2096/605/4 2095/612/15 2087/2016/1960
f 2089/604/1 2097/973/1460 2104/974/4 2096/605/4
f 2090/606/5 2098/975/1459 2097/976/1460 2089/607/1
f 2091/608/7 2099/977/1458 2098/975/1459 2090/606/5
f 2092/609/9 2100/978/9 2099/977/1458 2091/608/7
f 2093/610/11 2101/979/1463 2100/978/9 2092/609/9
f 2094/611/13 2102/980/1462 2101/979/1463 2093/610/11
f 2095/612/15 2103/981/1461 2102/980/1462 2094/611/13
f 2096/605/4 2104/974/4 2103/981/1461 2095/612/15
f 2097/973/1460 2105/1324/222 2112/1325/223 2104/974/4
f 2098/975/1459 2106/1326/221 2105/1327/222 2097/976/1460
f 2099/977/1458 2107/1328/219 2106/1326/221 2098/975/1459
f 2100/978/9 2108/1329/220 2107/1328/219 2099/977/1458
f 2101/979/1463 2109/1330/226 2108/1329/220 2100/978/9
f 2102/980/1462 2110/1331/225 2109/1330/226 2101/979/1463
f 2103/981/1461 2111/1332/224 2110/1331/225 2102/980/1462
f 2104/974/4 2112/1325/223 2111/1332/224 2103/981/1461
f 2105/1324/222 2113/2017/1955 2120/2018/223 2112/1325/223
f 2106/1326/221 2114/2019/1956 2113/2020/1955 2105/1327/222
f 2107/1328/219 2115/2021/1957 2114/2019/1956 2106/1326/221
f 2108/1329/220 2116/2022/220 2115/2021/1957 2107/1328/219
f 2109/1330/226 2117/2023/1958 2116/2022/220 2108/1329/220
f 2110/1331/225 2118/2024/1959 2117/2023/1958 2109/1330/226
f 2111/1332/224 2119/2025/1960 2118/2024/1959 2110/1331/225
f 2112/1325/223 2120/2018/223 2119/2025/1960 2111/1332/224
f 2113/2017/1955 2025/334/1 2032/335/4 2120/2018/223
f 2114/2019/1956 2026/336/5 2025/337/1 2113/2020/1955
f 2115/2021/1957 2027/338/7 2026/336/5 2114/2019/1956
f 2116/2022/220 2028/339/9 2027/338/7 2115/2021/1957
f 2117/2023/1958 2029/340/11 2028/339/9 2116/2022/220
f 2118/2024/1959 2030/341/13 2029/340/11 2117/2023/1958
f 2119/2025/1960 2031/342/15 2030/341/13 2118/2024/1959
f 2120/2018/223 2032/335/4 2031/342/15 2119/2025/1960
f 2121/1/1961 2129/748/1962 2136/749/1963 2128/4/1964
f 2122/5/1965 2130/750/1966 2129/751/1962 2121/8/1961
f 2123/9/1967 2131/752/1968 2130/750/1966 2122/5/1965
f 2124/11/1969 2132/753/1970 2131/752/1968 2123/9/1967
f 2125/13/1971 2133/754/1972 2132/753/1970 2124/11/1969
f 2126/15/1973 2134/755/1974 2133/754/1972 2125/13/1971
f 2127/17/1975 2135/756/1976 2134/755/1974 2126/15/1973
f 2128/4/1964 2136/749/1963 2135/756/1976 2127/17/1975
f 2129/748/1962 2137/766/1977 2144/767/1978 2136/749/1963
f 2130/750/1966 2138/768/1979 2137/769/1977 2129/751/1962
f 2131/752/1968 2139/770/1980 2138/768/1979 2130/750/1966
f 2132/753/1970 2140/771/1981 2139/770/1980 2131/752/1968
f 2133/754/1972 2141/772/1982 2140/771/1981 2132/753/1970
f 2134/755/1974 2142/773/1983 2141/772/1982 2133/754/1972
f 2135/756/1976 2143/774/1984 2142/773/1983 2134/755/1974
f 2136/749/1963 2144/767/1978 2143/774/1984 2135/756/1976
f 2137/766/1977 2145/784/1985 2152/785/1986 2144/767/1978
f 2138/768/1979 2146/786/1987 2145/787/1985 2137/769/1977
f 2139/770/1980 2147/788/1988 2146/786/1987 2138/768/1979
f 2140/771/1981 2148/789/1989 2147/788/1988 2139/770/1980
f 2141/772/1982 2149/790/1990 2148/789/1989 2140/771/1981
f 2142/773/1983 2150/791/1991 2149/790/1990 2141/772/1982
f 2143/774/1984 2151/792/1992 2150/791/1991 2142/773/1983
f 2144/767/1978 2152/785/1986 2151/792/1992 2143/774/1984
f 2145/784/1985 2153/415/1993 2160/416/1994 2152/785/1986
f 2146/786/1987 2154/417/1995 2153/418/1993 2145/787/1985
f 2147/788/1988 2155/419/1996 2154/417/1995 2146/786/1987
f 2148/789/1989 2156/420/1997 2155/419/1996 2147/788/1988
f 2149/790/1990 2157/421/1998 2156/420/1997 2148/789/1989
f 2150/791/1991 2158/422/1999 2157/421/1998 2149/790/1990
f 2151/792/1992 2159/423/2000 2158/422/1999 2150/791/1991
f 2152/785/1986 2160/416/1994 2159/423/2000 2151/792/1992
f 2153/415/1993 2161/811/2001 2168/812/2002 2160/416/1994
f 2154/417/1995 2162/813/2003 2161/814/2001 2153/418/1993
f 2155/419/1996 2163/815/2004 2162/813/2003 2154/417/1995
f 2156/420/1997 2164/816/2005 2163/815/2004 2155/419/1996
f 2157/421/1998 2165/817/2006 2164/816/2005 2156/420/1997
f 2158/422/1999 2166/818/2007 2165/817/2006 2157/421/1998
f 2159/423/2000 2167/819/2008 2166/818/2007 2158/422/1999
f 2160/416/1994 2168/812/2002 2167/819/2008 2159/423/2000
f 2161/811/2001 2169/829/2009 2176/830/2010 2168/812/2002
f 2162/813/2003 2170/831/2011 2169/832/2009 2161/814/2001
f 2163/815/2004 2171/833/2012 2170/831/2011 2162/813/2003
f 2164/816/2005 2172/834/2013 2171/833/2012 2163/815/2004
f 2165/817/2006 2173/835/2014 2172/834/2013 2164/816/2005
f 2166/818/2007 2174/836/2015 2173/835/2014 2165/817/2006
f 2167/819/2008 2175/837/2016 2174/836/2015 2166/818/2007
f 2168/812/2002 2176/830/2010 2175/837/2016 2167/819/2008
f 2169/829/2009 2177/847/2017 2184/848/2018 2176/830/2010
f 2170/831/2011 2178/849/2019 2177/850/2017 2169/832/2009
f 2171/833/2012 2179/851/2020 2178/849/2019 2170/831/2011
f 2172/834/2013 2180/852/2021 2179/851/2020 2171/833/2012
f 2173/835/2014 2181/853/2022 2180/852/2021 2172/834/2013
f 2174/836/2015 2182/854/2023 2181/853/2022 2173/835/2014
f 2175/837/2016 2183/855/2024 2182/854/2023 2174/836/2015
f 2176/830/2010 2184/848/2018 2183/855/2024 2175/837/2016
f 2177/847/2017 2185/496/2025 2192/497/2026 2184/848/2018
f 2178/849/2019 2186/498/2027 2185/499/2025 2177/850/2017
f 2179/851/2020 2187/500/2028 2186/498/2027 2178/849/2019
f 2180/852/2021 2188/501/2029 2187/500/2028 2179/851/2020
f 2181/853/2022 2189/502/2030 2188/501/2029 2180/852/2021
f 2182/854/2023 2190/503/2031 2189/502/2030 2181/853/2022
f 2183/855/2024 2191/504/2032 2190/503/2031 2182/854/2023
f 2184/848/2018 2192/497/2026 2191/504/2032 2183/855/2024
f 2185/496/2025 2193/874/2033 2200/875/2034 2192/497/2026
f 2186/498/2027 2194/876/2035 2193/877/2033 2185/499/2025
f 2187/500/2028 2195/878/2036 2194/876/2035 2186/498/2027
f 2188/501/2029 2196/879/2037 2195/878/2036 2187/500/2028
f 2189/502/2030 2197/880/2038 2196/879/2037 2188/501/2029
f 2190/503/2031 2198/881/2039 2197/880/2038 2189/502/2030
f 2191/504/2032 2199/882/2040 2198/881/2039 2190/503/2031
f 2192/497/2026 2200/875/2034 2199/882/2040 2191/504/2032
f 2193/874/2033 2201/892/2041 2208/893/2042 2200/875/2034
f 2194/876/2035 2202/894/2043 2201/895/2041 2193/877/2033
f 2195/878/2036 2203/896/2044 2202/894/2043 2194/876/2035
f 2196/879/2037 2204/897/2045 2203/896/2044 2195/878/2036
f 2197/880/2038 2205/898/2046 2204/897/2045 2196/879/2037
f 2198/881/2039 2206/899/2047 2205/898/2046 2197/880/2038
f 2199/882/2040 2207/900/2048 2206/899/2047 2198/881/2039
f 2200/875/2034 2208/893/2042 2207/900/2048 2199/882/2040
f 2201/892/2041 2209/910/2049 2216/911/2050 2208/893/2042
f 2202/894/2043 2210/912/2051 2209/913/2049 2201/895/2041
f 2203/896/2044 2211/914/2052 2210/912/2051 2202/894/2043
f 2204/897/2045 2212/915/2053 2211/914/2052 2203/896/2044
f 2205/898/2046 2213/916/2054 2212/915/2053 2204/897/2045
f 2206/899/2047 2214/917/2055 2213/916/2054 2205/898/2046
f 2207/900/2048 2215/918/2056 2214/917/2055 2206/899/2047
f 2208/893/2042 2216/911/2050 2215/918/2056 2207/900/2048
f 2209/910/2049 2217/577/2057 2224/578/2058 2216/911/2050
f 2210/912/2051 2218/579/2059 2217/580/2057 2209/913/2049
f 2211/914/2052 2219/581/2060 2218/579/2059 2210/912/2051
f 2212/915/2053 2220/582/2061 2219/581/2060 2211/914/2052
f 2213/916/2054 2221/583/2062 2220/582/2061 2212/915/2053
f 2214/917/2055 2222/584/2063 2221/583/2062 2213/916/2054
f 2215/918/2056 2223/585/2064 2222/584/2063 2214/917/2055
f 2216/911/2050 2224/578/2058 2223/585/2064 2215/918/2056
f 2217/577/2057 2225/937/2065 2232/938/2066 2224/578/2058
f 2218/579/2059 2226/939/2067 2225/940/2065 2217/580/2057
f 2219/581/2060 2227/941/2068 2226/939/2067 2218/579/2059
f 2220/582/2061 2228/942/2069 2227/941/2068 2219/581/2060
f 2221/583/2062 2229/943/2070 2228/942/2069 2220/582/2061
f 2222/584/2063 2230/944/2071 2229/943/2070 2221/583/2062
f 2223/585/2064 2231/945/2072 2230/944/2071 2222/584/2063
f 2224/578/2058 2232/938/2066 2231/945/2072 2223/585/2064
f 2225/937/2065 2233/955/2073 2240/956/2074 2232/938/2066
f 2226/939/2067 2234/957/2075 2233/958/2073 2225/940/2065
f 2227/941/2068 2235/959/2076 2234/957/2075 2226/939/2067
f 2228/942/2069 2236/960/2077 2235/959/2076 2227/941/2068
f 2229/943/2070 2237/961/2078 2236/960/2077 2228/942/2069
f 2230/944/2071 2238/962/2079 2237/961/2078 2229/943/2070
f 2231/945/2072 2239/963/2080 2238/962/2079 2230/944/2071
f 2232/938/2066 2240/956/2074 2239/963/2080 2231/945/2072
f 2233/955/2073 2241/973/2081 2248/974/2082 2240/956/2074
f 2234/957/2075 2242/975/2083 2241/976/2081 2233/958/2073
f 2235/959/2076 2243/977/2084 2242/975/2083 2234/957/2075
f 2236/960/2077 2244/978/2085 2243/977/2084 2235/959/2076
f 2237/961/2078 2245/979/2086 2244/978/2085 2236/960/2077
f 2238/962/2079 2246/980/2087 2245/979/2086 2237/961/2078
f 2239/963/2080 2247/981/2088 2246/980/2087 2238/962/2079
f 2240/956/2074 2248/974/2082 2247/981/2088 2239/963/2080
f 2241/973/2081 2249/658/2089 2256/659/2090 2248/974/2082
f 2242/975/2083 2250/660/2091 2249/661/2089 2241/976/2081
f 2243/977/2084 2251/662/2092 2250/660/2091 2242/975/2083
f 2244/978/2085 2252/663/2093 2251/662/2092 2243/977/2084
f 2245/979/2086 2253/664/2094 2252/663/2093 2244/978/2085
f 2246/980/2087 2254/665/2095 2253/664/2094 2245/979/2086
f 2247/981/2088 2255/666/2096 2254/665/2095 2246/980/2087
f 2248/974/2082 2256/659/2090 2255/666/2096 2247/981/2088
f 2249/658/2089 2257/1000/2097 2264/1001/2098 2256/659/2090
f 2250/660/2091 2258/1002/2099 2257/1003/2097 2249/661/2089
f 2251/662/2092 2259/1004/2100 2258/1002/2099 2250/660/2091
f 2252/663/2093 2260/1005/2101 2259/1004/2100 2251/662/2092
f 2253/664/2094 2261/1006/2102 2260/1005/2101 2252/663/2093
f 2254/665/2095 2262/1007/2103 2261/1006/2102 2253/664/2094
f 2255/666/2096 2263/1008/2104 2262/1007/2103 2254/665/2095
f 2256/659/2090 2264/1001/2098 2263/1008/2104 2255/666/2096
f 2257/1000/2097 2265/1018/2105 2272/1019/2106 2264/1001/2098
f 2258/1002/2099 2266/1020/2107 2265/1021/2105 2257/1003/2097
f 2259/1004/2100 2267/1022/2108 2266/1020/2107 2258/1002/2099
f 2260/1005/2101 2268/1023/2109 2267/1022/2108 2259/1004/2100
f 2261/1006/2102 2269/1024/2110 2268/1023/2109 2260/1005/2101
f 2262/1007/2103 2270/1025/2111 2269/1024/2110 2261/1006/2102
f 2263/1008/2104 2271/1026/2112 2270/1025/2111 2262/1007/2103
f 2264/1001/2098 2272/1019/2106 2271/1026/2112 2263/1008/2104
f 2265/1018/2105 2273/1036/1458 2280/1037/9 2272/1019/2106
f 2266/1020/2107 2274/1038/1459 2273/1039/1458 2265/1021/2105
f 2267/1022/2108 2275/1040/1460 2274/1038/1459 2266/1020/2107
f 2268/1023/2109 2276/1041/4 2275/1040/1460 2267/1022/2108
f 2269/1024/2110 2277/1042/1461 2276/1041/4 2268/1023/2109
f 2270/1025/2111 2278/1043/1462 2277/1042/1461 2269/1024/2110
f 2271/1026/2112 2279/1044/1463 2278/1043/1462 2270/1025/2111
f 2272/1019/2106 2280/1037/9 2279/1044/1463 2271/1026/2112
f 2273/1036/1458 2121/334/1961 2128/335/1964 2280/1037/9
f 2274/1038/1459 2122/336/1965 2121/337/1961 2273/1039/1458
f 2275/1040/1460 2123/338/1967 2122/336/1965 2274/1038/1459
f 2276/1041/4 2124/339/1969 2123/338/1967 2275/1040/1460
f 2277/1042/1461 2125/340/1971 2124/339/1969 2276/1041/4
f 2278/1043/1462 2126/341/1973 2125/340/1971 2277/1042/1461
f 2279/1044/1463 2127/342/1975 2126/341/1973 2278/1043/1462
f 2280/1037/9 2128/335/1964 2127/342/1975 2279/1044/1463
f 2281/1/2113 2289/2026/2114 2296/2027/2115 2288/4/2116
f 2282/5/2117 2290/2028/2118 2289/2029/2114 2281/8/2113
f 2283/9/2119 2291/2030/2120 2290/2028/2118 2282/5/2117
f 2284/11/2121 2292/2031/2122 2291/2030/2120 2283/9/2119
f 2285/13/2123 2293/2032/2124 2292/2031/2122 2284/11/2121
f 2286/15/2125 2294/2033/2126 2293/2032/2124 2285/13/2123
f 2287/17/2127 2295/2034/2128 2294/2033/2126 2286/15/2125
f 2288/4/2116 2296/2027/2115 2295/2034/2128 2287/17/2127
f 2289/2026/2114 2297/2035/2129 2304/2036/2130 2296/2027/2115
f 2290/2028/2118 2298/2037/2131 2297/2038/2129 2289/2029/2114
f 2291/2030/2120 2299/2039/2132 2298/2037/2131 2290/2028/2118
f 2292/2031/2122 2300/2040/2133 2299/2039/2132 2291/2030/2120
f 2293/2032/2124 2301/2041/2134 2300/2040/2133 2292/2031/2122
f 2294/2033/2126 2302/2042/2135 2301/2041/2134 2293/2032/2124
f 2295/2034/2128 2303/2043/2136 2302/2042/2135 2294/2033/2126
f 2296/2027/2115 2304/2036/2130 2303/2043/2136 2295/2034/2128
f 2297/2035/2129 2305/2044/2137 2312/2045/2138 2304/2036/2130
f 2298/2037/2131 2306/2046/2139 2305/2047/2137 2297/2038/2129
f 2299/2039/2132 2307/2048/2140 2306/2046/2139 2298/2037/2131
f 2300/2040/2133 2308/2049/2141 2307/2048/2140 2299/2039/2132
f 2301/2041/2134 2309/2050/2142 2308/2049/2141 2300/2040/2133
f 2302/2042/2135 2310/2051/2143 2309/2050/2142 2301/2041/2134
f 2303/2043/2136 2311/2052/2144 2310/2051/2143 2302/2042/2135
f 2304/2036/2130 2312/2045/2138 2311/2052/2144 2303/2043/2136
f 2305/2044/2137 2313/2053/2145 2320/2054/2146 2312/2045/2138
f 2306/2046/2139 2314/2055/2147 2313/2056/2145 2305/2047/2137
f 2307/2048/2140 2315/2057/2148 2314/2055/2147 2306/2046/2139
f 2308/2049/2141 2316/2058/2149 2315/2057/2148 2307/2048/2140
f 2309/2050/2142 2317/2059/2150 2316/2058/2149 2308/2049/2141
f 2310/2051/2143 2318/2060/2151 2317/2059/2150 2309/2050/2142
f 2311/2052/2144 2319/2061/2152 2318/2060/2151 2310/2051/2143
f 2312/2045/2138 2320/2054/2146 2319/2061/2152 2311/2052/2144
f 2313/2053/2145 2321/2062/2153 2328/2063/2154 2320/2054/2146
f 2314/2055/2147 2322/2064/2155 2321/2065/2153 2313/2056/2145
f 2315/2057/2148 2323/2066/2156 2322/2064/2155 2314/2055/2147
f 2316/2058/2149 2324/2067/2157 2323/2066/2156 2315/2057/2148
f 2317/2059/2150 2325/2068/2158 2324/2067/2157 2316/2058/2149
f 2318/2060/2151 2326/2069/2159 2325/2068/2158 2317/2059/2150
f 2319/2061/2152 2327/2070/2160 2326/2069/2159 2318/2060/2151
f 2320/2054/2146 2328/2063/2154 2327/2070/2160 2319/2061/2152
f 2321/2062/2153 2329/2071/2161 2336/2072/2162 2328/2063/2154
f 2322/2064/2155 2330/2073/2163 2329/2074/2161 2321/2065/2153
f 2323/2066/2156 2331/2075/2164 2330/2073/2163 2322/2064/2155
f 2324/2067/2157 2332/2076/2165 2331/2075/2164 2323/2066/2156
f 2325/2068/2158 2333/2077/2166 2332/2076/2165 2324/2067/2157
f 2326/2069/2159 2334/2078/2167 2333/2077/2166 2325/2068/2158
f 2327/2070/2160 2335/2079/2168 2334/2078/2167 2326/2069/2159
f 2328/2063/2154 2336/2072/2162 2335/2079/2168 2327/2070/2160
f 2329/2071/2161 2337/2080/2169 2344/2081/2170 2336/2072/2162
f 2330/2073/2163 2338/2082/2171 2337/2083/2169 2329/2074/2161
f 2331/2075/2164 2339/2084/2172 2338/2082/2171 2330/2073/2163
f 2332/2076/2165 2340/2085/2173 2339/2084/2172 2331/2075/2164
f 2333/2077/2166 2341/2086/2174 2340/2085/2173 2332/2076/2165
f 2334/2078/2167 2342/2087/2175 2341/2086/2174 2333/2077/2166
f 2335/2079/2168 2343/2088/2176 2342/2087/2175 2334/2078/2167
f 2336/2072/2162 2344/2081/2170 2343/2088/2176 2335/2079/2168
f 2337/2080/2169 2345/2089/2177 2352/2090/2178 2344/2081/2170
f 2338/2082/2171 2346/2091/2179 2345/2092/2177 2337/2083/2169
f 2339/2084/2172 2347/2093/2180 2346/2091/2179 2338/2082/2171
f 2340/2085/2173 2348/2094/2181 2347/2093/2180 2339/2084/2172
f 2341/2086/2174 2349/2095/2182 2348/2094/2181 2340/2085/2173
f 2342/2087/2175 2350/2096/2183 2349/2095/2182 2341/2086/2174
f 2343/2088/2176 2351/2097/2184 2350/2096/2183 2342/2087/2175
f 2344/2081/2170 2352/2090/2178 2351/2097/2184 2343/2088/2176
f 2345/2089/2177 2353/2098/2185 2360/2099/2186 2352/2090/2178
f 2346/2091/2179 2354/2100/2187 2353/2101/2185 2345/2092/2177
f 2347/2093/2180 2355/2102/2188 2354/2100/2187 2346/2091/2179
f 2348/2094/2181 2356/2103/2189 2355/2102/2188 2347/2093/2180
f 2349/2095/2182 2357/2104/2190 2356/2103/2189 2348/2094/2181
f 2350/2096/2183 2358/2105/2191 2357/2104/2190 2349/2095/2182
f 2351/2097/2184 2359/2106/2192 2358/2105/2191 2350/2096/2183
f 2352/2090/2178 2360/2099/2186 2359/2106/2192 2351/2097/2184
f 2353/2098/2185 2361/2107/2193 2368/2108/2194 2360/2099/2186
f 2354/2100/2187 2362/2109/2195 2361/2110/2193 2353/2101/2185
f 2355/2102/2188 2363/2111/2196 2362/2109/2195 2354/2100/2187
f 2356/2103/2189 2364/2112/2197 2363/2111/2196 2355/2102/2188
f 2357/2104/2190 2365/2113/2198 2364/2112/2197 2356/2103/2189
f 2358/2105/2191 2366/2114/2199 2365/2113/2198 2357/2104/2190
f 2359/2106/2192 2367/2115/2200 2366/2114/2199 2358/2105/2191
f 2360/2099/2186 2368/2108/2194 2367/2115/2200 2359/2106/2192
f 2361/2107/2193 2369/2116/2201 2376/2117/2202 2368/2108/2194
f 2362/2109/2195 2370/2118/2203 2369/2119/2201 2361/2110/2193
f 2363/2111/2196 2371/2120/2204 2370/2118/2203 2362/2109/2195
f 2364/2112/2197 2372/2121/2205 2371/2120/2204 2363/2111/2196
f 2365/2113/2198 2373/2122/2206 2372/2121/2205 2364/2112/2197
f 2366/2114/2199 2374/2123/2207 2373/2122/2206 2365/2113/2198
f 2367/2115/2200 2375/2124/2208 2374/2123/2207 2366/2114/2199
f 2368/2108/2194 2376/2117/2202 2375/2124/2208 2367/2115/2200
f 2369/2116/2201 2377/2125/2209 2384/2126/2210 2376/2117/2202
f 2370/2118/2203 2378/2127/2211 2377/2128/2209 2369/2119/2201
f 2371/2120/2204 2379/2129/2212 2378/2127/2211 2370/2118/2203
f 2372/2121/2205 2380/2130/2213 2379/2129/2212 2371/2120/2204
f 2373/2122/2206 2381/2131/2214 2380/2130/2213 2372/2121/2205
f 2374/2123/2207 2382/2132/2215 2381/2131/2214 2373/2122/2206
f 2375/2124/2208 2383/2133/2216 2382/2132/2215 2374/2123/2207
f 2376/2117/2202 2384/2126/2210 2383/2133/2216 2375/2124/2208
f 2377/2125/2209 2385/2134/2217 2392/2135/2218 2384/2126/2210
f 2378/2127/2211 2386/2136/2219 2385/2137/2217 2377/2128/2209
f 2379/2129/2212 2387/2138/2220 2386/2136/2219 2378/2127/2211
f 2380/2130/2213 2388/2139/2221 2387/2138/2220 2379/2129/2212
f 2381/2131/2214 2389/2140/2222 2388/2139/2221 2380/2130/2213
f 2382/2132/2215 2390/2141/2223 2389/2140/2222 2381/2131/2214
f 2383/2133/2216 2391/2142/2224 2390/2141/2223 2382/2132/2215
f 2384/2126/2210 2392/2135/2218 2391/2142/2224 2383/2133/2216
f 2385/2134/2217 2393/2143/2225 2400/2144/2226 2392/2135/2218
f 2386/2136/2219 2394/2145/2227 2393/2146/2225 2385/2137/2217
f 2387/2138/2220 2395/2147/2228 2394/2145/2227 2386/2136/2219
f 2388/2139/2221 2396/2148/2229 2395/2147/2228 2387/2138/2220
f 2389/2140/2222 2397/2149/2230 2396/2148/2229 2388/2139/2221
f 2390/2141/2223 2398/2150/2231 2397/2149/2230 2389/2140/2222
f 2391/2142/2224 2399/2151/2232 2398/2150/2231 2390/2141/2223
f 2392/2135/2218 2400/2144/2226 2399/2151/2232 2391/2142/2224
f 2393/2143/2225 2401/2152/2233 2408/2153/2234 2400/2144/2226
f 2394/2145/2227 2402/2154/2235 2401/2155/2233 2393/2146/2225
f 2395/2147/2228 2403/2156/2236 2402/2154/2235 2394/2145/2227
f 2396/2148/2229 2404/2157/2237 2403/2156/2236 2395/2147/2228
f 2397/2149/2230 2405/2158/2238 2404/2157/2237 2396/2148/2229
f 2398/2150/2231 2406/2159/2239 2405/2158/2238 2397/2149/2230
f 2399/2151/2232 2407/2160/2240 2406/2159/2239 2398/2150/2231
f 2400/2144/2226 2408/2153/2234 2407/2160/2240 2399/2151/2232
f 2401/2152/2233 2409/2161/2241 2416/2162/2242 2408/2153/2234
f 2402/2154/2235 2410/2163/2243 2409/2164/2241 2401/2155/2233
f 2403/2156/2236 2411/2165/2244 2410/2163/2243 2402/2154/2235
f 2404/2157/2237 2412/2166/2245 2411/2165/2244 2403/2156/2236
f 2405/2158/2238 2413/2167/2246 2412/2166/2245 2404/2157/2237
f 2406/2159/2239 2414/2168/2247 2413/2167/2246 2405/2158/2238
f 2407/2160/2240 2415/2169/2248 2414/2168/2247 2406/2159/2239
f 2408/2153/2234 2416/2162/2242 2415/2169/2248 2407/2160/2240
f 2409/2161/2241 2417/2170/2249 2424/2171/2250 2416/2162/2242
f 2410/2163/2243 2418/2172/2251 2417/2173/2249 2409/2164/2241
f 2411/2165/2244 2419/2174/2252 2418/2172/2251 2410/2163/2243
f 2412/2166/2245 2420/2175/2253 2419/2174/2252 2411/2165/2244
f 2413/2167/2246 2421/2176/2254 2420/2175/2253 2412/2166/2245
f 2414/2168/2247 2422/2177/2255 2421/2176/2254 2413/2167/2246
f 2415/2169/2248 2423/2178/2256 2422/2177/2255 2414/2168/2247
f 2416/2162/2242 2424/2171/2250 2423/2178/2256 2415/2169/2248
f 2417/2170/2249 2425/2179/2257 2432/2180/2258 2424/2171/2250
f 2418/2172/2251 2426/2181/2259 2425/2182/2257 2417/2173/2249
f 2419/2174/2252 2427/2183/2260 2426/2181/2259 2418/2172/2251
f 2420/2175/2253 2428/2184/2261 2427/2183/2260 2419/2174/2252
f 2421/2176/2254 2429/2185/2262 2428/2184/2261 2420/2175/2253
f 2422/2177/2255 2430/2186/2263 2429/2185/2262 2421/2176/2254
f 2423/2178/2256 2431/2187/2264 2430/2186/2263 2422/2177/2255
f 2424/2171/2250 2432/2180/2258 2431/2187/2264 2423/2178/2256
f 2425/2179/2257 2433/2188/2265 2440/2189/2266 2432/2180/2258
f 2426/2181/2259 2434/2190/2267 2433/2191/2265 2425/2182/2257
f 2427/2183/2260 2435/2192/2268 2434/2190/2267 2426/2181/2259
f 2428/2184/2261 2436/2193/2269 2435/2192/2268 2427/2183/2260
f 2429/2185/2262 2437/2194/2270 2436/2193/2269 2428/2184/2261
f 2430/2186/2263 2438/2195/2271 2437/2194/2270 2429/2185/2262
f 2431/2187/2264 2439/2196/2272 2438/2195/2271 2430/2186/2263
f 2432/2180/2258 2440/2189/2266 2439/2196/2272 2431/2187/2264
f 2433/2188/2265 2441/2197/2273 2448/2198/2274 2440/2189/2266
f 2434/2190/2267 2442/2199/2275 2441/2200/2273 2433/2191/2265
f 2435/2192/2268 2443/2201/2276 2442/2199/2275 2434/2190/2267
f 2436/2193/2269 2444/2202/2277 2443/2201/2276 2435/2192/2268
f 2437/2194/2270 2445/2203/2278 2444/2202/2277 2436/2193/2269
f 2438/2195/2271 2446/2204/2279 2445/2203/2278 2437/2194/2270
f 2439/2196/2272 2447/2205/2280 2446/2204/2279 2438/2195/2271
f 2440/2189/2266 2448/2198/2274 2447/2205/2280 2439/2196/2272
f 2441/2197/2273 2449/1081/2281 2456/1082/2282 2448/2198/2274
f 2442/2199/2275 2450/1083/2283 2449/1084/2281 2441/2200/2273
f 2443/2201/2276 2451/1085/2284 2450/1083/2283 2442/2199/2275
f 2444/2202/2277 2452/1086/2285 2451/1085/2284 2443/2201/2276
f 2445/2203/2278 2453/1087/2286 2452/1086/2285 2444/2202/2277
f 2446/2204/2279 2454/1088/2287 2453/1087/2286 2445/2203/2278
f 2447/2205/2280 2455/1089/2288 2454/1088/2287 2446/2204/2279
f 2448/2198/2274 2456/1082/2282 2455/1089/2288 2447/2205/2280
f 2449/1081/2281 2457/2206/2289 2464/2207/2290 2456/1082/2282
f 2450/1083/2283 2458/2208/2291 2457/2209/2289 2449/1084/2281
f 2451/1085/2284 2459/2210/2292 2458/2208/2291 2450/1083/2283
f 2452/1086/2285 2460/2211/2293 2459/2210/2292 2451/1085/2284
f 2453/1087/2286 2461/2212/2294 2460/2211/2293 2452/1086/2285
f 2454/1088/2287 2462/2213/2295 2461/2212/2294 2453/1087/2286
f 2455/1089/2288 2463/2214/2296 2462/2213/2295 2454/1088/2287
f 2456/1082/2282 2464/2207/2290 2463/2214/2296 2455/1089/2288
f 2457/2206/2289 2465/2215/2297 2472/2216/2298 2464/2207/2290
f 2458/2208/2291 2466/2217/2299 2465/2218/2297 2457/2209/2289
f 2459/2210/2292 2467/2219/2300 2466/2217/2299 2458/2208/2291
f 2460/2211/2293 2468/2220/2301 2467/2219/2300 2459/2210/2292
f 2461/2212/2294 2469/2221/2302 2468/2220/2301 2460/2211/2293
f 2462/2213/2295 2470/2222/2303 2469/2221/2302 2461/2212/2294
f 2463/2214/2296 2471/2223/2304 2470/2222/2303 2462/2213/2295
f 2464/2207/2290 2472/2216/2298 2471/2223/2304 2463/2214/2296
f 2465/2215/2297 2473/2224/2305 2480/2225/2306 2472/2216/2298
f 2466/2217/2299 2474/2226/2307 2473/2227/2305 2465/2218/2297
f 2467/2219/2300 2475/2228/2308 2474/2226/2307 2466/2217/2299
f 2468/2220/2301 2476/2229/2309 2475/2228/2308 2467/2219/2300
f 2469/2221/2302 2477/2230/2310 2476/2229/2309 2468/2220/2301
f 2470/2222/2303 2478/2231/2311 2477/2230/2310 2469/2221/2302
f 2471/2223/2304 2479/2232/2312 2478/2231/2311 2470/2222/2303
f 2472/2216/2298 2480/2225/2306 2479/2232/2312 2471/2223/2304
f 2473/2224/2305 2481/2233/2313 2488/2234/2314 2480/2225/2306
f 2474/2226/2307 2482/2235/2315 2481/2236/2313 2473/2227/2305
f 2475/2228/2308 2483/2237/2316 2482/2235/2315 2474/2226/2307
f 2476/2229/2309 2484/2238/2317 2483/2237/2316 2475/2228/2308
f 2477/2230/2310 2485/2239/2318 2484/2238/2317 2476/2229/2309
f 2478/2231/2311 2486/2240/2319 2485/2239/2318 2477/2230/2310
f 2479/2232/2312 2487/2241/2320 2486/2240/2319 2478/2231/2311
f 2480/2225/2306 2488/2234/2314 2487/2241/2320 2479/2232/2312
f 2481/2233/2313 2489/2242/2321 2496/2243/2322 2488/2234/2314
f 2482/2235/2315 2490/2244/2323 2489/2245/2321 2481/2236/2313
f 2483/2237/2316 2491/2246/2324 2490/2244/2323 2482/2235/2315
f 2484/2238/2317 2492/2247/2325 2491/2246/2324 2483/2237/2316
f 2485/2239/2318 2493/2248/2326 2492/2247/2325 2484/2238/2317
f 2486/2240/2319 2494/2249/2327 2493/2248/2326 2485/2239/2318
f 2487/2241/2320 2495/2250/2328 2494/2249/2327 2486/2240/2319
f 2488/2234/2314 2496/2243/2322 2495/2250/2328 2487/2241/2320
f 2489/2242/2321 2497/2251/2329 2504/2252/2330 2496/2243/2322
f 2490/2244/2323 2498/2253/2331 2497/2254/2329 2489/2245/2321
f 2491/2246/2324 2499/2255/2332 2498/2253/2331 2490/2244/2323
f 2492/2247/2325 2500/2256/2333 2499/2255/2332 2491/2246/2324
f 2493/2248/2326 2501/2257/2334 2500/2256/2333 2492/2247/2325
f 2494/2249/2327 2502/2258/2335 2501/2257/2334 2493/2248/2326
f 2495/2250/2328 2503/2259/2336 2502/2258/2335 2494/2249/2327
f 2496/2243/2322 2504/2252/2330 2503/2259/2336 2495/2250/2328
f 2497/2251/2329 2505/2260/2337 2512/2261/2338 2504/2252/2330
f 2498/2253/2331 2506/2262/2339 2505/2263/2337 2497/2254/2329
f 2499/2255/2332 2507/2264/2340 2506/2262/2339 2498/2253/2331
f 2500/2256/2333 2508/2265/2341 2507/2264/2340 2499/2255/2332
f 2501/2257/2334 2509/2266/2342 2508/2265/2341 2500/2256/2333
f 2502/2258/2335 2510/2267/2343 2509/2266/2342 2501/2257/2334
f 2503/2259/2336 2511/2268/2344 2510/2267/2343 2502/2258/2335
f 2504/2252/2330 2512/2261/2338 2511/2268/2344 2503/2259/2336
f 2505/2260/2337 2513/2269/2345 2520/2270/2346 2512/2261/2338
f 2506/2262/2339 2514/2271/2347 2513/2272/2345 2505/2263/2337
f 2507/2264/2340 2515/2273/2348 2514/2271/2347 2506/2262/2339
f 2508/2265/2341 2516/2274/2349 2515/2273/2348 2507/2264/2340
f 2509/2266/2342 2517/2275/2350 2516/2274/2349 2508/2265/2341
f 2510/2267/2343 2518/2276/2351 2517/2275/2350 2509/2266/2342
f 2511/2268/2344 2519/2277/2352 2518/2276/2351 2510/2267/2343
f 2512/2261/2338 2520/2270/2346 2519/2277/2352 2511/2268/2344
f 2513/2269/2345 2521/2278/2353 2528/2279/2354 2520/2270/2346
f 2514/2271/2347 2522/2280/2355 2521/2281/2353 2513/2272/2345
f 2515/2273/2348 2523/2282/2356 2522/2280/2355 2514/2271/2347
f 2516/2274/2349 2524/2283/2357 2523/2282/2356 2515/2273/2348
f 2517/2275/2350 2525/2284/2358 2524/2283/2357 2516/2274/2349
f 2518/2276/2351 2526/2285/2359 2525/2284/2358 2517/2275/2350
f 2519/2277/2352 2527/2286/2360 2526/2285/2359 2518/2276/2351
f 2520/2270/2346 2528/2279/2354 2527/2286/2360 2519/2277/2352
f 2521/2278/2353 2529/2287/2361 2536/2288/2362 2528/2279/2354
f 2522/2280/2355 2530/2289/2363 2529/2290/2361 2521/2281/2353
f 2523/2282/2356 2531/2291/2364 2530/2289/2363 2522/2280/2355
f 2524/2283/2357 2532/2292/2365 2531/2291/2364 2523/2282/2356
f 2525/2284/2358 2533/2293/2366 2532/2292/2365 2524/2283/2357
f 2526/2285/2359 2534/2294/2367 2533/2293/2366 2525/2284/2358
f 2527/2286/2360 2535/2295/2368 2534/2294/2367 2526/2285/2359
f 2528/2279/2354 2536/2288/2362 2535/2295/2368 2527/2286/2360
f 2529/2287/2361 2537/2296/2369 2544/2297/2370 2536/2288/2362
f 2530/2289/2363 2538/2298/2371 2537/2299/2369 2529/2290/2361
f 2531/2291/2364 2539/2300/2372 2538/2298/2371 2530/2289/2363
f 2532/2292/2365 2540/2301/2373 2539/2300/2372 2531/2291/2364
f 2533/2293/2366 2541/2302/2374 2540/2301/2373 2532/2292/2365
f 2534/2294/2367 2542/2303/2375 2541/2302/2374 2533/2293/2366
f 2535/2295/2368 2543/2304/2376 2542/2303/2375 2534/2294/2367
f 2536/2288/2362 2544/2297/2370 2543/2304/2376 2535/2295/2368
f 2537/2296/2369 2545/2305/2377 2552/2306/2378 2544/2297/2370
f 2538/2298/2371 2546/2307/2379 2545/2308/2377 2537/2299/2369
f 2539/2300/2372 2547/2309/2380 2546/2307/2379 2538/2298/2371
f 2540/2301/2373 2548/2310/2381 2547/2309/2380 2539/2300/2372
f 2541/2302/2374 2549/2311/2382 2548/2310/2381 2540/2301/2373
f 2542/2303/2375 2550/2312/2383 2549/2311/2382 2541/2302/2374
f 2543/2304/2376 2551/2313/2384 2550/2312/2383 2542/2303/2375
f 2544/2297/2370 2552/2306/2378 2551/2313/2384 2543/2304/2376
f 2545/2305/2377 2553/2314/2385 2560/2315/2386 2552/2306/2378
f 2546/2307/2379 2554/2316/2387 2553/2317/2385 2545/2308/2377
f 2547/2309/2380 2555/2318/2388 2554/2316/2387 2546/2307/2379
f 2548/2310/2381 2556/2319/2389 2555/2318/2388 2547/2309/2380
f 2549/2311/2382 2557/2320/2390 2556/2319/2389 2548/2310/2381
f 2550/2312/2383 2558/2321/2391 2557/2320/2390 2549/2311/2382
f 2551/2313/2384 2559/2322/2392 2558/2321/2391 2550/2312/2383
f 2552/2306/2378 2560/2315/2386 2559/2322/2392 2551/2313/2384
f 2553/2314/2385 2561/2323/2393 2568/2324/2394 2560/2315/2386
f 2554/2316/2387 2562/2325/2395 2561/2326/2393 2553/2317/2385
f 2555/2318/2388 2563/2327/2396 2562/2325/2395 2554/2316/2387
f 2556/2319/2389 2564/2328/2397 2563/2327/2396 2555/2318/2388
f 2557/2320/2390 2565/2329/2398 2564/2328/2397 2556/2319/2389
f 2558/2321/2391 2566/2330/2399 2565/2329/2398 2557/2320/2390
f 2559/2322/2392 2567/2331/2400 2566/2330/2399 2558/2321/2391
f 2560/2315/2386 2568/2324/2394 2567/2331/2400 2559/2322/2392
f 2561/2323/2393 2569/2332/2401 2576/2333/2402 2568/2324/2394
f 2562/2325/2395 2570/2334/2403 2569/2335/2401 2561/2326/2393
f 2563/2327/2396 2571/2336/2404 2570/2334/2403 2562/2325/2395
f 2564/2328/2397 2572/2337/2405 2571/2336/2404 2563/2327/2396
f 2565/2329/2398 2573/2338/2406 2572/2337/2405 2564/2328/2397
f 2566/2330/2399 2574/2339/2407 2573/2338/2406 2565/2329/2398
f 2567/2331/2400 2575/2340/2408 2574/2339/2407 2566/2330/2399
f 2568/2324/2394 2576/2333/2402 2575/2340/2408 2567/2331/2400
f 2569/2332/2401 2577/2341/2409 2584/2342/2410 2576/2333/2402
f 2570/2334/2403 2578/2343/2411 2577/2344/2409 2569/2335/2401
f 2571/2336/2404 2579/2345/2412 2578/2343/2411 2570/2334/2403
f 2572/2337/2405 2580/2346/2413 2579/2345/2412 2571/2336/2404
f 2573/2338/2406 2581/2347/2414 2580/2346/2413 2572/2337/2405
f 2574/2339/2407 2582/2348/2415 2581/2347/2414 2573/2338/2406
f 2575/2340/2408 2583/2349/2416 2582/2348/2415 2574/2339/2407
f 2576/2333/2402 2584/2342/2410 2583/2349/2416 2575/2340/2408
f 2577/2341/2409 2585/2350/2417 2592/2351/2418 2584/2342/2410
f 2578/2343/2411 2586/2352/2419 2585/2353/2417 2577/2344/2409
f 2579/2345/2412 2587/2354/2420 2586/2352/2419 2578/2343/2411
f 2580/2346/2413 2588/2355/2421 2587/2354/2420 2579/2345/2412
f 2581/2347/2414 2589/2356/2422 2588/2355/2421 2580/2346/2413
f 2582/2348/2415 2590/2357/2423 2589/2356/2422 2581/2347/2414
f 2583/2349/2416 2591/2358/2424 2590/2357/2423 2582/2348/2415
f 2584/2342/2410 2592/2351/2418 2591/2358/2424 2583/2349/2416
f 2585/2350/2417 2593/2359/2425 2600/2360/2426 2592/2351/2418
f 2586/2352/2419 2594/2361/2427 2593/2362/2425 2585/2353/2417
f 2587/2354/2420 2595/2363/2428 2594/2361/2427 2586/2352/2419
f 2588/2355/2421 2596/2364/2429 2595/2363/2428 2587/2354/2420
f 2589/2356/2422 2597/2365/2430 2596/2364/2429 2588/2355/2421
f 2590/2357/2423 2598/2366/2431 2597/2365/2430 2589/2356/2422
f 2591/2358/2424 2599/2367/2432 2598/2366/2431 2590/2357/2423
f 2592/2351/2418 2600/2360/2426 2599/2367/2432 2591/2358/2424
f 2593/2359/2425 2601/2368/2433 2608/2369/2434 2600/2360/2426
f 2594/2361/2427 2602/2370/2435 2601/2371/2433 2593/2362/2425
f 2595/2363/2428 2603/2372/2436 2602/2370/2435 2594/2361/2427
f 2596/2364/2429 2604/2373/2437 2603/2372/2436 2595/2363/2428
f 2597/2365/2430 2605/2374/2438 2604/2373/2437 2596/2364/2429
f 2598/2366/2431 2606/2375/2439 2605/2374/2438 2597/2365/2430
f 2599/2367/2432 2607/2376/2440 2606/2375/2439 2598/2366/2431
f 2600/2360/2426 2608/2369/2434 2607/2376/2440 2599/2367/2432
f 2601/2368/2433 2609/2377/2441 2616/2378/2442 2608/2369/2434
f 2602/2370/2435 2610/2379/2443 2609/2380/2441 2601/2371/2433
f 2603/2372/2436 2611/2381/2444 2610/2379/2443 2602/2370/2435
f 2604/2373/2437 2612/2382/2445 2611/2381/2444 2603/2372/2436
f 2605/2374/2438 2613/2383/2446 2612/2382/2445 2604/2373/2437
f 2606/2375/2439 2614/2384/2447 2613/2383/2446 2605/2374/2438
f 2607/2376/2440 2615/2385/2448 2614/2384/2447 2606/2375/2439
f 2608/2369/2434 2616/2378/2442 2615/2385/2448 2607/2376/2440
f 2609/2377/2441 2617/1108/2449 2624/1109/2450 2616/2378/2442
f 2610/2379/2443 2618/1110/2451 2617/1111/2449 2609/2380/2441
f 2611/2381/2444 2619/1112/2452 2618/1110/2451 2610/2379/2443
f 2612/2382/2445 2620/1113/2453 2619/1112/2452 2611/2381/2444
f 2613/2383/2446 2621/1114/2454 2620/1113/2453 2612/2382/2445
f 2614/2384/2447 2622/1115/2455 2621/1114/2454 2613/2383/2446
f 2615/2385/2448 2623/1116/2456 2622/1115/2455 2614/2384/2447
f 2616/2378/2442 2624/1109/2450 2623/1116/2456 2615/2385/2448
f 2617/1108/2449 2625/2386/2457 2632/2387/2458 2624/1109/2450
f 2618/1110/2451 2626/2388/2459 2625/2389/2457 2617/1111/2449
f 2619/1112/2452 2627/2390/2460 2626/2388/2459 2618/1110/2451
f 2620/1113/2453 2628/2391/2461 2627/2390/2460 2619/1112/2452
f 2621/1114/2454 2629/2392/2462 2628/2391/2461 2620/1113/2453
f 2622/1115/2455 2630/2393/2463 2629/2392/2462 2621/1114/2454
f 2623/1116/2456 2631/2394/2464 2630/2393/2463 2622/1115/2455
f 2624/1109/2450 2632/2387/2458 2631/2394/2464 2623/1116/2456
f 2625/2386/2457 2633/2395/2465 2640/2396/2466 2632/2387/2458
f 2626/2388/2459 2634/2397/2467 2633/2398/2465 2625/2389/2457
f 2627/2390/2460 2635/2399/2468 2634/2397/2467 2626/2388/2459
f 2628/2391/2461 2636/2400/2469 2635/2399/2468 2627/2390/2460
f 2629/2392/2462 2637/2401/2470 2636/2400/2469 2628/2391/2461
f 2630/2393/2463 2638/2402/2471 2637/2401/2470 2629/2392/2462
f 2631/2394/2464 2639/2403/2472 2638/2402/2471 2630/2393/2463
f 2632/2387/2458 2640/2396/2466 2639/2403/2472 2631/2394/2464
f 2633/2395/2465 2641/2404/2473 2648/2405/2474 2640/2396/2466
f 2634/2397/2467 2642/2406/2475 2641/2407/2473 2633/2398/2465
f 2635/2399/2468 2643/2408/2476 2642/2406/2475 2634/2397/2467
f 2636/2400/2469 2644/2409/2477 2643/2408/2476 2635/2399/2468
f 2637/2401/2470 2645/2410/2478 2644/2409/2477 2636/2400/2469
f 2638/2402/2471 2646/2411/2479 2645/2410/2478 2637/2401/2470
f 2639/2403/2472 2647/2412/2480 2646/2411/2479 2638/2402/2471
f 2640/2396/2466 2648/2405/2474 2647/2412/2480 2639/2403/2472
f 2641/2404/2473 2649/2413/2481 2656/2414/2482 2648/2405/2474
f 2642/2406/2475 2650/2415/2483 2649/2416/2481 2641/2407/2473
f 2643/2408/2476 2651/2417/2484 2650/2415/2483 2642/2406/2475
f 2644/2409/2477 2652/2418/2485 2651/2417/2484 2643/2408/2476
f 2645/2410/2478 2653/2419/2486 2652/2418/2485 2644/2409/2477
f 2646/2411/2479 2654/2420/2487 2653/2419/2486 2645/2410/2478
f 2647/2412/2480 2655/2421/2488 2654/2420/2487 2646/2411/2479
f 2648/2405/2474 2656/2414/2482 2655/2421/2488 2647/2412/2480
f 2649/2413/2481 2657/2422/2489 2664/2423/2490 2656/2414/2482
f 2650/2415/2483 2658/2424/2491 2657/2425/2489 2649/2416/2481
f 2651/2417/2484 2659/2426/2492 2658/2424/2491 2650/2415/2483
f 2652/2418/2485 2660/2427/2493 2659/2426/2492 2651/2417/2484
f 2653/2419/2486 2661/2428/2494 2660/2427/2493 2652/2418/2485
f 2654/2420/2487 2662/2429/2495 2661/2428/2494 2653/2419/2486
f 2655/2421/2488 2663/2430/2496 2662/2429/2495 2654/2420/2487
f 2656/2414/2482 2664/2423/2490 2663/2430/2496 2655/2421/2488
f 2657/2422/2489 2665/2431/2497 2672/2432/2498 2664/2423/2490
f 2658/2424/2491 2666/2433/2499 2665/2434/2497 2657/2425/2489
f 2659/2426/2492 2667/2435/2500 2666/2433/2499 2658/2424/2491
f 2660/2427/2493 2668/2436/2501 2667/2435/2500 2659/2426/2492
f 2661/2428/2494 2669/2437/2502 2668/2436/2501 2660/2427/2493
f 2662/2429/2495 2670/2438/2503 2669/2437/2502 2661/2428/2494
f 2663/2430/2496 2671/2439/2504 2670/2438/2503 2662/2429/2495
f 2664/2423/2490 2672/2432/2498 2671/2439/2504 2663/2430/2496
f 2665/2431/2497 2673/469/2505 2680/470/2506 2672/2432/2498
f 2666/2433/2499 2674/471/2507 2673/472/2505 2665/2434/2497
f 2667/2435/2500 2675/473/2508 2674/471/2507 2666/2433/2499
f 2668/2436/2501 2676/474/2509 2675/473/2508 2667/2435/2500
f 2669/2437/2502 2677/475/2510 2676/474/2509 2668/2436/2501
f 2670/2438/2503 2678/476/2511 2677/475/2510 2669/2437/2502
f 2671/2439/2504 2679/477/2512 2678/476/2511 2670/2438/2503
f 2672/2432/2498 2680/470/2506 2679/477/2512 2671/2439/2504
f 2673/469/2505 2681/2440/2513 2688/2441/2514 2680/470/2506
f 2674/471/2507 2682/2442/2515 2681/2443/2513 2673/472/2505
f 2675/473/2508 2683/2444/2516 2682/2442/2515 2674/471/2507
f 2676/474/2509 2684/2445/2517 2683/2444/2516 2675/473/2508
f 2677/475/2510 2685/2446/2518 2684/2445/2517 2676/474/2509
f 2678/476/2511 2686/2447/2519 2685/2446/2518 2677/475/2510
f 2679/477/2512 2687/2448/2520 2686/2447/2519 2678/476/2511
f 2680/470/2506 2688/2441/2514 2687/2448/2520 2679/477/2512
f 2681/2440/2513 2689/2449/2521 2696/2450/2522 2688/2441/2514
f 2682/2442/2515 2690/2451/2523 2689/2452/2521 2681/2443/2513
f 2683/2444/2516 2691/2453/2524 2690/2451/2523 2682/2442/2515
f 2684/2445/2517 2692/2454/2525 2691/2453/2524 2683/2444/2516
f 2685/2446/2518 2693/2455/2526 2692/2454/2525 2684/2445/2517
f 2686/2447/2519 2694/2456/2527 2693/2455/2526 2685/2446/2518
f 2687/2448/2520 2695/2457/2528 2694/2456/2527 2686/2447/2519
f 2688/2441/2514 2696/2450/2522 2695/2457/2528 2687/2448/2520
f 2689/2449/2521 2697/2458/2529 2704/2459/2530 2696/2450/2522
f 2690/2451/2523 2698/2460/2531 2697/2461/2529 2689/2452/2521
f 2691/2453/2524 2699/2462/2532 2698/2460/2531 2690/2451/2523
f 2692/2454/2525 2700/2463/2533 2699/2462/2532 2691/2453/2524
f 2693/2455/2526 2701/2464/2534 2700/2463/2533 2692/2454/2525
f 2694/2456/2527 2702/2465/2535 2701/2464/2534 2693/2455/2526
f 2695/2457/2528 2703/2466/2536 2702/2465/2535 2694/2456/2527
f 2696/2450/2522 2704/2459/2530 2703/2466/2536 2695/2457/2528
f 2697/2458/2529 2705/2467/2537 2712/2468/2538 2704/2459/2530
f 2698/2460/2531 2706/2469/2539 2705/2470/2537 2697/2461/2529
f 2699/2462/2532 2707/2471/2540 2706/2469/2539 2698/2460/2531
f 2700/2463/2533 2708/2472/2541 2707/2471/2540 2699/2462/2532
f 2701/2464/2534 2709/2473/2542 2708/2472/2541 2700/2463/2533
f 2702/2465/2535 2710/2474/2543 2709/2473/2542 2701/2464/2534
f 2703/2466/2536 2711/2475/2544 2710/2474/2543 2702/2465/2535
f 2704/2459/2530 2712/2468/2538 2711/2475/2544 2703/2466/2536
f 2705/2467/2537 2713/2476/2545 2720/2477/2546 2712/2468/2538
f 2706/2469/2539 2714/2478/2547 2713/2479/2545 2705/2470/2537
f 2707/2471/2540 2715/2480/2548 2714/2478/2547 2706/2469/2539
f 2708/2472/2541 2716/2481/2549 2715/2480/2548 2707/2471/2540
f 2709/2473/2542 2717/2482/2550 2716/2481/2549 2708/2472/2541
f 2710/2474/2543 2718/2483/2551 2717/2482/2550 2709/2473/2542
f 2711/2475/2544 2719/2484/2552 2718/2483/2551 2710/2474/2543
f 2712/2468/2538 2720/2477/2546 2719/2484/2552 2711/2475/2544
f 2713/2476/2545 2721/2485/2553 2728/2486/2554 2720/2477/2546
f 2714/2478/2547 2722/2487/2555 2721/2488/2553 2713/2479/2545
f 2715/2480/2548 2723/2489/2556 2722/2487/2555 2714/2478/2547
f 2716/2481/2549 2724/2490/2557 2723/2489/2556 2715/2480/2548
f 2717/2482/2550 2725/2491/2558 2724/2490/2557 2716/2481/2549
f 2718/2483/2551 2726/2492/2559 2725/2491/2558 2717/2482/2550
f 2719/2484/2552 2727/2493/2560 2726/2492/2559 2718/2483/2551
f 2720/2477/2546 2728/2486/2554 2727/2493/2560 2719/2484/2552
f 2721/2485/2553 2729/2494/2561 2736/2495/2562 2728/2486/2554
f 2722/2487/2555 2730/2496/2563 2729/2497/2561 2721/2488/2553
f 2723/2489/2556 2731/2498/2564 2730/2496/2563 2722/2487/2555
f 2724/2490/2557 2732/2499/2565 2731/2498/2564 2723/2489/2556
f 2725/2491/2558 2733/2500/2566 2732/2499/2565 2724/2490/2557
f 2726/2492/2559 2734/2501/2567 2733/2500/2566 2725/2491/2558
f 2727/2493/2560 2735/2502/2568 2734/2501/2567 2726/2492/2559
f 2728/2486/2554 2736/2495/2562 2735/2502/2568 2727/2493/2560
f 2729/2494/2561 2737/2503/2569 2744/2504/2570 2736/2495/2562
f 2730/2496/2563 2738/2505/2571 2737/2506/2569 2729/2497/2561
f 2731/2498/2564 2739/2507/2572 2738/2505/2571 2730/2496/2563
f 2732/2499/2565 2740/2508/2573 2739/2507/2572 2731/2498/2564
f 2733/2500/2566 2741/2509/2574 2740/2508/2573 2732/2499/2565
f 2734/2501/2567 2742/2510/2575 2741/2509/2574 2733/2500/2566
f 2735/2502/2568 2743/2511/2576 2742/2510/2575 2734/2501/2567
f 2736/2495/2562 2744/2504/2570 2743/2511/2576 2735/2502/2568
f 2737/2503/2569 2745/2512/2577 2752/2513/2578 2744/2504/2570
f 2738/2505/2571 2746/2514/2579 2745/2515/2577 2737/2506/2569
f 2739/2507/2572 2747/2516/2580 2746/2514/2579 2738/2505/2571
f 2740/2508/2573 2748/2517/2581 2747/2516/2580 2739/2507/2572
f 2741/2509/2574 2749/2518/2582 2748/2517/2581 2740/2508/2573
f 2742/2510/2575 2750/2519/2583 2749/2518/2582 2741/2509/2574
f 2743/2511/2576 2751/2520/2584 2750/2519/2583 2742/2510/2575
f 2744/2504/2570 2752/2513/2578 2751/2520/2584 2743/2511/2576
f 2745/2512/2577 2753/2521/2585 2760/2522/2586 2752/2513/2578
f 2746/2514/2579 2754/2523/2587 2753/2524/2585 2745/2515/2577
f 2747/2516/2580 2755/2525/2588 2754/2523/2587 2746/2514/2579
f 2748/2517/2581 2756/2526/2589 2755/2525/2588 2747/2516/2580
f 2749/2518/2582 2757/2527/2590 2756/2526/2589 2748/2517/2581
f 2750/2519/2583 2758/2528/2591 2757/2527/2590 2749/2518/2582
f 2751/2520/2584 2759/2529/2592 2758/2528/2591 2750/2519/2583
f 2752/2513/2578 2760/2522/2586 2759/2529/2592 2751/2520/2584
f 2753/2521/2585 2761/2530/2593 2768/2531/2594 2760/2522/2586
f 2754/2523/2587 2762/2532/2595 2761/2533/2593 2753/2524/2585
f 2755/2525/2588 2763/2534/2596 2762/2532/2595 2754/2523/2587
f 2756/2526/2589 2764/2535/2597 2763/2534/2596 2755/2525/2588
f 2757/2527/2590 2765/2536/2598 2764/2535/2597 2756/2526/2589
f 2758/2528/2591 2766/2537/2599 2765/2536/2598 2757/2527/2590
f 2759/2529/2592 2767/2538/2600 2766/2537/2599 2758/2528/2591
f 2760/2522/2586 2768/2531/2594 2767/2538/2600 2759/2529/2592
f 2761/2530/2593 2769/2539/2601 2776/2540/2602 2768/2531/2594
f 2762/2532/2595 2770/2541/2603 2769/2542/2601 2761/2533/2593
f 2763/2534/2596 2771/2543/2604 2770/2541/2603 2762/2532/2595
f 2764/2535/2597 2772/2544/2605 2771/2543/2604 2763/2534/2596
f 2765/2536/2598 2773/2545/2606 2772/2544/2605 2764/2535/2597
f 2766/2537/2599 2774/2546/2607 2773/2545/2606 2765/2536/2598
f 2767/2538/2600 2775/2547/2608 2774/2546/2607 2766/2537/2599
f 2768/2531/2594 2776/2540/2602 2775/2547/2608 2767/2538/2600
f 2769/2539/2601 2777/2548/2609 2784/2549/2610 2776/2540/2602
f 2770/2541/2603 2778/2550/2611 2777/2551/2609 2769/2542/2601
f 2771/2543/2604 2779/2552/2612 2778/2550/2611 2770/2541/2603
f 2772/2544/2605 2780/2553/2613 2779/2552/2612 2771/2543/2604
f 2773/2545/2606 2781/2554/2614 2780/2553/2613 2772/2544/2605
f 2774/2546/2607 2782/2555/2615 2781/2554/2614 2773/2545/2606
f 2775/2547/2608 2783/2556/2616 2782/2555/2615 2774/2546/2607
f 2776/2540/2602 2784/2549/2610 2783/2556/2616 2775/2547/2608
f 2777/2548/2609 2785/1144/2617 2792/1145/2618 2784/2549/2610
f 2778/2550/2611 2786/1146/2619 2785/1147/2617 2777/2551/2609
f 2779/2552/2612 2787/1148/2620 2786/1146/2619 2778/2550/2611
f 2780/2553/2613 2788/1149/2621 2787/1148/2620 2779/2552/2612
f 2781/2554/2614 2789/1150/2622 2788/1149/2621 2780/2553/2613
f 2782/2555/2615 2790/1151/2623 2789/1150/2622 2781/2554/2614
f 2783/2556/2616 2791/1152/2624 2790/1151/2623 2782/2555/2615
f 2784/2549/2610 2792/1145/2618 2791/1152/2624 2783/2556/2616
f 2785/1144/2617 2793/2557/2625 2800/2558/2626 2792/1145/2618
f 2786/1146/2619 2794/2559/2627 2793/2560/2625 2785/1147/2617
f 2787/1148/2620 2795/2561/2628 2794/2559/2627 2786/1146/2619
f 2788/1149/2621 2796/2562/2629 2795/2561/2628 2787/1148/2620
f 2789/1150/2622 2797/2563/2630 2796/2562/2629 2788/1149/2621
f 2790/1151/2623 2798/2564/2631 2797/2563/2630 2789/1150/2622
f 2791/1152/2624 2799/2565/2632 2798/2564/2631 2790/1151/2623
f 2792/1145/2618 2800/2558/2626 2799/2565/2632 2791/1152/2624
f 2793/2557/2625 2801/2566/2633 2808/2567/2634 2800/2558/2626
f 2794/2559/2627 2802/2568/2635 2801/2569/2633 2793/2560/2625
f 2795/2561/2628 2803/2570/2636 2802/2568/2635 2794/2559/2627
f 2796/2562/2629 2804/2571/2637 2803/2570/2636 2795/2561/2628
f 2797/2563/2630 2805/2572/2638 2804/2571/2637 2796/2562/2629
f 2798/2564/2631 2806/2573/2639 2805/2572/2638 2797/2563/2630
f 2799/2565/2632 2807/2574/2640 2806/2573/2639 2798/2564/2631
f 2800/2558/2626 2808/2567/2634 2807/2574/2640 2799/2565/2632
f 2801/2566/2633 2809/2575/2641 2816/2576/2642 2808/2567/2634
f 2802/2568/2635 2810/2577/2643 2809/2578/2641 2801/2569/2633
f 2803/2570/2636 2811/2579/2644 2810/2577/2643 2802/2568/2635
f 2804/2571/2637 2812/2580/2645 2811/2579/2644 2803/2570/2636
f 2805/2572/2638 2813/2581/2646 2812/2580/2645 2804/2571/2637
f 2806/2573/2639 2814/2582/2647 2813/2581/2646 2805/2572/2638
f 2807/2574/2640 2815/2583/2648 2814/2582/2647 2806/2573/2639
f 2808/2567/2634 2816/2576/2642 2815/2583/2648 2807/2574/2640
f 2809/2575/2641 2817/2584/2649 2824/2585/2650 2816/2576/2642
f 2810/2577/2643 2818/2586/2651 2817/2587/2649 2809/2578/2641
f 2811/2579/2644 2819/2588/2652 2818/2586/2651 2810/2577/2643
f 2812/2580/2645 2820/2589/2653 2819/2588/2652 2811/2579/2644
f 2813/2581/2646 2821/2590/2654 2820/2589/2653 2812/2580/2645
f 2814/2582/2647 2822/2591/2655 2821/2590/2654 2813/2581/2646
f 2815/2583/2648 2823/2592/2656 2822/2591/2655 2814/2582/2647
f 2816/2576/2642 2824/2585/2650 2823/2592/2656 2815/2583/2648
f 2817/2584/2649 2825/2593/2657 2832/2594/2658 2824/2585/2650
f 2818/2586/2651 2826/2595/2659 2825/2596/2657 2817/2587/2649
f 2819/2588/2652 2827/2597/2660 2826/2595/2659 2818/2586/2651
f 2820/2589/2653 2828/2598/2661 2827/2597/2660 2819/2588/2652
f 2821/2590/2654 2829/2599/2662 2828/2598/2661 2820/2589/2653
f 2822/2591/2655 2830/2600/2663 2829/2599/2662 2821/2590/2654
f 2823/2592/2656 2831/2601/2664 2830/2600/2663 2822/2591/2655
f 2824/2585/2650 2832/2594/2658 2831/2601/2664 2823/2592/2656
f 2825/2593/2657 2833/2602/2665 2840/2603/2666 2832/2594/2658
f 2826/2595/2659 2834/2604/2667 2833/2605/2665 2825/2596/2657
f 2827/2597/2660 2835/2606/2668 2834/2604/2667 2826/2595/2659
f 2828/2598/2661 2836/2607/2669 2835/2606/2668 2827/2597/2660
f 2829/2599/2662 2837/2608/2670 2836/2607/2669 2828/2598/2661
f 2830/2600/2663 2838/2609/2671 2837/2608/2670 2829/2599/2662
f 2831/2601/2664 2839/2610/2672 2838/2609/2671 2830/2600/2663
f 2832/2594/2658 2840/2603/2666 2839/2610/2672 2831/2601/2664
f 2833/2602/2665 2841/2611/2673 2848/2612/2674 2840/2603/2666
f 2834/2604/2667 2842/2613/2675 2841/2614/2673 2833/2605/2665
f 2835/2606/2668 2843/2615/2676 2842/2613/2675 2834/2604/2667
f 2836/2607/2669 2844/2616/2677 2843/2615/2676 2835/2606/2668
f 2837/2608/2670 2845/2617/2678 2844/2616/2677 2836/2607/2669
f 2838/2609/2671 2846/2618/2679 2845/2617/2678 2837/2608/2670
f 2839/2610/2672 2847/2619/2680 2846/2618/2679 2838/2609/2671
f 2840/2603/2666 2848/2612/2674 2847/2619/2680 2839/2610/2672
f 2841/2611/2673 2849/2620/2681 2856/2621/2682 2848/2612/2674
f 2842/2613/2675 2850/2622/2683 2849/2623/2681 2841/2614/2673
f 2843/2615/2676 2851/2624/2684 2850/2622/2683 2842/2613/2675
f 2844/2616/2677 2852/2625/2685 2851/2624/2684 2843/2615/2676
f 2845/2617/2678 2853/2626/2686 2852/2625/2685 2844/2616/2677
f 2846/2618/2679 2854/2627/2687 2853/2626/2686 2845/2617/2678
f 2847/2619/2680 2855/2628/2688 2854/2627/2687 2846/2618/2679
f 2848/2612/2674 2856/2621/2682 2855/2628/2688 2847/2619/2680
f 2849/2620/2681 2857/2629/2689 2864/2630/2690 2856/2621/2682
f 2850/2622/2683 2858/2631/2691 2857/2632/2689 2849/2623/2681
f 2851/2624/2684 2859/2633/2692 2858/2631/2691 2850/2622/2683
f 2852/2625/2685 2860/2634/2693 2859/2633/2692 2851/2624/2684
f 2853/2626/2686 2861/2635/2694 2860/2634/2693 2852/2625/2685
f 2854/2627/2687 2862/2636/2695 2861/2635/2694 2853/2626/2686
f 2855/2628/2688 2863/2637/2696 2862/2636/2695 2854/2627/2687
f 2856/2621/2682 2864/2630/2690 2863/2637/2696 2855/2628/2688
f 2857/2629/2689 2865/2638/2697 2872/2639/2698 2864/2630/2690
f 2858/2631/2691 2866/2640/2699 2865/2641/2697 2857/2632/2689
f 2859/2633/2692 2867/2642/2700 2866/2640/2699 2858/2631/2691
f 2860/2634/2693 2868/2643/2701 2867/2642/2700 2859/2633/2692
f 2861/2635/2694 2869/2644/2702 2868/2643/2701 2860/2634/2693
f 2862/2636/2695 2870/2645/2703 2869/2644/2702 2861/2635/2694
f 2863/2637/2696 2871/2646/2704 2870/2645/2703 2862/2636/2695
f 2864/2630/2690 2872/2639/2698 2871/2646/2704 2863/2637/2696
f 2865/2638/2697 2873/2647/2705 2880/2648/2706 2872/2639/2698
f 2866/2640/2699 2874/2649/2707 2873/2650/2705 2865/2641/2697
f 2867/2642/2700 2875/2651/2708 2874/2649/2707 2866/2640/2699
f 2868/2643/2701 2876/2652/2709 2875/2651/2708 2867/2642/2700
f 2869/2644/2702 2877/2653/2710 2876/2652/2709 2868/2643/2701
f 2870/2645/2703 2878/2654/2711 2877/2653/2710 2869/2644/2702
f 2871/2646/2704 2879/2655/2712 2878/2654/2711 2870/2645/2703
f 2872/2639/2698 2880/2648/2706 2879/2655/2712 2871/2646/2704
f 2873/2647/2705 2881/2656/2713 2888/2657/2714 2880/2648/2706
f 2874/2649/2707 2882/2658/2715 2881/2659/2713 2873/2650/2705
f 2875/2651/2708 2883/2660/2716 2882/2658/2715 2874/2649/2707
f 2876/2652/2709 2884/2661/2717 2883/2660/2716 2875/2651/2708
f 2877/2653/2710 2885/2662/2718 2884/2661/2717 2876/2652/2709
f 2878/2654/2711 2886/2663/2719 2885/2662/2718 2877/2653/2710
f 2879/2655/2712 2887/2664/2720 2886/2663/2719 2878/2654/2711
f 2880/2648/2706 2888/2657/2714 2887/2664/2720 2879/2655/2712
f 2881/2656/2713 2889/2665/2721 2896/2666/2722 2888/2657/2714
f 2882/2658/2715 2890/2667/2723 2889/2668/2721 2881/2659/2713
f 2883/2660/2716 2891/2669/2724 2890/2667/2723 2882/2658/2715
f 2884/2661/2717 2892/2670/2725 2891/2669/2724 2883/2660/2716
f 2885/2662/2718 2893/2671/2726 2892/2670/2725 2884/2661/2717
f 2886/2663/2719 2894/2672/2727 2893/2671/2726 2885/2662/2718
f 2887/2664/2720 2895/2673/2728 2894/2672/2727 2886/2663/2719
f 2888/2657/2714 2896/2666/2722 2895/2673/2728 2887/2664/2720
f 2889/2665/2721 2897/2674/2729 2904/2675/2730 2896/2666/2722
f 2890/2667/2723 2898/2676/2731 2897/2677/2729 2889/2668/2721
f 2891/2669/2724 2899/2678/2732 2898/2676/2731 2890/2667/2723
f 2892/2670/2725 2900/2679/2733 2899/2678/2732 2891/2669/2724
f 2893/2671/2726 2901/2680/2734 2900/2679/2733 2892/2670/2725
f 2894/2672/2727 2902/2681/2735 2901/2680/2734 2893/2671/2726
f 2895/2673/2728 2903/2682/2736 2902/2681/2735 2894/2672/2727
f 2896/2666/2722 2904/2675/2730 2903/2682/2736 2895/2673/2728
f 2897/2674/2729 2905/2683/2737 2912/2684/2738 2904/2675/2730
f 2898/2676/2731 2906/2685/2739 2905/2686/2737 2897/2677/2729
f 2899/2678/2732 2907/2687/2740 2906/2685/2739 2898/2676/2731
f 2900/2679/2733 2908/2688/2741 2907/2687/2740 2899/2678/2732
f 2901/2680/2734 2909/2689/2742 2908/2688/2741 2900/2679/2733
f 2902/2681/2735 2910/2690/2743 2909/2689/2742 2901/2680/2734
f 2903/2682/2736 2911/2691/2744 2910/2690/2743 2902/2681/2735
f 2904/2675/2730 2912/2684/2738 2911/2691/2744 2903/2682/2736
f 2905/2683/2737 2913/2692/2745 2920/2693/2746 2912/2684/2738
f 2906/2685/2739 2914/2694/2747 2913/2695/2745 2905/2686/2737
f 2907/2687/2740 2915/2696/2748 2914/2694/2747 2906/2685/2739
f 2908/2688/2741 2916/2697/2749 2915/2696/2748 2907/2687/2740
f 2909/2689/2742 2917/2698/2750 2916/2697/2749 2908/2688/2741
f 2910/2690/2743 2918/2699/2751 2917/2698/2750 2909/2689/2742
f 2911/2691/2744 2919/2700/2752 2918/2699/2751 2910/2690/2743
f 2912/2684/2738 2920/2693/2746 2919/2700/2752 2911/2691/2744
f 2913/2692/2745 2921/2701/2753 2928/2702/2754 2920/2693/2746
f 2914/2694/2747 2922/2703/2755 2921/2704/2753 2913/2695/2745
f 2915/2696/2748 2923/2705/2756 2922/2703/2755 2914/2694/2747
f 2916/2697/2749 2924/2706/2757 2923/2705/2756 2915/2696/2748
f 2917/2698/2750 2925/2707/2758 2924/2706/2757 2916/2697/2749
f 2918/2699/2751 2926/2708/2759 2925/2707/2758 2917/2698/2750
f 2919/2700/2752 2927/2709/2760 2926/2708/2759 2918/2699/2751
f 2920/2693/2746 2928/2702/2754 2927/2709/2760 2919/2700/2752
f 2921/2701/2753 2929/2710/2761 2936/2711/2762 2928/2702/2754
f 2922/2703/2755 2930/2712/2763 2929/2713/2761 2921/2704/2753
f 2923/2705/2756 2931/2714/2764 2930/2712/2763 2922/2703/2755
f 2924/2706/2757 2932/2715/2765 2931/2714/2764 2923/2705/2756
f 2925/2707/2758 2933/2716/2766 2932/2715/2765 2924/2706/2757
f 2926/2708/2759 2934/2717/2767 2933/2716/2766 2925/2707/2758
f 2927/2709/2760 2935/2718/2768 2934/2717/2767 2926/2708/2759
f 2928/2702/2754 2936/2711/2762 2935/2718/2768 2927/2709/2760
f 2929/2710/2761 2937/2719/2769 2944/2720/2770 2936/2711/2762
f 2930/2712/2763 2938/2721/2771 2937/2722/2769 2929/2713/2761
f 2931/2714/2764 2939/2723/2772 2938/2721/2771 2930/2712/2763
f 2932/2715/2765 2940/2724/2773 2939/2723/2772 2931/2714/2764
f 2933/2716/2766 2941/2725/2774 2940/2724/2773 2932/2715/2765
f 2934/2717/2767 2942/2726/2775 2941/2725/2774 2933/2716/2766
f 2935/2718/2768 2943/2727/2776 2942/2726/2775 2934/2717/2767
f 2936/2711/2762 2944/2720/2770 2943/2727/2776 2935/2718/2768
f 2937/2719/2769 2945/2728/2777 2952/2729/2778 2944/2720/2770
f 2938/2721/2771 2946/2730/2779 2945/2731/2777 2937/2722/2769
f 2939/2723/2772 2947/2732/2780 2946/2730/2779 2938/2721/2771
f 2940/2724/2773 2948/2733/2781 2947/2732/2780 2939/2723/2772
f 2941/2725/2774 2949/2734/2782 2948/2733/2781 2940/2724/2773
f 2942/2726/2775 2950/2735/2783 2949/2734/2782 2941/2725/2774
f 2943/2727/2776 2951/2736/2784 2950/2735/2783 2942/2726/2775
f 2944/2720/2770 2952/2729/2778 2951/2736/2784 2943/2727/2776
f 2945/2728/2777 2953/1171/2785 2960/1172/2786 2952/2729/2778
f 2946/2730/2779 2954/1173/2787 2953/1174/2785 2945/2731/2777
f 2947/2732/2780 2955/1175/2788 2954/1173/2787 2946/2730/2779
f 2948/2733/2781 2956/1176/2789 2955/1175/2788 2947/2732/2780
f 2949/2734/2782 2957/1177/2790 2956/1176/2789 2948/2733/2781
f 2950/2735/2783 2958/1178/2791 2957/1177/2790 2949/2734/2782
f 2951/2736/2784 2959/1179/2792 2958/1178/2791 2950/2735/2783
f 2952/2729/2778 2960/1172/2786 2959/1179/2792 2951/2736/2784
f 2953/1171/2785 2961/2737/2793 2968/2738/2794 2960/1172/2786
f 2954/1173/2787 2962/2739/2795 2961/2740/2793 2953/1174/2785
f 2955/1175/2788 2963/2741/2796 2962/2739/2795 2954/1173/2787
f 2956/1176/2789 2964/2742/2797 2963/2741/2796 2955/1175/2788
f 2957/1177/2790 2965/2743/2798 2964/2742/2797 2956/1176/2789
f 2958/1178/2791 2966/2744/2799 2965/2743/2798 2957/1177/2790
f 2959/1179/2792 2967/2745/2800 2966/2744/2799 2958/1178/2791
f 2960/1172/2786 2968/2738/2794 2967/2745/2800 2959/1179/2792
f 2961/2737/2793 2969/2746/2801 2976/2747/2802 2968/2738/2794
f 2962/2739/2795 2970/2748/2803 2969/2749/2801 2961/2740/2793
f 2963/2741/2796 2971/2750/2804 2970/2748/2803 2962/2739/2795
f 2964/2742/2797 2972/2751/2805 2971/2750/2804 2963/2741/2796
f 2965/2743/2798 2973/2752/2806 2972/2751/2805 2964/2742/2797
f 2966/2744/2799 2974/2753/2807 2973/2752/2806 2965/2743/2798
f 2967/2745/2800 2975/2754/2808 2974/2753/2807 2966/2744/2799
f 2968/2738/2794 2976/2747/2802 2975/2754/2808 2967/2745/2800
f 2969/2746/2801 2977/2755/2809 2984/2756/2810 2976/2747/2802
f 2970/2748/2803 2978/2757/2811 2977/2758/2809 2969/2749/2801
f 2971/2750/2804 2979/2759/2812 2978/2757/2811 2970/2748/2803
f 2972/2751/2805 2980/2760/2813 2979/2759/2812 2971/2750/2804
f 2973/2752/2806 2981/2761/2814 2980/2760/2813 2972/2751/2805
f 2974/2753/2807 2982/2762/2815 2981/2761/2814 2973/2752/2806
f 2975/2754/2808 2983/2763/2816 2982/2762/2815 2974/2753/2807
f 2976/2747/2802 2984/2756/2810 2983/2763/2816 2975/2754/2808
f 2977/2755/2809 2985/2764/2817 2992/2765/2818 2984/2756/2810
f 2978/2757/2811 2986/2766/2819 2985/2767/2817 2977/2758/2809
f 2979/2759/2812 2987/2768/2820 2986/2766/2819 2978/2757/2811
f 2980/2760/2813 2988/2769/2821 2987/2768/2820 2979/2759/2812
f 2981/2761/2814 2989/2770/2822 2988/2769/2821 2980/2760/2813
f 2982/2762/2815 2990/2771/2823 2989/2770/2822 2981/2761/2814
f 2983/2763/2816 2991/2772/2824 2990/2771/2823 2982/2762/2815
f 2984/2756/2810 2992/2765/2818 2991/2772/2824 2983/2763/2816
f 2985/2764/2817 2993/2773/2825 3000/2774/2826 2992/2765/2818
f 2986/2766/2819 2994/2775/2827 2993/2776/2825 2985/2767/2817
f 2987/2768/2820 2995/2777/2828 2994/2775/2827 2986/2766/2819
f 2988/2769/2821 2996/2778/2829 2995/2777/2828 2987/2768/2820
f 2989/2770/2822 2997/2779/2830 2996/2778/2829 2988/2769/2821
f 2990/2771/2823 2998/2780/2831 2997/2779/2830 2989/2770/2822
f 2991/2772/2824 2999/2781/2832 2998/2780/2831 2990/2771/2823
f 2992/2765/2818 3000/2774/2826 2999/2781/2832 2991/2772/2824
f 2993/2773/2825 3001/2782/2833 3008/2783/2834 3000/2774/2826
f 2994/2775/2827 3002/2784/2835 3001/2785/2833 2993/2776/2825
f 2995/2777/2828 3003/2786/2836 3002/2784/2835 2994/2775/2827
f 2996/2778/2829 3004/2787/2837 3003/2786/2836 2995/2777/2828
f 2997/2779/2830 3005/2788/2838 3004/2787/2837 2996/2778/2829
f 2998/2780/2831 3006/2789/2839 3005/2788/2838 2997/2779/2830
f 2999/2781/2832 3007/2790/2840 3006/2789/2839 2998/2780/2831
f 3000/2774/2826 3008/2783/2834 3007/2790/2840 2999/2781/2832
f 3001/2782/2833 3009/2791/2841 3016/2792/2842 3008/2783/2834
f 3002/2784/2835 3010/2793/2843 3009/2794/2841 3001/2785/2833
f 3003/2786/2836 3011/2795/2844 3010/2793/2843 3002/2784/2835
f 3004/2787/2837 3012/2796/2845 3011/2795/2844 3003/2786/2836
f 3005/2788/2838 3013/2797/2846 3012/2796/2845 3004/2787/2837
f 3006/2789/2839 3014/2798/2847 3013/2797/2846 3005/2788/2838
f 3007/2790/2840 3015/2799/2848 3014/2798/2847 3006/2789/2839
f 3008/2783/2834 3016/2792/2842 3015/2799/2848 3007/2790/2840
f 3009/2791/2841 3017/2800/2849 3024/2801/2850 3016/2792/2842
f 3010/2793/2843 3018/2802/2851 3017/2803/2849 3009/2794/2841
f 3011/2795/2844 3019/2804/2852 3018/2802/2851 3010/2793/2843
f 3012/2796/2845 3020/2805/2853 3019/2804/2852 3011/2795/2844
f 3013/2797/2846 3021/2806/2854 3020/2805/2853 3012/2796/2845
f 3014/2798/2847 3022/2807/2855 3021/2806/2854 3013/2797/2846
f 3015/2799/2848 3023/2808/2856 3022/2807/2855 3014/2798/2847
f 3016/2792/2842 3024/2801/2850 3023/2808/2856 3015/2799/2848
f 3017/2800/2849 3025/2809/2857 3032/2810/2858 3024/2801/2850
f 3018/2802/2851 3026/2811/2859 3025/2812/2857 3017/2803/2849
f 3019/2804/2852 3027/2813/2860 3026/2811/2859 3018/2802/2851
f 3020/2805/2853 3028/2814/2861 3027/2813/2860 3019/2804/2852
f 3021/2806/2854 3029/2815/2862 3028/2814/2861 3020/2805/2853
f 3022/2807/2855 3030/2816/2863 3029/2815/2862 3021/2806/2854
f 3023/2808/2856 3031/2817/2864 3030/2816/2863 3022/2807/2855
f 3024/2801/2850 3032/2810/2858 3031/2817/2864 3023/2808/2856
f 3025/2809/2857 3033/2818/2865 3040/2819/2866 3032/2810/2858
f 3026/2811/2859 3034/2820/2867 3033/2821/2865 3025/2812/2857
f 3027/2813/2860 3035/2822/2868 3034/2820/2867 3026/2811/2859
f 3028/2814/2861 3036/2823/2869 3035/2822/2868 3027/2813/2860
f 3029/2815/2862 3037/2824/2870 3036/2823/2869 3028/2814/2861
f 3030/2816/2863 3038/2825/2871 3037/2824/2870 3029/2815/2862
f 3031/2817/2864 3039/2826/2872 3038/2825/2871 3030/2816/2863
f 3032/2810/2858 3040/2819/2866 3039/2826/2872 3031/2817/2864
f 3033/2818/2865 3041/2827/2873 3048/2828/2874 3040/2819/2866
f 3034/2820/2867 3042/2829/2875 3041/2830/2873 3033/2821/2865
f 3035/2822/2868 3043/2831/2876 3042/2829/2875 3034/2820/2867
f 3036/2823/2869 3044/2832/2877 3043/2831/2876 3035/2822/2868
f 3037/2824/2870 3045/2833/2878 3044/2832/2877 3036/2823/2869
f 3038/2825/2871 3046/2834/2879 3045/2833/2878 3037/2824/2870
f 3039/2826/2872 3047/2835/2880 3046/2834/2879 3038/2825/2871
f 3040/2819/2866 3048/2828/2874 3047/2835/2880 3039/2826/2872
f 3041/2827/2873 3049/2836/2881 3056/2837/2882 3048/2828/2874
f 3042/2829/2875 3050/2838/2883 3049/2839/2881 3041/2830/2873
f 3043/2831/2876 3051/2840/2884 3050/2838/2883 3042/2829/2875
f 3044/2832/2877 3052/2841/2885 3051/2840/2884 3043/2831/2876
f 3045/2833/2878 3053/2842/2886 3052/2841/2885 3044/2832/2877
f 3046/2834/2879 3054/2843/2887 3053/2842/2886 3045/2833/2878
f 3047/2835/2880 3055/2844/2888 3054/2843/2887 3046/2834/2879
f 3048/2828/2874 3056/2837/2882 3055/2844/2888 3047/2835/2880
f 3049/2836/2881 3057/2845/2889 3064/2846/2890 3056/2837/2882
f 3050/2838/2883 3058/2847/2891 3057/2848/2889 3049/2839/2881
f 3051/2840/2884 3059/2849/2892 3058/2847/2891 3050/2838/2883
f 3052/2841/2885 3060/2850/2893 3059/2849/2892 3051/2840/2884
f 3053/2842/2886 3061/2851/2894 3060/2850/2893 3052/2841/2885
f 3054/2843/2887 3062/2852/2895 3061/2851/2894 3053/2842/2886
f 3055/2844/2888 3063/2853/2896 3062/2852/2895 3054/2843/2887
f 3056/2837/2882 3064/2846/2890 3063/2853/2896 3055/2844/2888
f 3057/2845/2889 3065/604/2897 3072/605/2898 3064/2846/2890
f 3058/2847/2891 3066/606/2899 3065/607/2897 3057/2848/2889
f 3059/2849/2892 3067/608/2900 3066/606/2899 3058/2847/2891
f 3060/2850/2893 3068/609/2901 3067/608/2900 3059/2849/2892
f 3061/2851/2894 3069/610/2902 3068/609/2901 3060/2850/2893
f 3062/2852/2895 3070/611/2903 3069/610/2902 3061/2851/2894
f 3063/2853/2896 3071/612/2904 3070/611/2903 3062/2852/2895
f 3064/2846/2890 3072/605/2898 3071/612/2904 3063/2853/2896
f 3065/604/2897 3073/2854/2905 3080/2855/2906 3072/605/2898
f 3066/606/2899 3074/2856/2907 3073/2857/2905 3065/607/2897
f 3067/608/2900 3075/2858/2908 3074/2856/2907 3066/606/2899
f 3068/609/2901 3076/2859/2909 3075/2858/2908 3067/608/2900
f 3069/610/2902 3077/2860/2910 3076/2859/2909 3068/609/2901
f 3070/611/2903 3078/2861/2911 3077/2860/2910 3069/610/2902
f 3071/612/2904 3079/2862/2912 3078/2861/2911 3070/611/2903
f 3072/605/2898 3080/2855/2906 3079/2862/2912 3071/612/2904
f 3073/2854/2905 3081/2863/2913 3088/2864/2914 3080/2855/2906
f 3074/2856/2907 3082/2865/2915 3081/2866/2913 3073/2857/2905
f 3075/2858/2908 3083/2867/2916 3082/2865/2915 3074/2856/2907
f 3076/2859/2909 3084/2868/2917 3083/2867/2916 3075/2858/2908
f 3077/2860/2910 3085/2869/2918 3084/2868/2917 3076/2859/2909
f 3078/2861/2911 3086/2870/2919 3085/2869/2918 3077/2860/2910
f 3079/2862/2912 3087/2871/2920 3086/2870/2919 3078/2861/2911
f 3080/2855/2906 3088/2864/2914 3087/2871/2920 3079/2862/2912
f 3081/2863/2913 3089/2872/2921 3096/2873/2922 3088/2864/2914
f 3082/2865/2915 3090/2874/2923 3089/2875/2921 3081/2866/2913
f 3083/2867/2916 3091/2876/2924 3090/2874/2923 3082/2865/2915
f 3084/2868/2917 3092/2877/2925 3091/2876/2924 3083/2867/2916
f 3085/2869/2918 3093/2878/2926 3092/2877/2925 3084/2868/2917
f 3086/2870/2919 3094/2879/2927 3093/2878/2926 3085/2869/2918
f 3087/2871/2920 3095/2880/2928 3094/2879/2927 3086/2870/2919
f 3088/2864/2914 3096/2873/2922 3095/2880/2928 3087/2871/2920
f 3089/2872/2921 3097/2881/2929 3104/2882/2930 3096/2873/2922
f 3090/2874/2923 3098/2883/2931 3097/2884/2929 3089/2875/2921
f 3091/2876/2924 3099/2885/2932 3098/2883/2931 3090/2874/2923
f 3092/2877/2925 3100/2886/2933 3099/2885/2932 3091/2876/2924
f 3093/2878/2926 3101/2887/2934 3100/2886/2933 3092/2877/2925
f 3094/2879/2927 3102/2888/2935 3101/2887/2934 3093/2878/2926
f 3095/2880/2928 3103/2889/2936 3102/2888/2935 3094/2879/2927
f 3096/2873/2922 3104/2882/2930 3103/2889/2936 3095/2880/2928
f 3097/2881/2929 3105/2890/2937 3112/2891/2938 3104/2882/2930
f 3098/2883/2931 3106/2892/2939 3105/2893/2937 3097/2884/2929
f 3099/2885/2932 3107/2894/2940 3106/2892/2939 3098/2883/2931
f 3100/2886/2933 3108/2895/2941 3107/2894/2940 3099/2885/2932
f 3101/2887/2934 3109/2896/2942 3108/2895/2941 3100/2886/2933
f 3102/2888/2935 3110/2897/2943 3109/2896/2942 3101/2887/2934
f 3103/2889/2936 3111/2898/2944 3110/2897/2943 3102/2888/2935
f 3104/2882/2930 3112/2891/2938 3111/2898/2944 3103/2889/2936
f 3105/2890/2937 3113/2899/2945 3120/2900/2946 3112/2891/2938
f 3106/2892/2939 3114/2901/2947 3113/2902/2945 3105/2893/2937
f 3107/2894/2940 3115/2903/2948 3114/2901/2947 3106/2892/2939
f 3108/2895/2941 3116/2904/2949 3115/2903/2948 3107/2894/2940
f 3109/2896/2942 3117/2905/2950 3116/2904/2949 3108/2895/2941
f 3110/2897/2943 3118/2906/2951 3117/2905/2950 3109/2896/2942
f 3111/2898/2944 3119/2907/2952 3118/2906/2951 3110/2897/2943
f 3112/2891/2938 3120/2900/2946 3119/2907/2952 3111/2898/2944
f 3113/2899/2945 3121/1207/2953 3128/1208/2954 3120/2900/2946
f 3114/2901/2947 3122/1209/2955 3121/1210/2953 3113/2902/2945
f 3115/2903/2948 3123/1211/2956 3122/1209/2955 3114/2901/2947
f 3116/2904/2949 3124/1212/2957 3123/1211/2956 3115/2903/2948
f 3117/2905/2950 3125/1213/2958 3124/1212/2957 3116/2904/2949
f 3118/2906/2951 3126/1214/2959 3125/1213/2958 3117/2905/2950
f 3119/2907/2952 3127/1215/2960 3126/1214/2959 3118/2906/2951
f 3120/2900/2946 3128/1208/2954 3127/1215/2960 3119/2907/2952
f 3121/1207/2953 3129/2908/2961 3136/2909/2962 3128/1208/2954
f 3122/1209/2955 3130/2910/2963 3129/2911/2961 3121/1210/2953
f 3123/1211/2956 3131/2912/2964 3130/2910/2963 3122/1209/2955
f 3124/1212/2957 3132/2913/2965 3131/2912/2964 3123/1211/2956
f 3125/1213/2958 3133/2914/2966 3132/2913/2965 3124/1212/2957
f 3126/1214/2959 3134/2915/2967 3133/2914/2966 3125/1213/2958
f 3127/1215/2960 3135/2916/2968 3134/2915/2967 3126/1214/2959
f 3128/1208/2954 3136/2909/2962 3135/2916/2968 3127/1215/2960
f 3129/2908/2961 3137/2917/2969 3144/2918/2970 3136/2909/2962
f 3130/2910/2963 3138/2919/2971 3137/2920/2969 3129/2911/2961
f 3131/2912/2964 3139/2921/2972 3138/2919/2971 3130/2910/2963
f 3132/2913/2965 3140/2922/2973 3139/2921/2972 3131/2912/2964
f 3133/2914/2966 3141/2923/2974 3140/2922/2973 3132/2913/2965
f 3134/2915/2967 3142/2924/2975 3141/2923/2974 3133/2914/2966
f 3135/2916/2968 3143/2925/2976 3142/2924/2975 3134/2915/2967
f 3136/2909/2962 3144/2918/2970 3143/2925/2976 3135/2916/2968
f 3137/2917/2969 3145/2926/2977 3152/2927/2978 3144/2918/2970
f 3138/2919/2971 3146/2928/2979 3145/2929/2977 3137/2920/2969
f 3139/2921/2972 3147/2930/2980 3146/2928/2979 3138/2919/2971
f 3140/2922/2973 3148/2931/2981 3147/2930/2980 3139/2921/2972
f 3141/2923/2974 3149/2932/2982 3148/2931/2981 3140/2922/2973
f 3142/2924/2975 3150/2933/2983 3149/2932/2982 3141/2923/2974
f 3143/2925/2976 3151/2934/2984 3150/2933/2983 3142/2924/2975
f 3144/2918/2970 3152/2927/2978 3151/2934/2984 3143/2925/2976
f 3145/2926/2977 3153/2935/2985 3160/2936/2986 3152/2927/2978
f 3146/2928/2979 3154/2937/2987 3153/2938/2985 3145/2929/2977
f 3147/2930/2980 3155/2939/2988 3154/2937/2987 3146/2928/2979
f 3148/2931/2981 3156/2940/2989 3155/2939/2988 3147/2930/2980
f 3149/2932/2982 3157/2941/2990 3156/2940/2989 3148/2931/2981
f 3150/2933/2983 3158/2942/2991 3157/2941/2990 3149/2932/2982
f 3151/2934/2984 3159/2943/2992 3158/2942/2991 3150/2933/2983
f 3152/2927/2978 3160/2936/2986 3159/2943/2992 3151/2934/2984
f 3153/2935/2985 3161/2944/2993 3168/2945/2994 3160/2936/2986
f 3154/2937/2987 3162/2946/2995 3161/2947/2993 3153/2938/2985
f 3155/2939/2988 3163/2948/2996 3162/2946/2995 3154/2937/2987
f 3156/2940/2989 3164/2949/2997 3163/2948/2996 3155/2939/2988
f 3157/2941/2990 3165/2950/2998 3164/2949/2997 3156/2940/2989
f 3158/2942/2991 3166/2951/2999 3165/2950/2998 3157/2941/2990
f 3159/2943/2992 3167/2952/3000 3166/2951/2999 3158/2942/2991
f 3160/2936/2986 3168/2945/2994 3167/2952/3000 3159/2943/2992
f 3161/2944/2993 3169/2953/3001 3176/2954/3002 3168/2945/2994
f 3162/2946/2995 3170/2955/3003 3169/2956/3001 3161/2947/2993
f 3163/2948/2996 3171/2957/3004 3170/2955/3003 3162/2946/2995
f 3164/2949/2997 3172/2958/3005 3171/2957/3004 3163/2948/2996
f 3165/2950/2998 3173/2959/3006 3172/2958/3005 3164/2949/2997
f 3166/2951/2999 3174/2960/3007 3173/2959/3006 3165/2950/2998
f 3167/2952/3000 3175/2961/3008 3174/2960/3007 3166/2951/2999
f 3168/2945/2994 3176/2954/3002 3175/2961/3008 3167/2952/3000
f 3169/2953/3001 3177/2962/3009 3184/2963/3010 3176/2954/3002
f 3170/2955/3003 3178/2964/3011 3177/2965/3009 3169/2956/3001
f 3171/2957/3004 3179/2966/3012 3178/2964/3011 3170/2955/3003
f 3172/2958/3005 3180/2967/3013 3179/2966/3012 3171/2957/3004
f 3173/2959/3006 3181/2968/3014 3180/2967/3013 3172/2958/3005
f 3174/2960/3007 3182/2969/3015 3181/2968/3014 3173/2959/3006
f 3175/2961/3008 3183/2970/3016 3182/2969/3015 3174/2960/3007
f 3176/2954/3002 3184/2963/3010 3183/2970/3016 3175/2961/3008
f 3177/2962/3009 3185/2971/3017 3192/2972/3018 3184/2963/3010
f 3178/2964/3011 3186/2973/3019 3185/2974/3017 3177/2965/3009
f 3179/2966/3012 3187/2975/3020 3186/2973/3019 3178/2964/3011
f 3180/2967/3013 3188/2976/3021 3187/2975/3020 3179/2966/3012
f 3181/2968/3014 3189/2977/3022 3188/2976/3021 3180/2967/3013
f 3182/2969/3015 3190/2978/3023 3189/2977/3022 3181/2968/3014
f 3183/2970/3016 3191/2979/3024 3190/2978/3023 3182/2969/3015
f 3184/2963/3010 3192/2972/3018 3191/2979/3024 3183/2970/3016
f 3185/2971/3017 3193/2980/3025 3200/2981/3026 3192/2972/3018
f 3186/2973/3019 3194/2982/3027 3193/2983/3025 3185/2974/3017
f 3187/2975/3020 3195/2984/3028 3194/2982/3027 3186/2973/3019
f 3188/2976/3021 3196/2985/3029 3195/2984/3028 3187/2975/3020
f 3189/2977/3022 3197/2986/3030 3196/2985/3029 3188/2976/3021
f 3190/2978/3023 3198/2987/3031 3197/2986/3030 3189/2977/3022
f 3191/2979/3024 3199/2988/3032 3198/2987/3031 3190/2978/3023
f 3192/2972/3018 3200/2981/3026 3199/2988/3032 3191/2979/3024
f 3193/2980/3025 3201/2989/3033 3208/2990/3034 3200/2981/3026
f 3194/2982/3027 3202/2991/3035 3201/2992/3033 3193/2983/3025
f 3195/2984/3028 3203/2993/3036 3202/2991/3035 3194/2982/3027
f 3196/2985/3029 3204/2994/3037 3203/2993/3036 3195/2984/3028
f 3197/2986/3030 3205/2995/3038 3204/2994/3037 3196/2985/3029
f 3198/2987/3031 3206/2996/3039 3205/2995/3038 3197/2986/3030
f 3199/2988/3032 3207/2997/3040 3206/2996/3039 3198/2987/3031
f 3200/2981/3026 3208/2990/3034 3207/2997/3040 3199/2988/3032
f 3201/2989/3033 3209/2998/3041 3216/2999/3042 3208/2990/3034
f 3202/2991/3035 3210/3000/3043 3209/3001/3041 3201/2992/3033
f 3203/2993/3036 3211/3002/3044 3210/3000/3043 3202/2991/3035
f 3204/2994/3037 3212/3003/3045 3211/3002/3044 3203/2993/3036
f 3205/2995/3038 3213/3004/3046 3212/3003/3045 3204/2994/3037
f 3206/2996/3039 3214/3005/3047 3213/3004/3046 3205/2995/3038
f 3207/2997/3040 3215/3006/3048 3214/3005/3047 3206/2996/3039
f 3208/2990/3034 3216/2999/3042 3215/3006/3048 3207/2997/3040
f 3209/2998/3041 3217/3007/3049 3224/3008/3050 3216/2999/3042
f 3210/3000/3043 3218/3009/3051 3217/3010/3049 3209/3001/3041
f 3211/3002/3044 3219/3011/3052 3218/3009/3051 3210/3000/3043
f 3212/3003/3045 3220/3012/3053 3219/3011/3052 3211/3002/3044
f 3213/3004/3046 3221/3013/3054 3220/3012/3053 3212/3003/3045
f 3214/3005/3047 3222/3014/3055 3221/3013/3054 3213/3004/3046
f 3215/3006/3048 3223/3015/3056 3222/3014/3055 3214/3005/3047
f 3216/2999/3042 3224/3008/3050 3223/3015/3056 3215/3006/3048
f 3217/3007/3049 3225/3016/3057 3232/3017/3058 3224/3008/3050
f 3218/3009/3051 3226/3018/3059 3225/3019/3057 3217/3010/3049
f 3219/3011/3052 3227/3020/3060 3226/3018/3059 3218/3009/3051
f 3220/3012/3053 3228/3021/3061 3227/3020/3060 3219/3011/3052
f 3221/3013/3054 3229/3022/3062 3228/3021/3061 3220/3012/3053
f 3222/3014/3055 3230/3023/3063 3229/3022/3062 3221/3013/3054
f 3223/3015/3056 3231/3024/3064 3230/3023/3063 3222/3014/3055
f 3224/3008/3050 3232/3017/3058 3231/3024/3064 3223/3015/3056
f 3225/3016/3057 3233/3025/3065 3240/3026/3066 3232/3017/3058
f 3226/3018/3059 3234/3027/3067 3233/3028/3065 3225/3019/3057
f 3227/3020/3060 3235/3029/3068 3234/3027/3067 3226/3018/3059
f 3228/3021/3061 3236/3030/3069 3235/3029/3068 3227/3020/3060
f 3229/3022/3062 3237/3031/3070 3236/3030/3069 3228/3021/3061
f 3230/3023/3063 3238/3032/3071 3237/3031/3070 3229/3022/3062
f 3231/3024/3064 3239/3033/3072 3238/3032/3071 3230/3023/3063
f 3232/3017/3058 3240/3026/3066 3239/3033/3072 3231/3024/3064
f 3233/3025/3065 3241/3034/3073 3248/3035/3074 3240/3026/3066
f 3234/3027/3067 3242/3036/3075 3241/3037/3073 3233/3028/3065
f 3235/3029/3068 3243/3038/3076 3242/3036/3075 3234/3027/3067
f 3236/3030/3069 3244/3039/3077 3243/3038/3076 3235/3029/3068
f 3237/3031/3070 3245/3040/3078 3244/3039/3077 3236/3030/3069
f 3238/3032/3071 3246/3041/3079 3245/3040/3078 3237/3031/3070
f 3239/3033/3072 3247/3042/3080 3246/3041/3079 3238/3032/3071
f 3240/3026/3066 3248/3035/3074 3247/3042/3080 3239/3033/3072
f 3241/3034/3073 3249/3043/3081 3256/3044/3082 3248/3035/3074
f 3242/3036/3075 3250/3045/3083 3249/3046/3081 3241/3037/3073
f 3243/3038/3076 3251/3047/3084 3250/3045/3083 3242/3036/3075
f 3244/3039/3077 3252/3048/3085 3251/3047/3084 3243/3038/3076
f 3245/3040/3078 3253/3049/3086 3252/3048/3085 3244/3039/3077
f 3246/3041/3079 3254/3050/3087 3253/3049/3086 3245/3040/3078
f 3247/3042/3080 3255/3051/3088 3254/3050/3087 3246/3041/3079
f 3248/3035/3074 3256/3044/3082 3255/3051/3088 3247/3042/3080
f 3249/3043/3081 3257/3052/3089 3264/3053/3090 3256/3044/3082
f 3250/3045/3083 3258/3054/3091 3257/3055/3089 3249/3046/3081
f 3251/3047/3084 3259/3056/3092 3258/3054/3091 3250/3045/3083
f 3252/3048/3085 3260/3057/3093 3259/3056/3092 3251/3047/3084
f 3253/3049/3086 3261/3058/3094 3260/3057/3093 3252/3048/3085
f 3254/3050/3087 3262/3059/3095 3261/3058/3094 3253/3049/3086
f 3255/3051/3088 3263/3060/3096 3262/3059/3095 3254/3050/3087
f 3256/3044/3082 3264/3053/3090 3263/3060/3096 3255/3051/3088
f 3257/3052/3089 3265/3061/3097 3272/3062/3098 3264/3053/3090
f 3258/3054/3091 3266/3063/3099 3265/3064/3097 3257/3055/3089
f 3259/3056/3092 3267/3065/3100 3266/3063/3099 3258/3054/3091
f 3260/3057/3093 3268/3066/3101 3267/3065/3100 3259/3056/3092
f 3261/3058/3094 3269/3067/3102 3268/3066/3101 3260/3057/3093
f 3262/3059/3095 3270/3068/3103 3269/3067/3102 3261/3058/3094
f 3263/3060/3096 3271/3069/3104 3270/3068/3103 3262/3059/3095
f 3264/3053/3090 3272/3062/3098 3271/3069/3104 3263/3060/3096
f 3265/3061/3097 3273/3070/3105 3280/3071/1796 3272/3062/3098
f 3266/3063/3099 3274/3072/3106 3273/3073/3105 3265/3064/3097
f 3267/3065/3100 3275/3074/3107 3274/3072/3106 3266/3063/3099
f 3268/3066/3101 3276/3075/3108 3275/3074/3107 3267/3065/3100
f 3269/3067/3102 3277/3076/3109 3276/3075/3108 3268/3066/3101
f 3270/3068/3103 3278/3077/3110 3277/3076/3109 3269/3067/3102
f 3271/3069/3104 3279/3078/3111 3278/3077/3110 3270/3068/3103
f 3272/3062/3098 3280/3071/1796 3279/3078/3111 3271/3069/3104
f 3273/3070/3105 3281/3079/3112 3288/3080/3113 3280/3071/1796
f 3274/3072/3106 3282/3081/3114 3281/3082/3112 3273/3073/3105
f 3275/3074/3107 3283/3083/3115 3282/3081/3114 3274/3072/3106
f 3276/3075/3108 3284/3084/3116 3283/3083/3115 3275/3074/3107
f 3277/3076/3109 3285/3085/3117 3284/3084/3116 3276/3075/3108
f 3278/3077/3110 3286/3086/3118 3285/3085/3117 3277/3076/3109
f 3279/3078/3111 3287/3087/3119 3286/3086/3118 3278/3077/3110
f 3280/3071/1796 3288/3080/3113 3287/3087/3119 3279/3078/3111
f 3281/3079/3112 3289/1234/3120 3296/1235/3121 3288/3080/3113
f 3282/3081/3114 3290/1236/3122 3289/1237/3120 3281/3082/3112
f 3283/3083/3115 3291/1238/3123 3290/1236/3122 3282/3081/3114
f 3284/3084/3116 3292/1239/3124 3291/1238/3123 3283/3083/3115
f 3285/3085/3117 3293/1240/3125 3292/1239/3124 3284/3084/3116
f 3286/3086/3118 3294/1241/3126 3293/1240/3125 3285/3085/3117
f 3287/3087/3119 3295/1242/3127 3294/1241/3126 3286/3086/3118
f 3288/3080/3113 3296/1235/3121 3295/1242/3127 3287/3087/3119
f 3289/1234/3120 3297/3088/3128 3304/3089/3129 3296/1235/3121
f 3290/1236/3122 3298/3090/3130 3297/3091/3128 3289/1237/3120
f 3291/1238/3123 3299/3092/3131 3298/3090/3130 3290/1236/3122
f 3292/1239/3124 3300/3093/3132 3299/3092/3131 3291/1238/3123
f 3293/1240/3125 3301/3094/3133 3300/3093/3132 3292/1239/3124
f 3294/1241/3126 3302/3095/3134 3301/3094/3133 3293/1240/3125
f 3295/1242/3127 3303/3096/3135 3302/3095/3134 3294/1241/3126
f 3296/1235/3121 3304/3089/3129 3303/3096/3135 3295/1242/3127
f 3297/3088/3128 3305/3097/3136 3312/3098/3137 3304/3089/3129
f 3298/3090/3130 3306/3099/3138 3305/3100/3136 3297/3091/3128
f 3299/3092/3131 3307/3101/3139 3306/3099/3138 3298/3090/3130
f 3300/3093/3132 3308/3102/3140 3307/3101/3139 3299/3092/3131
f 3301/3094/3133 3309/3103/3141 3308/3102/3140 3300/3093/3132
f 3302/3095/3134 3310/3104/3142 3309/3103/3141 3301/3094/3133
f 3303/3096/3135 3311/3105/3143 3310/3104/3142 3302/3095/3134
f 3304/3089/3129 3312/3098/3137 3311/3105/3143 3303/3096/3135
f 3305/3097/3136 3313/3106/3144 3320/3107/3145 3312/3098/3137
f 3306/3099/3138 3314/3108/3146 3313/3109/3144 3305/3100/3136
f 3307/3101/3139 3315/3110/3147 3314/3108/3146 3306/3099/3138
f 3308/3102/3140 3316/3111/3148 3315/3110/3147 3307/3101/3139
f 3309/3103/3141 3317/3112/3149 3316/3111/3148 3308/3102/3140
f 3310/3104/3142 3318/3113/3150 3317/3112/3149 3309/3103/3141
f 3311/3105/3143 3319/3114/3151 3318/3113/3150 3310/3104/3142
f 3312/3098/3137 3320/3107/3145 3319/3114/3151 3311/3105/3143
f 3313/3106/3144 3321/3115/3152 3328/3116/3153 3320/3107/3145
f 3314/3108/3146 3322/3117/3154 3321/3118/3152 3313/3109/3144
f 3315/3110/3147 3323/3119/3155 3322/3117/3154 3314/3108/3146
f 3316/3111/3148 3324/3120/3156 3323/3119/3155 3315/3110/3147
f 3317/3112/3149 3325/3121/3157 3324/3120/3156 3316/3111/3148
f 3318/3113/3150 3326/3122/3158 3325/3121/3157 3317/3112/3149
f 3319/3114/3151 3327/3123/3159 3326/3122/3158 3318/3113/3150
f 3320/3107/3145 3328/3116/3153 3327/3123/3159 3319/3114/3151
f 3321/3115/3152 3329/3124/3160 3336/3125/3161 3328/3116/3153
f 3322/3117/3154 3330/3126/3162 3329/3127/3160 3321/3118/3152
f 3323/3119/3155 3331/3128/3163 3330/3126/3162 3322/3117/3154
f 3324/3120/3156 3332/3129/3164 3331/3128/3163 3323/3119/3155
f 3325/3121/3157 3333/3130/3165 3332/3129/3164 3324/3120/3156
f 3326/3122/3158 3334/3131/3166 3333/3130/3165 3325/3121/3157
f 3327/3123/3159 3335/3132/3167 3334/3131/3166 3326/3122/3158
f 3328/3116/3153 3336/3125/3161 3335/3132/3167 3327/3123/3159
f 3329/3124/3160 3337/3133/3168 3344/3134/3169 3336/3125/3161
f 3330/3126/3162 3338/3135/3170 3337/3136/3168 3329/3127/3160
f 3331/3128/3163 3339/3137/3171 3338/3135/3170 3330/3126/3162
f 3332/3129/3164 3340/3138/3172 3339/3137/3171 3331/3128/3163
f 3333/3130/3165 3341/3139/3173 3340/3138/3172 3332/3129/3164
f 3334/3131/3166 3342/3140/3174 3341/3139/3173 3333/3130/3165
f 3335/3132/3167 3343/3141/3175 3342/3140/3174 3334/3131/3166
f 3336/3125/3161 3344/3134/3169 3343/3141/3175 3335/3132/3167
f 3337/3133/3168 3345/3142/3176 3352/3143/3177 3344/3134/3169
f 3338/3135/3170 3346/3144/3178 3345/3145/3176 3337/3136/3168
f 3339/3137/3171 3347/3146/3179 3346/3144/3178 3338/3135/3170
f 3340/3138/3172 3348/3147/3180 3347/3146/3179 3339/3137/3171
f 3341/3139/3173 3349/3148/3181 3348/3147/3180 3340/3138/3172
f 3342/3140/3174 3350/3149/3182 3349/3148/3181 3341/3139/3173
f 3343/3141/3175 3351/3150/3183 3350/3149/3182 3342/3140/3174
f 3344/3134/3169 3352/3143/3177 3351/3150/3183 3343/3141/3175
f 3345/3142/3176 3353/3151/3184 3360/3152/3185 3352/3143/3177
f 3346/3144/3178 3354/3153/3186 3353/3154/3184 3345/3145/3176
f 3347/3146/3179 3355/3155/3187 3354/3153/3186 3346/3144/3178
f 3348/3147/3180 3356/3156/3188 3355/3155/3187 3347/3146/3179
f 3349/3148/3181 3357/3157/3189 3356/3156/3188 3348/3147/3180
f 3350/3149/3182 3358/3158/3190 3357/3157/3189 3349/3148/3181
f 3351/3150/3183 3359/3159/3191 3358/3158/3190 3350/3149/3182
f 3352/3143/3177 3360/3152/3185 3359/3159/3191 3351/3150/3183
f 3353/3151/3184 3361/3160/3192 3368/3161/3193 3360/3152/3185
f 3354/3153/3186 3362/3162/3194 3361/3163/3192 3353/3154/3184
f 3355/3155/3187 3363/3164/3195 3362/3162/3194 3354/3153/3186
f 3356/3156/3188 3364/3165/3148 3363/3164/3195 3355/3155/3187
f 3357/3157/3189 3365/3166/3196 3364/3165/3148 3356/3156/3188
f 3358/3158/3190 3366/3167/3197 3365/3166/3196 3357/3157/3189
f 3359/3159/3191 3367/3168/3198 3366/3167/3197 3358/3158/3190
f 3360/3152/3185 3368/3161/3193 3367/3168/3198 3359/3159/3191
f 3361/3160/3192 3369/3169/3199 3376/3170/3200 3368/3161/3193
f 3362/3162/3194 3370/3171/3201 3369/3172/3199 3361/3163/3192
f 3363/3164/3195 3371/3173/3202 3370/3171/3201 3362/3162/3194
f 3364/3165/3148 3372/3174/3203 3371/3173/3202 3363/3164/3195
f 3365/3166/3196 3373/3175/3204 3372/3174/3203 3364/3165/3148
f 3366/3167/3197 3374/3176/3205 3373/3175/3204 3365/3166/3196
f 3367/3168/3198 3375/3177/3206 3374/3176/3205 3366/3167/3197
f 3368/3161/3193 3376/3170/3200 3375/3177/3206 3367/3168/3198
f 3369/3169/3199 3377/3178/3207 3384/3179/3208 3376/3170/3200
f 3370/3171/3201 3378/3180/3209 3377/3181/3207 3369/3172/3199
f 3371/3173/3202 3379/3182/3210 3378/3180/3209 3370/3171/3201
f 3372/3174/3203 3380/3183/3211 3379/3182/3210 3371/3173/3202
f 3373/3175/3204 3381/3184/3212 3380/3183/3211 3372/3174/3203
f 3374/3176/3205 3382/3185/3213 3381/3184/3212 3373/3175/3204
f 3375/3177/3206 3383/3186/3214 3382/3185/3213 3374/3176/3205
f 3376/3170/3200 3384/3179/3208 3383/3186/3214 3375/3177/3206
f 3377/3178/3207 3385/3187/3215 3392/3188/3216 3384/3179/3208
f 3378/3180/3209 3386/3189/3217 3385/3190/3215 3377/3181/3207
f 3379/3182/3210 3387/3191/3218 3386/3189/3217 3378/3180/3209
f 3380/3183/3211 3388/3192/3219 3387/3191/3218 3379/3182/3210
f 3381/3184/3212 3389/3193/3220 3388/3192/3219 3380/3183/3211
f 3382/3185/3213 3390/3194/3221 3389/3193/3220 3381/3184/3212
f 3383/3186/3214 3391/3195/3222 3390/3194/3221 3382/3185/3213
f 3384/3179/3208 3392/3188/3216 3391/3195/3222 3383/3186/3214
f 3385/3187/3215 3393/3196/3223 3400/3197/3224 3392/3188/3216
f 3386/3189/3217 3394/3198/3225 3393/3199/3223 3385/3190/3215
f 3387/3191/3218 3395/3200/3226 3394/3198/3225 3386/3189/3217
f 3388/3192/3219 3396/3201/3227 3395/3200/3226 3387/3191/3218
f 3389/3193/3220 3397/3202/3228 3396/3201/3227 3388/3192/3219
f 3390/3194/3221 3398/3203/3229 3397/3202/3228 3389/3193/3220
f 3391/3195/3222 3399/3204/3230 3398/3203/3229 3390/3194/3221
f 3392/3188/3216 3400/3197/3224 3399/3204/3230 3391/3195/3222
f 3393/3196/3223 3401/3205/3231 3408/3206/3232 3400/3197/3224
f 3394/3198/3225 3402/3207/3233 3401/3208/3231 3393/3199/3223
f 3395/3200/3226 3403/3209/3234 3402/3207/3233 3394/3198/3225
f 3396/3201/3227 3404/3210/3235 3403/3209/3234 3395/3200/3226
f 3397/3202/3228 3405/3211/3236 3404/3210/3235 3396/3201/3227
f 3398/3203/3229 3406/3212/3237 3405/3211/3236 3397/3202/3228
f 3399/3204/3230 3407/3213/3238 3406/3212/3237 3398/3203/3229
f 3400/3197/3224 3408/3206/3232 3407/3213/3238 3399/3204/3230
f 3401/3205/3231 3409/3214/3239 3416/3215/3240 3408/3206/3232
f 3402/3207/3233 3410/3216/3241 3409/3217/3239 3401/3208/3231
f 3403/3209/3234 3411/3218/3242 3410/3216/3241 3402/3207/3233
f 3404/3210/3235 3412/3219/3243 3411/3218/3242 3403/3209/3234
f 3405/3211/3236 3413/3220/3244 3412/3219/3243 3404/3210/3235
f 3406/3212/3237 3414/3221/3245 3413/3220/3244 3405/3211/3236
f 3407/3213/3238 3415/3222/3246 3414/3221/3245 3406/3212/3237
f 3408/3206/3232 3416/3215/3240 3415/3222/3246 3407/3213/3238
f 3409/3214/3239 3417/3223/3247 3424/3224/3248 3416/3215/3240
f 3410/3216/3241 3418/3225/3249 3417/3226/3247 3409/3217/3239
f 3411/3218/3242 3419/3227/3250 3418/3225/3249 3410/3216/3241
f 3412/3219/3243 3420/3228/3251 3419/3227/3250 3411/3218/3242
f 3413/3220/3244 3421/3229/3252 3420/3228/3251 3412/3219/3243
f 3414/3221/3245 3422/3230/3253 3421/3229/3252 3413/3220/3244
f 3415/3222/3246 3423/3231/3254 3422/3230/3253 3414/3221/3245
f 3416/3215/3240 3424/3224/3248 3423/3231/3254 3415/3222/3246
f 3417/3223/3247 3425/3232/3255 3432/3233/3256 3424/3224/3248
f 3418/3225/3249 3426/3234/3257 3425/3235/3255 3417/3226/3247
f 3419/3227/3250 3427/3236/3258 3426/3234/3257 3418/3225/3249
f 3420/3228/3251 3428/3237/3259 3427/3236/3258 3419/3227/3250
f 3421/3229/3252 3429/3238/3260 3428/3237/3259 3420/3228/3251
f 3422/3230/3253 3430/3239/3261 3429/3238/3260 3421/3229/3252
f 3423/3231/3254 3431/3240/3262 3430/3239/3261 3422/3230/3253
f 3424/3224/3248 3432/3233/3256 3431/3240/3262 3423/3231/3254
f 3425/3232/3255 3433/3241/3263 3440/3242/3264 3432/3233/3256
f 3426/3234/3257 3434/3243/3265 3433/3244/3263 3425/3235/3255
f 3427/3236/3258 3435/3245/3266 3434/3243/3265 3426/3234/3257
f 3428/3237/3259 3436/3246/3267 3435/3245/3266 3427/3236/3258
f 3429/3238/3260 3437/3247/3268 3436/3246/3267 3428/3237/3259
f 3430/3239/3261 3438/3248/3269 3437/3247/3268 3429/3238/3260
f 3431/3240/3262 3439/3249/3270 3438/3248/3269 3430/3239/3261
f 3432/3233/3256 3440/3242/3264 3439/3249/3270 3431/3240/3262
f 3433/3241/3263 3441/3250/3271 3448/3251/3272 3440/3242/3264
f 3434/3243/3265 3442/3252/3273 3441/3253/3271 3433/3244/3263
f 3435/3245/3266 3443/3254/3274 3442/3252/3273 3434/3243/3265
f 3436/3246/3267 3444/3255/3275 3443/3254/3274 3435/3245/3266
f 3437/3247/3268 3445/3256/3276 3444/3255/3275 3436/3246/3267
f 3438/3248/3269 3446/3257/3277 3445/3256/3276 3437/3247/3268
f 3439/3249/3270 3447/3258/3278 3446/3257/3277 3438/3248/3269
f 3440/3242/3264 3448/3251/3272 3447/3258/3278 3439/3249/3270
f 3441/3250/3271 3449/3259/3279 3456/3260/3280 3448/3251/3272
f 3442/3252/3273 3450/3261/3281 3449/3262/3279 3441/3253/3271
f 3443/3254/3274 3451/3263/3282 3450/3261/3281 3442/3252/3273
f 3444/3255/3275 3452/3264/3283 3451/3263/3282 3443/3254/3274
f 3445/3256/3276 3453/3265/3284 3452/3264/3283 3444/3255/3275
f 3446/3257/3277 3454/3266/3285 3453/3265/3284 3445/3256/3276
f 3447/3258/3278 3455/3267/3286 3454/3266/3285 3446/3257/3277
f 3448/3251/3272 3456/3260/3280 3455/3267/3286 3447/3258/3278
f 3449/3259/3279 2281/334/2113 2288/335/2116 3456/3260/3280
f 3450/3261/3281 2282/336/2117 2281/337/2113 3449/3262/3279
f 3451/3263/3282 2283/338/2119 2282/336/2117 3450/3261/3281
f 3452/3264/3283 2284/339/2121 2283/338/2119 3451/3263/3282
f 3453/3265/3284 2285/340/2123 2284/339/2121 3452/3264/3283
f 3454/3266/3285 2286/341/2125 2285/340/2123 3453/3265/3284
f 3455/3267/3286 2287/342/2127 2286/341/2125 3454/3266/3285
f 3456/3260/3280 2288/335/2116 2287/342/2127 3455/3267/3286
usemtl neon_pale
f 3457/1/3287 3465/3268/3288 3472/3269/3289 3464/4/3290
f 3458/5/3291 3466/3270/3292 3465/3271/3288 3457/8/3287
f 3459/9/3293 3467/3272/3294 3466/3270/3292 3458/5/3291
f 3460/11/3290 3468/3273/3295 3467/3272/3294 3459/9/3293
f 3461/13/3296 3469/3274/3297 3468/3273/3295 3460/11/3290
f 3462/15/3298 3470/3275/3299 3469/3274/3297 3461/13/3296
f 3463/17/3300 3471/3276/3301 3470/3275/3299 3462/15/3298
f 3464/4/3290 3472/3269/3289 3471/3276/3301 3463/17/3300
f 3465/3268/3288 3473/3277/3302 3480/3278/3303 3472/3269/3289
f 3466/3270/3292 3474/3279/3304 3473/3280/3302 3465/3271/3288
f 3467/3272/3294 3475/3281/3305 3474/3279/3304 3466/3270/3292
f 3468/3273/3295 3476/3282/3306 3475/3281/3305 3467/3272/3294
f 3469/3274/3297 3477/3283/3307 3476/3282/3306 3468/3273/3295
f 3470/3275/3299 3478/3284/3308 3477/3283/3307 3469/3274/3297
f 3471/3276/3301 3479/3285/3309 3478/3284/3308 3470/3275/3299
f 3472/3269/3289 3480/3278/3303 3479/3285/3309 3471/3276/3301
f 3473/3277/3302 3481/3286/3310 3488/3287/3311 3480/3278/3303
f 3474/3279/3304 3482/3288/3312 3481/3289/3310 3473/3280/3302
f 3475/3281/3305 3483/3290/3313 3482/3288/3312 3474/3279/3304
f 3476/3282/3306 3484/3291/3314 3483/3290/3313 3475/3281/3305
f 3477/3283/3307 3485/3292/3315 3484/3291/3314 3476/3282/3306
f 3478/3284/3308 3486/3293/3316 3485/3292/3315 3477/3283/3307
f 3479/3285/3309 3487/3294/3317 3486/3293/3316 3478/3284/3308
f 3480/3278/3303 3488/3287/3311 3487/3294/3317 3479/3285/3309
f 3481/3286/3310 3489/3295/3318 3496/3296/3319 3488/3287/3311
f 3482/3288/3312 3490/3297/3320 3489/3298/3318 3481/3289/3310
f 3483/3290/3313 3491/3299/3321 3490/3297/3320 3482/3288/3312
f 3484/3291/3314 3492/3300/3322 3491/3299/3321 3483/3290/3313
f 3485/3292/3315 3493/3301/3323 3492/3300/3322 3484/3291/3314
f 3486/3293/3316 3494/3302/3324 3493/3301/3323 3485/3292/3315
f 3487/3294/3317 3495/3303/3325 3494/3302/3324 3486/3293/3316
f 3488/3287/3311 3496/3296/3319 3495/3303/3325 3487/3294/3317
f 3489/3295/3318 3497/3304/3326 3504/3305/3327 3496/3296/3319
f 3490/3297/3320 3498/3306/3328 3497/3307/3326 3489/3298/3318
f 3491/3299/3321 3499/3308/3329 3498/3306/3328 3490/3297/3320
f 3492/3300/3322 3500/3309/3330 3499/3308/3329 3491/3299/3321
f 3493/3301/3323 3501/3310/3331 3500/3309/3330 3492/3300/3322
f 3494/3302/3324 3502/3311/3332 3501/3310/3331 3493/3301/3323
f 3495/3303/3325 3503/3312/3333 3502/3311/3332 3494/3302/3324
f 3496/3296/3319 3504/3305/3327 3503/3312/3333 3495/3303/3325
f 3497/3304/3326 3505/3313/3334 3512/3314/3335 3504/3305/3327
f 3498/3306/3328 3506/3315/3336 3505/3316/3334 3497/3307/3326
f 3499/3308/3329 3507/3317/3337 3506/3315/3336 3498/3306/3328
f 3500/3309/3330 3508/3318/3338 3507/3317/3337 3499/3308/3329
f 3501/3310/3331 3509/3319/3339 3508/3318/3338 3500/3309/3330
f 3502/3311/3332 3510/3320/3340 3509/3319/3339 3501/3310/3331
f 3503/3312/3333 3511/3321/3341 3510/3320/3340 3502/3311/3332
f 3504/3305/3327 3512/3314/3335 3511/3321/3341 3503/3312/3333
f 3505/3313/3334 3513/3322/3342 3520/3323/3343 3512/3314/3335
f 3506/3315/3336 3514/3324/3344 3513/3325/3342 3505/3316/3334
f 3507/3317/3337 3515/3326/3345 3514/3324/3344 3506/3315/3336
f 3508/3318/3338 3516/3327/3346 3515/3326/3345 3507/3317/3337
f 3509/3319/3339 3517/3328/3347 3516/3327/3346 3508/3318/3338
f 3510/3320/3340 3518/3329/3348 3517/3328/3347 3509/3319/3339
f 3511/3321/3341 3519/3330/3349 3518/3329/3348 3510/3320/3340
f 3512/3314/3335 3520/3323/3343 3519/3330/3349 3511/3321/3341
f 3513/3322/3342 3521/3331/3350 3528/3332/3351 3520/3323/3343
f 3514/3324/3344 3522/3333/3352 3521/3334/3350 3513/3325/3342
f 3515/3326/3345 3523/3335/3353 3522/3333/3352 3514/3324/3344
f 3516/3327/3346 3524/3336/3354 3523/3335/3353 3515/3326/3345
f 3517/3328/3347 3525/3337/3355 3524/3336/3354 3516/3327/3346
f 3518/3329/3348 3526/3338/3356 3525/3337/3355 3517/3328/3347
f 3519/3330/3349 3527/3339/3357 3526/3338/3356 3518/3329/3348
f 3520/3323/3343 3528/3332/3351 3527/3339/3357 3519/3330/3349
f 3521/3331/3350 3529/3340/3358 3536/3341/3359 3528/3332/3351
f 3522/3333/3352 3530/3342/3360 3529/3343/3358 3521/3334/3350
f 3523/3335/3353 3531/3344/3361 3530/3342/3360 3522/3333/3352
f 3524/3336/3354 3532/3345/3362 3531/3344/3361 3523/3335/3353
f 3525/3337/3355 3533/3346/3363 3532/3345/3362 3524/3336/3354
f 3526/3338/3356 3534/3347/3364 3533/3346/3363 3525/3337/3355
f 3527/3339/3357 3535/3348/3365 3534/3347/3364 3526/3338/3356
f 3528/3332/3351 3536/3341/3359 3535/3348/3365 3527/3339/3357
f 3529/3340/3358 3537/3349/3366 3544/3350/3367 3536/3341/3359
f 3530/3342/3360 3538/3351/3368 3537/3352/3366 3529/3343/3358
f 3531/3344/3361 3539/3353/3369 3538/3351/3368 3530/3342/3360
f 3532/3345/3362 3540/3354/3370 3539/3353/3369 3531/3344/3361
f 3533/3346/3363 3541/3355/3371 3540/3354/3370 3532/3345/3362
f 3534/3347/3364 3542/3356/3372 3541/3355/3371 3533/3346/3363
f 3535/3348/3365 3543/3357/3373 3542/3356/3372 3534/3347/3364
f 3536/3341/3359 3544/3350/3367 3543/3357/3373 3535/3348/3365
f 3537/3349/3366 3545/748/3374 3552/749/3375 3544/3350/3367
f 3538/3351/3368 3546/750/3376 3545/751/3374 3537/3352/3366
f 3539/3353/3369 3547/752/3377 3546/750/3376 3538/3351/3368
f 3540/3354/3370 3548/753/3378 3547/752/3377 3539/3353/3369
f 3541/3355/3371 3549/754/3379 3548/753/3378 3540/3354/3370
f 3542/3356/3372 3550/755/3380 3549/754/3379 3541/3355/3371
f 3543/3357/3373 3551/756/3381 3550/755/3380 3542/3356/3372
f 3544/3350/3367 3552/749/3375 3551/756/3381 3543/3357/3373
f 3545/748/3374 3553/3358/3382 3560/3359/3383 3552/749/3375
f 3546/750/3376 3554/3360/3384 3553/3361/3382 3545/751/3374
f 3547/752/3377 3555/3362/3385 3554/3360/3384 3546/750/3376
f 3548/753/3378 3556/3363/3386 3555/3362/3385 3547/752/3377
f 3549/754/3379 3557/3364/3387 3556/3363/3386 3548/753/3378
f 3550/755/3380 3558/3365/3388 3557/3364/3387 3549/754/3379
f 3551/756/3381 3559/3366/3389 3558/3365/3388 3550/755/3380
f 3552/749/3375 3560/3359/3383 3559/3366/3389 3551/756/3381
f 3553/3358/3382 3561/3367/3390 3568/3368/3391 3560/3359/3383
f 3554/3360/3384 3562/3369/3392 3561/3370/3390 3553/3361/3382
f 3555/3362/3385 3563/3371/3393 3562/3369/3392 3554/3360/3384
f 3556/3363/3386 3564/3372/3394 3563/3371/3393 3555/3362/3385
f 3557/3364/3387 3565/3373/3395 3564/3372/3394 3556/3363/3386
f 3558/3365/3388 3566/3374/3396 3565/3373/3395 3557/3364/3387
f 3559/3366/3389 3567/3375/3397 3566/3374/3396 3558/3365/3388
f 3560/3359/3383 3568/3368/3391 3567/3375/3397 3559/3366/3389
f 3561/3367/3390 3569/3376/3398 3576/3377/3399 3568/3368/3391
f 3562/3369/3392 3570/3378/3400 3569/3379/3398 3561/3370/3390
f 3563/3371/3393 3571/3380/3401 3570/3378/3400 3562/3369/3392
f 3564/3372/3394 3572/3381/3402 3571/3380/3401 3563/3371/3393
f 3565/3373/3395 3573/3382/3403 3572/3381/3402 3564/3372/3394
f 3566/3374/3396 3574/3383/3404 3573/3382/3403 3565/3373/3395
f 3567/3375/3397 3575/3384/3405 3574/3383/3404 3566/3374/3396
f 3568/3368/3391 3576/3377/3399 3575/3384/3405 3567/3375/3397
f 3569/3376/3398 3577/3385/3406 3584/3386/3407 3576/3377/3399
f 3570/3378/3400 3578/3387/3408 3577/3388/3406 3569/3379/3398
f 3571/3380/3401 3579/3389/3409 3578/3387/3408 3570/3378/3400
f 3572/3381/3402 3580/3390/3410 3579/3389/3409 3571/3380/3401
f 3573/3382/3403 3581/3391/3411 3580/3390/3410 3572/3381/3402
f 3574/3383/3404 3582/3392/3412 3581/3391/3411 3573/3382/3403
f 3575/3384/3405 3583/3393/3413 3582/3392/3412 3574/3383/3404
f 3576/3377/3399 3584/3386/3407 3583/3393/3413 3575/3384/3405
f 3577/3385/3406 3585/3394/3414 3592/3395/3415 3584/3386/3407
f 3578/3387/3408 3586/3396/3416 3585/3397/3414 3577/3388/3406
f 3579/3389/3409 3587/3398/3417 3586/3396/3416 3578/3387/3408
f 3580/3390/3410 3588/3399/3418 3587/3398/3417 3579/3389/3409
f 3581/3391/3411 3589/3400/3419 3588/3399/3418 3580/3390/3410
f 3582/3392/3412 3590/3401/3420 3589/3400/3419 3581/3391/3411
f 3583/3393/3413 3591/3402/3421 3590/3401/3420 3582/3392/3412
f 3584/3386/3407 3592/3395/3415 3591/3402/3421 3583/3393/3413
f 3585/3394/3414 3593/3403/3422 3600/3404/3423 3592/3395/3415
f 3586/3396/3416 3594/3405/3424 3593/3406/3422 3585/3397/3414
f 3587/3398/3417 3595/3407/3425 3594/3405/3424 3586/3396/3416
f 3588/3399/3418 3596/3408/3426 3595/3407/3425 3587/3398/3417
f 3589/3400/3419 3597/3409/3427 3596/3408/3426 3588/3399/3418
f 3590/3401/3420 3598/3410/3428 3597/3409/3427 3589/3400/3419
f 3591/3402/3421 3599/3411/3429 3598/3410/3428 3590/3401/3420
f 3592/3395/3415 3600/3404/3423 3599/3411/3429 3591/3402/3421
f 3593/3403/3422 3601/3412/3430 3608/3413/3431 3600/3404/3423
f 3594/3405/3424 3602/3414/3432 3601/3415/3430 3593/3406/3422
f 3595/3407/3425 3603/3416/3433 3602/3414/3432 3594/3405/3424
f 3596/3408/3426 3604/3417/3434 3603/3416/3433 3595/3407/3425
f 3597/3409/3427 3605/3418/3435 3604/3417/3434 3596/3408/3426
f 3598/3410/3428 3606/3419/3436 3605/3418/3435 3597/3409/3427
f 3599/3411/3429 3607/3420/3437 3606/3419/3436 3598/3410/3428
f 3600/3404/3423 3608/3413/3431 3607/3420/3437 3599/3411/3429
f 3601/3412/3430 3609/3421/3438 3616/3422/3439 3608/3413/3431
f 3602/3414/3432 3610/3423/3440 3609/3424/3438 3601/3415/3430
f 3603/3416/3433 3611/3425/3441 3610/3423/3440 3602/3414/3432
f 3604/3417/3434 3612/3426/3442 3611/3425/3441 3603/3416/3433
f 3605/3418/3435 3613/3427/3443 3612/3426/3442 3604/3417/3434
f 3606/3419/3436 3614/3428/3444 3613/3427/3443 3605/3418/3435
f 3607/3420/3437 3615/3429/3445 3614/3428/3444 3606/3419/3436
f 3608/3413/3431 3616/3422/3439 3615/3429/3445 3607/3420/3437
f 3609/3421/3438 3617/3430/3446 3624/3431/3447 3616/3422/3439
f 3610/3423/3440 3618/3432/3448 3617/3433/3446 3609/3424/3438
f 3611/3425/3441 3619/3434/3449 3618/3432/3448 3610/3423/3440
f 3612/3426/3442 3620/3435/3450 3619/3434/3449 3611/3425/3441
f 3613/3427/3443 3621/3436/3451 3620/3435/3450 3612/3426/3442
f 3614/3428/3444 3622/3437/3452 3621/3436/3451 3613/3427/3443
f 3615/3429/3445 3623/3438/3453 3622/3437/3452 3614/3428/3444
f 3616/3422/3439 3624/3431/3447 3623/3438/3453 3615/3429/3445
f 3617/3430/3446 3625/3439/3454 3632/3440/3455 3624/3431/3447
f 3618/3432/3448 3626/3441/3456 3625/3442/3454 3617/3433/3446
f 3619/3434/3449 3627/3443/3457 3626/3441/3456 3618/3432/3448
f 3620/3435/3450 3628/3444/3458 3627/3443/3457 3619/3434/3449
f 3621/3436/3451 3629/3445/3459 3628/3444/3458 3620/3435/3450
f 3622/3437/3452 3630/3446/3460 3629/3445/3459 3621/3436/3451
f 3623/3438/3453 3631/3447/3461 3630/3446/3460 3622/3437/3452
f 3624/3431/3447 3632/3440/3455 3631/3447/3461 3623/3438/3453
f 3625/3439/3454 3633/766/3462 3640/767/3463 3632/3440/3455
f 3626/3441/3456 3634/768/3464 3633/769/3462 3625/3442/3454
f 3627/3443/3457 3635/770/3465 3634/768/3464 3626/3441/3456
f 3628/3444/3458 3636/771/3463 3635/770/3465 3627/3443/3457
f 3629/3445/3459 3637/772/3466 3636/771/3463 3628/3444/3458
f 3630/3446/3460 3638/773/3467 3637/772/3466 3629/3445/3459
f 3631/3447/3461 3639/774/3468 3638/773/3467 3630/3446/3460
f 3632/3440/3455 3640/767/3463 3639/774/3468 3631/3447/3461
f 3633/766/3462 3641/3448/3469 3648/3449/3470 3640/767/3463
f 3634/768/3464 3642/3450/3471 3641/3451/3469 3633/769/3462
f 3635/770/3465 3643/3452/3472 3642/3450/3471 3634/768/3464
f 3636/771/3463 3644/3453/3473 3643/3452/3472 3635/770/3465
f 3637/772/3466 3645/3454/3474 3644/3453/3473 3636/771/3463
f 3638/773/3467 3646/3455/3475 3645/3454/3474 3637/772/3466
f 3639/774/3468 3647/3456/3476 3646/3455/3475 3638/773/3467
f 3640/767/3463 3648/3449/3470 3647/3456/3476 3639/774/3468
f 3641/3448/3469 3649/3457/3477 3656/3458/3478 3648/3449/3470
f 3642/3450/3471 3650/3459/3479 3649/3460/3477 3641/3451/3469
f 3643/3452/3472 3651/3461/3480 3650/3459/3479 3642/3450/3471
f 3644/3453/3473 3652/3462/3481 3651/3461/3480 3643/3452/3472
f 3645/3454/3474 3653/3463/3482 3652/3462/3481 3644/3453/3473
f 3646/3455/3475 3654/3464/3483 3653/3463/3482 3645/3454/3474
f 3647/3456/3476 3655/3465/3484 3654/3464/3483 3646/3455/3475
f 3648/3449/3470 3656/3458/3478 3655/3465/3484 3647/3456/3476
f 3649/3457/3477 3657/3466/3485 3664/3467/3486 3656/3458/3478
f 3650/3459/3479 3658/3468/3487 3657/3469/3485 3649/3460/3477
f 3651/3461/3480 3659/3470/3488 3658/3468/3487 3650/3459/3479
f 3652/3462/3481 3660/3471/3489 3659/3470/3488 3651/3461/3480
f 3653/3463/3482 3661/3472/3490 3660/3471/3489 3652/3462/3481
f 3654/3464/3483 3662/3473/3491 3661/3472/3490 3653/3463/3482
f 3655/3465/3484 3663/3474/3492 3662/3473/3491 3654/3464/3483
f 3656/3458/3478 3664/3467/3486 3663/3474/3492 3655/3465/3484
f 3657/3466/3485 3665/3475/3493 3672/3476/3494 3664/3467/3486
f 3658/3468/3487 3666/3477/3495 3665/3478/3493 3657/3469/3485
f 3659/3470/3488 3667/3479/3496 3666/3477/3495 3658/3468/3487
f 3660/3471/3489 3668/3480/3497 3667/3479/3496 3659/3470/3488
f 3661/3472/3490 3669/3481/3498 3668/3480/3497 3660/3471/3489
f 3662/3473/3491 3670/3482/3499 3669/3481/3498 3661/3472/3490
f 3663/3474/3492 3671/3483/3500 3670/3482/3499 3662/3473/3491
f 3664/3467/3486 3672/3476/3494 3671/3483/3500 3663/3474/3492
f 3665/3475/3493 3673/3484/3501 3680/3485/3502 3672/3476/3494
f 3666/3477/3495 3674/3486/3503 3673/3487/3501 3665/3478/3493
f 3667/3479/3496 3675/3488/3504 3674/3486/3503 3666/3477/3495
f 3668/3480/3497 3676/3489/3505 3675/3488/3504 3667/3479/3496
f 3669/3481/3498 3677/3490/3506 3676/3489/3505 3668/3480/3497
f 3670/3482/3499 3678/3491/3507 3677/3490/3506 3669/3481/3498
f 3671/3483/3500 3679/3492/3508 3678/3491/3507 3670/3482/3499
f 3672/3476/3494 3680/3485/3502 3679/3492/3508 3671/3483/3500
f 3673/3484/3501 3681/3493/3509 3688/3494/3510 3680/3485/3502
f 3674/3486/3503 3682/3495/3511 3681/3496/3509 3673/3487/3501
f 3675/3488/3504 3683/3497/3512 3682/3495/3511 3674/3486/3503
f 3676/3489/3505 3684/3498/3513 3683/3497/3512 3675/3488/3504
f 3677/3490/3506 3685/3499/3514 3684/3498/3513 3676/3489/3505
f 3678/3491/3507 3686/3500/3515 3685/3499/3514 3677/3490/3506
f 3679/3492/3508 3687/3501/3516 3686/3500/3515 3678/3491/3507
f 3680/3485/3502 3688/3494/3510 3687/3501/3516 3679/3492/3508
f 3681/3493/3509 3689/3502/3517 3696/3503/3518 3688/3494/3510
f 3682/3495/3511 3690/3504/3519 3689/3505/3517 3681/3496/3509
f 3683/3497/3512 3691/3506/3520 3690/3504/3519 3682/3495/3511
f 3684/3498/3513 3692/3507/3521 3691/3506/3520 3683/3497/3512
f 3685/3499/3514 3693/3508/3522 3692/3507/3521 3684/3498/3513
f 3686/3500/3515 3694/3509/3523 3693/3508/3522 3685/3499/3514
f 3687/3501/3516 3695/3510/3524 3694/3509/3523 3686/3500/3515
f 3688/3494/3510 3696/3503/3518 3695/3510/3524 3687/3501/3516
f 3689/3502/3517 3697/3511/3525 3704/3512/3526 3696/3503/3518
f 3690/3504/3519 3698/3513/3527 3697/3514/3525 3689/3505/3517
f 3691/3506/3520 3699/3515/3528 3698/3513/3527 3690/3504/3519
f 3692/3507/3521 3700/3516/3529 3699/3515/3528 3691/3506/3520
f 3693/3508/3522 3701/3517/3530 3700/3516/3529 3692/3507/3521
f 3694/3509/3523 3702/3518/3531 3701/3517/3530 3693/3508/3522
f 3695/3510/3524 3703/3519/3532 3702/3518/3531 3694/3509/3523
f 3696/3503/3518 3704/3512/3526 3703/3519/3532 3695/3510/3524
f 3697/3511/3525 3705/3520/3533 3712/3521/3534 3704/3512/3526
f 3698/3513/3527 3706/3522/3535 3705/3523/3533 3697/3514/3525
f 3699/3515/3528 3707/3524/3536 3706/3522/3535 3698/3513/3527
f 3700/3516/3529 3708/3525/3537 3707/3524/3536 3699/3515/3528
f 3701/3517/3530 3709/3526/3538 3708/3525/3537 3700/3516/3529
f 3702/3518/3531 3710/3527/3539 3709/3526/3538 3701/3517/3530
f 3703/3519/3532 3711/3528/3540 3710/3527/3539 3702/3518/3531
f 3704/3512/3526 3712/3521/3534 3711/3528/3540 3703/3519/3532
f 3705/3520/3533 3713/3529/3541 3720/3530/3542 3712/3521/3534
f 3706/3522/3535 3714/3531/3543 3713/3532/3541 3705/3523/3533
f 3707/3524/3536 3715/3533/3544 3714/3531/3543 3706/3522/3535
f 3708/3525/3537 3716/3534/3545 3715/3533/3544 3707/3524/3536
f 3709/3526/3538 3717/3535/3546 3716/3534/3545 3708/3525/3537
f 3710/3527/3539 3718/3536/3547 3717/3535/3546 3709/3526/3538
f 3711/3528/3540 3719/3537/3548 3718/3536/3547 3710/3527/3539
f 3712/3521/3534 3720/3530/3542 3719/3537/3548 3711/3528/3540
f 3713/3529/3541 3721/784/3549 3728/785/3550 3720/3530/3542
f 3714/3531/3543 3722/786/3551 3721/787/3549 3713/3532/3541
f 3715/3533/3544 3723/788/3552 3722/786/3551 3714/3531/3543
f 3716/3534/3545 3724/789/3553 3723/788/3552 3715/3533/3544
f 3717/3535/3546 3725/790/3554 3724/789/3553 3716/3534/3545
f 3718/3536/3547 3726/791/3555 3725/790/3554 3717/3535/3546
f 3719/3537/3548 3727/792/3556 3726/791/3555 3718/3536/3547
f 3720/3530/3542 3728/785/3550 3727/792/3556 3719/3537/3548
f 3721/784/3549 3729/3538/3557 3736/3539/3558 3728/785/3550
f 3722/786/3551 3730/3540/3559 3729/3541/3557 3721/787/3549
f 3723/788/3552 3731/3542/3560 3730/3540/3559 3722/786/3551
f 3724/789/3553 3732/3543/3561 3731/3542/3560 3723/788/3552
f 3725/790/3554 3733/3544/3562 3732/3543/3561 3724/789/3553
f 3726/791/3555 3734/3545/3563 3733/3544/3562 3725/790/3554
f 3727/792/3556 3735/3546/3564 3734/3545/3563 3726/791/3555
f 3728/785/3550 3736/3539/3558 3735/3546/3564 3727/792/3556
f 3729/3538/3557 3737/3547/3565 3744/3548/3566 3736/3539/3558
f 3730/3540/3559 3738/3549/3567 3737/3550/3565 3729/3541/3557
f 3731/3542/3560 3739/3551/3568 3738/3549/3567 3730/3540/3559
f 3732/3543/3561 3740/3552/3569 3739/3551/3568 3731/3542/3560
f 3733/3544/3562 3741/3553/3570 3740/3552/3569 3732/3543/3561
f 3734/3545/3563 3742/3554/3571 3741/3553/3570 3733/3544/3562
f 3735/3546/3564 3743/3555/3572 3742/3554/3571 3734/3545/3563
f 3736/3539/3558 3744/3548/3566 3743/3555/3572 3735/3546/3564
f 3737/3547/3565 3745/3556/3573 3752/3557/3574 3744/3548/3566
f 3738/3549/3567 3746/3558/3575 3745/3559/3573 3737/3550/3565
f 3739/3551/3568 3747/3560/3576 3746/3558/3575 3738/3549/3567
f 3740/3552/3569 3748/3561/3577 3747/3560/3576 3739/3551/3568
f 3741/3553/3570 3749/3562/3578 3748/3561/3577 3740/3552/3569
f 3742/3554/3571 3750/3563/3579 3749/3562/3578 3741/3553/3570
f 3743/3555/3572 3751/3564/3580 3750/3563/3579 3742/3554/3571
f 3744/3548/3566 3752/3557/3574 3751/3564/3580 3743/3555/3572
f 3745/3556/3573 3753/3565/3581 3760/3566/3582 3752/3557/3574
f 3746/3558/3575 3754/3567/3583 3753/3568/3581 3745/3559/3573
f 3747/3560/3576 3755/3569/3584 3754/3567/3583 3746/3558/3575
f 3748/3561/3577 3756/3570/3585 3755/3569/3584 3747/3560/3576
f 3749/3562/3578 3757/3571/3586 3756/3570/3585 3748/3561/3577
f 3750/3563/3579 3758/3572/3587 3757/3571/3586 3749/3562/3578
f 3751/3564/3580 3759/3573/3588 3758/3572/3587 3750/3563/3579
f 3752/3557/3574 3760/3566/3582 3759/3573/3588 3751/3564/3580
f 3753/3565/3581 3761/3574/3589 3768/3575/3590 3760/3566/3582
f 3754/3567/3583 3762/3576/3591 3761/3577/3589 3753/3568/3581
f 3755/3569/3584 3763/3578/3592 3762/3576/3591 3754/3567/3583
f 3756/3570/3585 3764/3579/3593 3763/3578/3592 3755/3569/3584
f 3757/3571/3586 3765/3580/3594 3764/3579/3593 3756/3570/3585
f 3758/3572/3587 3766/3581/3595 3765/3580/3594 3757/3571/3586
f 3759/3573/3588 3767/3582/3596 3766/3581/3595 3758/3572/3587
f 3760/3566/3582 3768/3575/3590 3767/3582/3596 3759/3573/3588
f 3761/3574/3589 3769/3583/3597 3776/3584/3598 3768/3575/3590
f 3762/3576/3591 3770/3585/3599 3769/3586/3597 3761/3577/3589
f 3763/3578/3592 3771/3587/3600 3770/3585/3599 3762/3576/3591
f 3764/3579/3593 3772/3588/3601 3771/3587/3600 3763/3578/3592
f 3765/3580/3594 3773/3589/3602 3772/3588/3601 3764/3579/3593
f 3766/3581/3595 3774/3590/3603 3773/3589/3602 3765/3580/3594
f 3767/3582/3596 3775/3591/3604 3774/3590/3603 3766/3581/3595
f 3768/3575/3590 3776/3584/3598 3775/3591/3604 3767/3582/3596
f 3769/3583/3597 3777/3592/3605 3784/3593/3606 3776/3584/3598
f 3770/3585/3599 3778/3594/3607 3777/3595/3605 3769/3586/3597
f 3771/3587/3600 3779/3596/3608 3778/3594/3607 3770/3585/3599
f 3772/3588/3601 3780/3597/3609 3779/3596/3608 3771/3587/3600
f 3773/3589/3602 3781/3598/3610 3780/3597/3609 3772/3588/3601
f 3774/3590/3603 3782/3599/3611 3781/3598/3610 3773/3589/3602
f 3775/3591/3604 3783/3600/3612 3782/3599/3611 3774/3590/3603
f 3776/3584/3598 3784/3593/3606 3783/3600/3612 3775/3591/3604
f 3777/3592/3605 3785/3601/3613 3792/3602/3614 3784/3593/3606
f 3778/3594/3607 3786/3603/3615 3785/3604/3613 3777/3595/3605
f 3779/3596/3608 3787/3605/3616 3786/3603/3615 3778/3594/3607
f 3780/3597/3609 3788/3606/3617 3787/3605/3616 3779/3596/3608
f 3781/3598/3610 3789/3607/3618 3788/3606/3617 3780/3597/3609
f 3782/3599/3611 3790/3608/3619 3789/3607/3618 3781/3598/3610
f 3783/3600/3612 3791/3609/3620 3790/3608/3619 3782/3599/3611
f 3784/3593/3606 3792/3602/3614 3791/3609/3620 3783/3600/3612
f 3785/3601/3613 3793/3610/3621 3800/3611/3622 3792/3602/3614
f 3786/3603/3615 3794/3612/3623 3793/3613/3621 3785/3604/3613
f 3787/3605/3616 3795/3614/3624 3794/3612/3623 3786/3603/3615
f 3788/3606/3617 3796/3615/3625 3795/3614/3624 3787/3605/3616
f 3789/3607/3618 3797/3616/3626 3796/3615/3625 3788/3606/3617
f 3790/3608/3619 3798/3617/3627 3797/3616/3626 3789/3607/3618
f 3791/3609/3620 3799/3618/3628 3798/3617/3627 3790/3608/3619
f 3792/3602/3614 3800/3611/3622 3799/3618/3628 3791/3609/3620
f 3793/3610/3621 3801/3619/3629 3808/3620/3630 3800/3611/3622
f 3794/3612/3623 3802/3621/3631 3801/3622/3629 3793/3613/3621
f 3795/3614/3624 3803/3623/3632 3802/3621/3631 3794/3612/3623
f 3796/3615/3625 3804/3624/3633 3803/3623/3632 3795/3614/3624
f 3797/3616/3626 3805/3625/3634 3804/3624/3633 3796/3615/3625
f 3798/3617/3627 3806/3626/3635 3805/3625/3634 3797/3616/3626
f 3799/3618/3628 3807/3627/3636 3806/3626/3635 3798/3617/3627
f 3800/3611/3622 3808/3620/3630 3807/3627/3636 3799/3618/3628
f 3801/3619/3629 3809/415/3637 3816/416/3638 3808/3620/3630
f 3802/3621/3631 3810/417/3639 3809/418/3637 3801/3622/3629
f 3803/3623/3632 3811/419/3640 3810/417/3639 3802/3621/3631
f 3804/3624/3633 3812/420/3638 3811/419/3640 3803/3623/3632
f 3805/3625/3634 3813/421/3641 3812/420/3638 3804/3624/3633
f 3806/3626/3635 3814/422/3642 3813/421/3641 3805/3625/3634
f 3807/3627/3636 3815/423/3643 3814/422/3642 3806/3626/3635
f 3808/3620/3630 3816/416/3638 3815/423/3643 3807/3627/3636
f 3809/415/3637 3817/3628/3644 3824/3629/3645 3816/416/3638
f 3810/417/3639 3818/3630/3646 3817/3631/3644 3809/418/3637
f 3811/419/3640 3819/3632/3647 3818/3630/3646 3810/417/3639
f 3812/420/3638 3820/3633/3648 3819/3632/3647 3811/419/3640
f 3813/421/3641 3821/3634/3649 3820/3633/3648 3812/420/3638
f 3814/422/3642 3822/3635/3650 3821/3634/3649 3813/421/3641
f 3815/423/3643 3823/3636/3651 3822/3635/3650 3814/422/3642
f 3816/416/3638 3824/3629/3645 3823/3636/3651 3815/423/3643
f 3817/3628/3644 3825/3637/3652 3832/3638/3653 3824/3629/3645
f 3818/3630/3646 3826/3639/3654 3825/3640/3652 3817/3631/3644
f 3819/3632/3647 3827/3641/3655 3826/3639/3654 3818/3630/3646
f 3820/3633/3648 3828/3642/3656 3827/3641/3655 3819/3632/3647
f 3821/3634/3649 3829/3643/3657 3828/3642/3656 3820/3633/3648
f 3822/3635/3650 3830/3644/3658 3829/3643/3657 3821/3634/3649
f 3823/3636/3651 3831/3645/3659 3830/3644/3658 3822/3635/3650
f 3824/3629/3645 3832/3638/3653 3831/3645/3659 3823/3636/3651
f 3825/3637/3652 3833/3646/3660 3840/3647/3661 3832/3638/3653
f 3826/3639/3654 3834/3648/3662 3833/3649/3660 3825/3640/3652
f 3827/3641/3655 3835/3650/3663 3834/3648/3662 3826/3639/3654
f 3828/3642/3656 3836/3651/3664 3835/3650/3663 3827/3641/3655
f 3829/3643/3657 3837/3652/3665 3836/3651/3664 3828/3642/3656
f 3830/3644/3658 3838/3653/3666 3837/3652/3665 3829/3643/3657
f 3831/3645/3659 3839/3654/3667 3838/3653/3666 3830/3644/3658
f 3832/3638/3653 3840/3647/3661 3839/3654/3667 3831/3645/3659
f 3833/3646/3660 3841/3655/3668 3848/3656/3669 3840/3647/3661
f 3834/3648/3662 3842/3657/3670 3841/3658/3668 3833/3649/3660
f 3835/3650/3663 3843/3659/3671 3842/3657/3670 3834/3648/3662
f 3836/3651/3664 3844/3660/3672 3843/3659/3671 3835/3650/3663
f 3837/3652/3665 3845/3661/3673 3844/3660/3672 3836/3651/3664
f 3838/3653/3666 3846/3662/3674 3845/3661/3673 3837/3652/3665
f 3839/3654/3667 3847/3663/3675 3846/3662/3674 3838/3653/3666
f 3840/3647/3661 3848/3656/3669 3847/3663/3675 3839/3654/3667
f 3841/3655/3668 3849/3664/3676 3856/3665/3677 3848/3656/3669
f 3842/3657/3670 3850/3666/3678 3849/3667/3676 3841/3658/3668
f 3843/3659/3671 3851/3668/3679 3850/3666/3678 3842/3657/3670
f 3844/3660/3672 3852/3669/3680 3851/3668/3679 3843/3659/3671
f 3845/3661/3673 3853/3670/3681 3852/3669/3680 3844/3660/3672
f 3846/3662/3674 3854/3671/3682 3853/3670/3681 3845/3661/3673
f 3847/3663/3675 3855/3672/3683 3854/3671/3682 3846/3662/3674
f 3848/3656/3669 3856/3665/3677 3855/3672/3683 3847/3663/3675
f 3849/3664/3676 3857/3673/3684 3864/3674/3685 3856/3665/3677
f 3850/3666/3678 3858/3675/3686 3857/3676/3684 3849/3667/3676
f 3851/3668/3679 3859/3677/3687 3858/3675/3686 3850/3666/3678
f 3852/3669/3680 3860/3678/3688 3859/3677/3687 3851/3668/3679
f 3853/3670/3681 3861/3679/3689 3860/3678/3688 3852/3669/3680
f 3854/3671/3682 3862/3680/3690 3861/3679/3689 3853/3670/3681
f 3855/3672/3683 3863/3681/3691 3862/3680/3690 3854/3671/3682
f 3856/3665/3677 3864/3674/3685 3863/3681/3691 3855/3672/3683
f 3857/3673/3684 3865/3682/3692 3872/3683/3693 3864/3674/3685
f 3858/3675/3686 3866/3684/3694 3865/3685/3692 3857/3676/3684
f 3859/3677/3687 3867/3686/3695 3866/3684/3694 3858/3675/3686
f 3860/3678/3688 3868/3687/3696 3867/3686/3695 3859/3677/3687
f 3861/3679/3689 3869/3688/3697 3868/3687/3696 3860/3678/3688
f 3862/3680/3690 3870/3689/3698 3869/3688/3697 3861/3679/3689
f 3863/3681/3691 3871/3690/3699 3870/3689/3698 3862/3680/3690
f 3864/3674/3685 3872/3683/3693 3871/3690/3699 3863/3681/3691
f 3865/3682/3692 3873/3691/3700 3880/3692/3701 3872/3683/3693
f 3866/3684/3694 3874/3693/3702 3873/3694/3700 3865/3685/3692
f 3867/3686/3695 3875/3695/3703 3874/3693/3702 3866/3684/3694
f 3868/3687/3696 3876/3696/3704 3875/3695/3703 3867/3686/3695
f 3869/3688/3697 3877/3697/3705 3876/3696/3704 3868/3687/3696
f 3870/3689/3698 3878/3698/3706 3877/3697/3705 3869/3688/3697
f 3871/3690/3699 3879/3699/3707 3878/3698/3706 3870/3689/3698
f 3872/3683/3693 3880/3692/3701 3879/3699/3707 3871/3690/3699
f 3873/3691/3700 3881/3700/3708 3888/3701/3709 3880/3692/3701
f 3874/3693/3702 3882/3702/3710 3881/3703/3708 3873/3694/3700
f 3875/3695/3703 3883/3704/3711 3882/3702/3710 3874/3693/3702
f 3876/3696/3704 3884/3705/3712 3883/3704/3711 3875/3695/3703
f 3877/3697/3705 3885/3706/3713 3884/3705/3712 3876/3696/3704
f 3878/3698/3706 3886/3707/3714 3885/3706/3713 3877/3697/3705
f 3879/3699/3707 3887/3708/3715 3886/3707/3714 3878/3698/3706
f 3880/3692/3701 3888/3701/3709 3887/3708/3715 3879/3699/3707
f 3881/3700/3708 3889/3709/3716 3896/3710/3717 3888/3701/3709
f 3882/3702/3710 3890/3711/3718 3889/3712/3716 3881/3703/3708
f 3883/3704/3711 3891/3713/3719 3890/3711/3718 3882/3702/3710
f 3884/3705/3712 3892/3714/3720 3891/3713/3719 3883/3704/3711
f 3885/3706/3713 3893/3715/3721 3892/3714/3720 3884/3705/3712
f 3886/3707/3714 3894/3716/3722 3893/3715/3721 3885/3706/3713
f 3887/3708/3715 3895/3717/3723 3894/3716/3722 3886/3707/3714
f 3888/3701/3709 3896/3710/3717 3895/3717/3723 3887/3708/3715
f 3889/3709/3716 3897/811/3724 3904/812/3725 3896/3710/3717
f 3890/3711/3718 3898/813/3726 3897/814/3724 3889/3712/3716
f 3891/3713/3719 3899/815/3727 3898/813/3726 3890/3711/3718
f 3892/3714/3720 3900/816/3728 3899/815/3727 3891/3713/3719
f 3893/3715/3721 3901/817/3729 3900/816/3728 3892/3714/3720
f 3894/3716/3722 3902/818/3730 3901/817/3729 3893/3715/3721
f 3895/3717/3723 3903/819/3731 3902/818/3730 3894/3716/3722
f 3896/3710/3717 3904/812/3725 3903/819/3731 3895/3717/3723
f 3897/811/3724 3905/3718/3732 3912/3719/3733 3904/812/3725
f 3898/813/3726 3906/3720/3734 3905/3721/3732 3897/814/3724
f 3899/815/3727 3907/3722/3735 3906/3720/3734 3898/813/3726
f 3900/816/3728 3908/3723/3736 3907/3722/3735 3899/815/3727
f 3901/817/3729 3909/3724/3737 3908/3723/3736 3900/816/3728
f 3902/818/3730 3910/3725/3738 3909/3724/3737 3901/817/3729
f 3903/819/3731 3911/3726/3739 3910/3725/3738 3902/818/3730
f 3904/812/3725 3912/3719/3733 3911/3726/3739 3903/819/3731
f 3905/3718/3732 3913/3727/3740 3920/3728/3741 3912/3719/3733
f 3906/3720/3734 3914/3729/3742 3913/3730/3740 3905/3721/3732
f 3907/3722/3735 3915/3731/3743 3914/3729/3742 3906/3720/3734
f 3908/3723/3736 3916/3732/3744 3915/3731/3743 3907/3722/3735
f 3909/3724/3737 3917/3733/3745 3916/3732/3744 3908/3723/3736
f 3910/3725/3738 3918/3734/3746 3917/3733/3745 3909/3724/3737
f 3911/3726/3739 3919/3735/3747 3918/3734/3746 3910/3725/3738
f 3912/3719/3733 3920/3728/3741 3919/3735/3747 3911/3726/3739
f 3913/3727/3740 3921/3736/3748 3928/3737/3749 3920/3728/3741
f 3914/3729/3742 3922/3738/3750 3921/3739/3748 3913/3730/3740
f 3915/3731/3743 3923/3740/3751 3922/3738/3750 3914/3729/3742
f 3916/3732/3744 3924/3741/3752 3923/3740/3751 3915/3731/3743
f 3917/3733/3745 3925/3742/3753 3924/3741/3752 3916/3732/3744
f 3918/3734/3746 3926/3743/3754 3925/3742/3753 3917/3733/3745
f 3919/3735/3747 3927/3744/3755 3926/3743/3754 3918/3734/3746
f 3920/3728/3741 3928/3737/3749 3927/3744/3755 3919/3735/3747
f 3921/3736/3748 3929/3745/3756 3936/3746/3757 3928/3737/3749
f 3922/3738/3750 3930/3747/3758 3929/3748/3756 3921/3739/3748
f 3923/3740/3751 3931/3749/3759 3930/3747/3758 3922/3738/3750
f 3924/3741/3752 3932/3750/3760 3931/3749/3759 3923/3740/3751
f 3925/3742/3753 3933/3751/3761 3932/3750/3760 3924/3741/3752
f 3926/3743/3754 3934/3752/3762 3933/3751/3761 3925/3742/3753
f 3927/3744/3755 3935/3753/3763 3934/3752/3762 3926/3743/3754
f 3928/3737/3749 3936/3746/3757 3935/3753/3763 3927/3744/3755
f 3929/3745/3756 3937/3754/3764 3944/3755/3765 3936/3746/3757
f 3930/3747/3758 3938/3756/3766 3937/3757/3764 3929/3748/3756
f 3931/3749/3759 3939/3758/3767 3938/3756/3766 3930/3747/3758
f 3932/3750/3760 3940/3759/3768 3939/3758/3767 3931/3749/3759
f 3933/3751/3761 3941/3760/3769 3940/3759/3768 3932/3750/3760
f 3934/3752/3762 3942/3761/3770 3941/3760/3769 3933/3751/3761
f 3935/3753/3763 3943/3762/3771 3942/3761/3770 3934/3752/3762
f 3936/3746/3757 3944/3755/3765 3943/3762/3771 3935/3753/3763
f 3937/3754/3764 3945/3763/3772 3952/3764/3773 3944/3755/3765
f 3938/3756/3766 3946/3765/3774 3945/3766/3772 3937/3757/3764
f 3939/3758/3767 3947/3767/3775 3946/3765/3774 3938/3756/3766
f 3940/3759/3768 3948/3768/3776 3947/3767/3775 3939/3758/3767
f 3941/3760/3769 3949/3769/3777 3948/3768/3776 3940/3759/3768
f 3942/3761/3770 3950/3770/3778 3949/3769/3777 3941/3760/3769
f 3943/3762/3771 3951/3771/3779 3950/3770/3778 3942/3761/3770
f 3944/3755/3765 3952/3764/3773 3951/3771/3779 3943/3762/3771
f 3945/3763/3772 3953/3772/3780 3960/3773/3781 3952/3764/3773
f 3946/3765/3774 3954/3774/3782 3953/3775/3780 3945/3766/3772
f 3947/3767/3775 3955/3776/3783 3954/3774/3782 3946/3765/3774
f 3948/3768/3776 3956/3777/3784 3955/3776/3783 3947/3767/3775
f 3949/3769/3777 3957/3778/3785 3956/3777/3784 3948/3768/3776
f 3950/3770/3778 3958/3779/3786 3957/3778/3785 3949/3769/3777
f 3951/3771/3779 3959/3780/3787 3958/3779/3786 3950/3770/3778
f 3952/3764/3773 3960/3773/3781 3959/3780/3787 3951/3771/3779
f 3953/3772/3780 3961/3781/3788 3968/3782/3789 3960/3773/3781
f 3954/3774/3782 3962/3783/3790 3961/3784/3788 3953/3775/3780
f 3955/3776/3783 3963/3785/3791 3962/3783/3790 3954/3774/3782
f 3956/3777/3784 3964/3786/3792 3963/3785/3791 3955/3776/3783
f 3957/3778/3785 3965/3787/3793 3964/3786/3792 3956/3777/3784
f 3958/3779/3786 3966/3788/3794 3965/3787/3793 3957/3778/3785
f 3959/3780/3787 3967/3789/3795 3966/3788/3794 3958/3779/3786
f 3960/3773/3781 3968/3782/3789 3967/3789/3795 3959/3780/3787
f 3961/3781/3788 3969/3790/3796 3976/3791/3797 3968/3782/3789
f 3962/3783/3790 3970/3792/3798 3969/3793/3796 3961/3784/3788
f 3963/3785/3791 3971/3794/3799 3970/3792/3798 3962/3783/3790
f 3964/3786/3792 3972/3795/3800 3971/3794/3799 3963/3785/3791
f 3965/3787/3793 3973/3796/3801 3972/3795/3800 3964/3786/3792
f 3966/3788/3794 3974/3797/3802 3973/3796/3801 3965/3787/3793
f 3967/3789/3795 3975/3798/3803 3974/3797/3802 3966/3788/3794
f 3968/3782/3789 3976/3791/3797 3975/3798/3803 3967/3789/3795
f 3969/3790/3796 3977/3799/3804 3984/3800/3805 3976/3791/3797
f 3970/3792/3798 3978/3801/3806 3977/3802/3804 3969/3793/3796
f 3971/3794/3799 3979/3803/3807 3978/3801/3806 3970/3792/3798
f 3972/3795/3800 3980/3804/3808 3979/3803/3807 3971/3794/3799
f 3973/3796/3801 3981/3805/3809 3980/3804/3808 3972/3795/3800
f 3974/3797/3802 3982/3806/3810 3981/3805/3809 3973/3796/3801
f 3975/3798/3803 3983/3807/3811 3982/3806/3810 3974/3797/3802
f 3976/3791/3797 3984/3800/3805 3983/3807/3811 3975/3798/3803
f 3977/3799/3804 3985/829/3812 3992/830/3813 3984/3800/3805
f 3978/3801/3806 3986/831/3814 3985/832/3812 3977/3802/3804
f 3979/3803/3807 3987/833/3815 3986/831/3814 3978/3801/3806
f 3980/3804/3808 3988/834/3813 3987/833/3815 3979/3803/3807
f 3981/3805/3809 3989/835/3816 3988/834/3813 3980/3804/3808
f 3982/3806/3810 3990/836/3817 3989/835/3816 3981/3805/3809
f 3983/3807/3811 3991/837/3818 3990/836/3817 3982/3806/3810
f 3984/3800/3805 3992/830/3813 3991/837/3818 3983/3807/3811
f 3985/829/3812 3993/3808/3819 4000/3809/3820 3992/830/3813
f 3986/831/3814 3994/3810/3821 3993/3811/3819 3985/832/3812
f 3987/833/3815 3995/3812/3822 3994/3810/3821 3986/831/3814
f 3988/834/3813 3996/3813/3823 3995/3812/3822 3987/833/3815
f 3989/835/3816 3997/3814/3824 3996/3813/3823 3988/834/3813
f 3990/836/3817 3998/3815/3825 3997/3814/3824 3989/835/3816
f 3991/837/3818 3999/3816/3826 3998/3815/3825 3990/836/3817
f 3992/830/3813 4000/3809/3820 3999/3816/3826 3991/837/3818
f 3993/3808/3819 4001/3817/3827 4008/3818/3828 4000/3809/3820
f 3994/3810/3821 4002/3819/3829 4001/3820/3827 3993/3811/3819
f 3995/3812/3822 4003/3821/3830 4002/3819/3829 3994/3810/3821
f 3996/3813/3823 4004/3822/3831 4003/3821/3830 3995/3812/3822
f 3997/3814/3824 4005/3823/3832 4004/3822/3831 3996/3813/3823
f 3998/3815/3825 4006/3824/3833 4005/3823/3832 3997/3814/3824
f 3999/3816/3826 4007/3825/3834 4006/3824/3833 3998/3815/3825
f 4000/3809/3820 4008/3818/3828 4007/3825/3834 3999/3816/3826
f 4001/3817/3827 4009/3826/3835 4016/3827/3836 4008/3818/3828
f 4002/3819/3829 4010/3828/3837 4009/3829/3835 4001/3820/3827
f 4003/3821/3830 4011/3830/3838 4010/3828/3837 4002/3819/3829
f 4004/3822/3831 4012/3831/998 4011/3830/3838 4003/3821/3830
f 4005/3823/3832 4013/3832/3839 4012/3831/998 4004/3822/3831
f 4006/3824/3833 4014/3833/3840 4013/3832/3839 4005/3823/3832
f 4007/3825/3834 4015/3834/3841 4014/3833/3840 4006/3824/3833
f 4008/3818/3828 4016/3827/3836 4015/3834/3841 4007/3825/3834
f 4009/3826/3835 4017/3835/3842 4024/3836/3843 4016/3827/3836
f 4010/3828/3837 4018/3837/3844 4017/3838/3842 4009/3829/3835
f 4011/3830/3838 4019/3839/3845 4018/3837/3844 4010/3828/3837
f 4012/3831/998 4020/3840/3846 4019/3839/3845 4011/3830/3838
f 4013/3832/3839 4021/3841/3847 4020/3840/3846 4012/3831/998
f 4014/3833/3840 4022/3842/3848 4021/3841/3847 4013/3832/3839
f 4015/3834/3841 4023/3843/3849 4022/3842/3848 4014/3833/3840
f 4016/3827/3836 4024/3836/3843 4023/3843/3849 4015/3834/3841
f 4017/3835/3842 4025/3844/3850 4032/3845/3851 4024/3836/3843
f 4018/3837/3844 4026/3846/3852 4025/3847/3850 4017/3838/3842
f 4019/3839/3845 4027/3848/3853 4026/3846/3852 4018/3837/3844
f 4020/3840/3846 4028/3849/3854 4027/3848/3853 4019/3839/3845
f 4021/3841/3847 4029/3850/3855 4028/3849/3854 4020/3840/3846
f 4022/3842/3848 4030/3851/3856 4029/3850/3855 4021/3841/3847
f 4023/3843/3849 4031/3852/3857 4030/3851/3856 4022/3842/3848
f 4024/3836/3843 4032/3845/3851 4031/3852/3857 4023/3843/3849
f 4025/3844/3850 4033/3853/3858 4040/3854/3859 4032/3845/3851
f 4026/3846/3852 4034/3855/3860 4033/3856/3858 4025/3847/3850
f 4027/3848/3853 4035/3857/3861 4034/3855/3860 4026/3846/3852
f 4028/3849/3854 4036/3858/3862 4035/3857/3861 4027/3848/3853
f 4029/3850/3855 4037/3859/3863 4036/3858/3862 4028/3849/3854
f 4030/3851/3856 4038/3860/3864 4037/3859/3863 4029/3850/3855
f 4031/3852/3857 4039/3861/3865 4038/3860/3864 4030/3851/3856
f 4032/3845/3851 4040/3854/3859 4039/3861/3865 4031/3852/3857
f 4033/3853/3858 4041/3862/3866 4048/3863/3867 4040/3854/3859
f 4034/3855/3860 4042/3864/3868 4041/3865/3866 4033/3856/3858
f 4035/3857/3861 4043/3866/3869 4042/3864/3868 4034/3855/3860
f 4036/3858/3862 4044/3867/3870 4043/3866/3869 4035/3857/3861
f 4037/3859/3863 4045/3868/3871 4044/3867/3870 4036/3858/3862
f 4038/3860/3864 4046/3869/3872 4045/3868/3871 4037/3859/3863
f 4039/3861/3865 4047/3870/3873 4046/3869/3872 4038/3860/3864
f 4040/3854/3859 4048/3863/3867 4047/3870/3873 4039/3861/3865
f 4041/3862/3866 4049/3871/3874 4056/3872/3875 4048/3863/3867
f 4042/3864/3868 4050/3873/3876 4049/3874/3874 4041/3865/3866
f 4043/3866/3869 4051/3875/3877 4050/3873/3876 4042/3864/3868
f 4044/3867/3870 4052/3876/3878 4051/3875/3877 4043/3866/3869
f 4045/3868/3871 4053/3877/3879 4052/3876/3878 4044/3867/3870
f 4046/3869/3872 4054/3878/3880 4053/3877/3879 4045/3868/3871
f 4047/3870/3873 4055/3879/3881 4054/3878/3880 4046/3869/3872
f 4048/3863/3867 4056/3872/3875 4055/3879/3881 4047/3870/3873
f 4049/3871/3874 4057/3880/3882 4064/3881/3883 4056/3872/3875
f 4050/3873/3876 4058/3882/3884 4057/3883/3882 4049/3874/3874
f 4051/3875/3877 4059/3884/3885 4058/3882/3884 4050/3873/3876
f 4052/3876/3878 4060/3885/3886 4059/3884/3885 4051/3875/3877
f 4053/3877/3879 4061/3886/3887 4060/3885/3886 4052/3876/3878
f 4054/3878/3880 4062/3887/3888 4061/3886/3887 4053/3877/3879
f 4055/3879/3881 4063/3888/3889 4062/3887/3888 4054/3878/3880
f 4056/3872/3875 4064/3881/3883 4063/3888/3889 4055/3879/3881
f 4057/3880/3882 4065/3889/3890 4072/3890/3891 4064/3881/3883
f 4058/3882/3884 4066/3891/3892 4065/3892/3890 4057/3883/3882
f 4059/3884/3885 4067/3893/3893 4066/3891/3892 4058/3882/3884
f 4060/3885/3886 4068/3894/3894 4067/3893/3893 4059/3884/3885
f 4061/3886/3887 4069/3895/3895 4068/3894/3894 4060/3885/3886
f 4062/3887/3888 4070/3896/3896 4069/3895/3895 4061/3886/3887
f 4063/3888/3889 4071/3897/3897 4070/3896/3896 4062/3887/3888
f 4064/3881/3883 4072/3890/3891 4071/3897/3897 4063/3888/3889
f 4065/3889/3890 4073/847/3898 4080/848/3899 4072/3890/3891
f 4066/3891/3892 4074/849/3900 4073/850/3898 4065/3892/3890
f 4067/3893/3893 4075/851/3901 4074/849/3900 4066/3891/3892
f 4068/3894/3894 4076/852/3902 4075/851/3901 4067/3893/3893
f 4069/3895/3895 4077/853/3903 4076/852/3902 4068/3894/3894
f 4070/3896/3896 4078/854/3904 4077/853/3903 4069/3895/3895
f 4071/3897/3897 4079/855/3905 4078/854/3904 4070/3896/3896
f 4072/3890/3891 4080/848/3899 4079/855/3905 4071/3897/3897
f 4073/847/3898 4081/3898/3906 4088/3899/3907 4080/848/3899
f 4074/849/3900 4082/3900/3908 4081/3901/3906 4073/850/3898
f 4075/851/3901 4083/3902/3909 4082/3900/3908 4074/849/3900
f 4076/852/3902 4084/3903/3910 4083/3902/3909 4075/851/3901
f 4077/853/3903 4085/3904/3911 4084/3903/3910 4076/852/3902
f 4078/854/3904 4086/3905/3912 4085/3904/3911 4077/853/3903
f 4079/855/3905 4087/3906/3913 4086/3905/3912 4078/854/3904
f 4080/848/3899 4088/3899/3907 4087/3906/3913 4079/855/3905
f 4081/3898/3906 4089/3907/3914 4096/3908/3915 4088/3899/3907
f 4082/3900/3908 4090/3909/3916 4089/3910/3914 4081/3901/3906
f 4083/3902/3909 4091/3911/3917 4090/3909/3916 4082/3900/3908
f 4084/3903/3910 4092/3912/3918 4091/3911/3917 4083/3902/3909
f 4085/3904/3911 4093/3913/3919 4092/3912/3918 4084/3903/3910
f 4086/3905/3912 4094/3914/3920 4093/3913/3919 4085/3904/3911
f 4087/3906/3913 4095/3915/3921 4094/3914/3920 4086/3905/3912
f 4088/3899/3907 4096/3908/3915 4095/3915/3921 4087/3906/3913
f 4089/3907/3914 4097/3916/3922 4104/3917/3923 4096/3908/3915
f 4090/3909/3916 4098/3918/3924 4097/3919/3922 4089/3910/3914
f 4091/3911/3917 4099/3920/3925 4098/3918/3924 4090/3909/3916
f 4092/3912/3918 4100/3921/3926 4099/3920/3925 4091/3911/3917
f 4093/3913/3919 4101/3922/3927 4100/3921/3926 4092/3912/3918
f 4094/3914/3920 4102/3923/3928 4101/3922/3927 4093/3913/3919
f 4095/3915/3921 4103/3924/3929 4102/3923/3928 4094/3914/3920
f 4096/3908/3915 4104/3917/3923 4103/3924/3929 4095/3915/3921
f 4097/3916/3922 4105/3925/3930 4112/3926/3931 4104/3917/3923
f 4098/3918/3924 4106/3927/3932 4105/3928/3930 4097/3919/3922
f 4099/3920/3925 4107/3929/3933 4106/3927/3932 4098/3918/3924
f 4100/3921/3926 4108/3930/3934 4107/3929/3933 4099/3920/3925
f 4101/3922/3927 4109/3931/3935 4108/3930/3934 4100/3921/3926
f 4102/3923/3928 4110/3932/3936 4109/3931/3935 4101/3922/3927
f 4103/3924/3929 4111/3933/3937 4110/3932/3936 4102/3923/3928
f 4104/3917/3923 4112/3926/3931 4111/3933/3937 4103/3924/3929
f 4105/3925/3930 4113/3934/3938 4120/3935/3939 4112/3926/3931
f 4106/3927/3932 4114/3936/3940 4113/3937/3938 4105/3928/3930
f 4107/3929/3933 4115/3938/3941 4114/3936/3940 4106/3927/3932
f 4108/3930/3934 4116/3939/3942 4115/3938/3941 4107/3929/3933
f 4109/3931/3935 4117/3940/3943 4116/3939/3942 4108/3930/3934
f 4110/3932/3936 4118/3941/3944 4117/3940/3943 4109/3931/3935
f 4111/3933/3937 4119/3942/3945 4118/3941/3944 4110/3932/3936
f 4112/3926/3931 4120/3935/3939 4119/3942/3945 4111/3933/3937
f 4113/3934/3938 4121/3943/3946 4128/3944/3947 4120/3935/3939
f 4114/3936/3940 4122/3945/3948 4121/3946/3946 4113/3937/3938
f 4115/3938/3941 4123/3947/3949 4122/3945/3948 4114/3936/3940
f 4116/3939/3942 4124/3948/3950 4123/3947/3949 4115/3938/3941
f 4117/3940/3943 4125/3949/3951 4124/3948/3950 4116/3939/3942
f 4118/3941/3944 4126/3950/3952 4125/3949/3951 4117/3940/3943
f 4119/3942/3945 4127/3951/3953 4126/3950/3952 4118/3941/3944
f 4120/3935/3939 4128/3944/3947 4127/3951/3953 4119/3942/3945
f 4121/3943/3946 4129/3952/3954 4136/3953/3955 4128/3944/3947
f 4122/3945/3948 4130/3954/3956 4129/3955/3954 4121/3946/3946
f 4123/3947/3949 4131/3956/3957 4130/3954/3956 4122/3945/3948
f 4124/3948/3950 4132/3957/3958 4131/3956/3957 4123/3947/3949
f 4125/3949/3951 4133/3958/3959 4132/3957/3958 4124/3948/3950
f 4126/3950/3952 4134/3959/3960 4133/3958/3959 4125/3949/3951
f 4127/3951/3953 4135/3960/3961 4134/3959/3960 4126/3950/3952
f 4128/3944/3947 4136/3953/3955 4135/3960/3961 4127/3951/3953
f 4129/3952/3954 4137/3961/3962 4144/3962/3963 4136/3953/3955
f 4130/3954/3956 4138/3963/3964 4137/3964/3962 4129/3955/3954
f 4131/3956/3957 4139/3965/3965 4138/3963/3964 4130/3954/3956
f 4132/3957/3958 4140/3966/3966 4139/3965/3965 4131/3956/3957
f 4133/3958/3959 4141/3967/3967 4140/3966/3966 4132/3957/3958
f 4134/3959/3960 4142/3968/3968 4141/3967/3967 4133/3958/3959
f 4135/3960/3961 4143/3969/3969 4142/3968/3968 4134/3959/3960
f 4136/3953/3955 4144/3962/3963 4143/3969/3969 4135/3960/3961
f 4137/3961/3962 4145/3970/3970 4152/3971/3971 4144/3962/3963
f 4138/3963/3964 4146/3972/3972 4145/3973/3970 4137/3964/3962
f 4139/3965/3965 4147/3974/3973 4146/3972/3972 4138/3963/3964
f 4140/3966/3966 4148/3975/3974 4147/3974/3973 4139/3965/3965
f 4141/3967/3967 4149/3976/3975 4148/3975/3974 4140/3966/3966
f 4142/3968/3968 4150/3977/3976 4149/3976/3975 4141/3967/3967
f 4143/3969/3969 4151/3978/3977 4150/3977/3976 4142/3968/3968
f 4144/3962/3963 4152/3971/3971 4151/3978/3977 4143/3969/3969
f 4145/3970/3970 4153/3979/3978 4160/3980/1516 4152/3971/3971
f 4146/3972/3972 4154/3981/3979 4153/3982/3978 4145/3973/3970
f 4147/3974/3973 4155/3983/3980 4154/3981/3979 4146/3972/3972
f 4148/3975/3974 4156/3984/3981 4155/3983/3980 4147/3974/3973
f 4149/3976/3975 4157/3985/3982 4156/3984/3981 4148/3975/3974
f 4150/3977/3976 4158/3986/3983 4157/3985/3982 4149/3976/3975
f 4151/3978/3977 4159/3987/3984 4158/3986/3983 4150/3977/3976
f 4152/3971/3971 4160/3980/1516 4159/3987/3984 4151/3978/3977
f 4153/3979/3978 4161/496/3985 4168/497/3986 4160/3980/1516
f 4154/3981/3979 4162/498/3987 4161/499/3985 4153/3982/3978
f 4155/3983/3980 4163/500/3988 4162/498/3987 4154/3981/3979
f 4156/3984/3981 4164/501/3986 4163/500/3988 4155/3983/3980
f 4157/3985/3982 4165/502/3989 4164/501/3986 4156/3984/3981
f 4158/3986/3983 4166/503/3990 4165/502/3989 4157/3985/3982
f 4159/3987/3984 4167/504/3991 4166/503/3990 4158/3986/3983
f 4160/3980/1516 4168/497/3986 4167/504/3991 4159/3987/3984
f 4161/496/3985 4169/3988/3992 4176/3989/3993 4168/497/3986
f 4162/498/3987 4170/3990/3994 4169/3991/3992 4161/499/3985
f 4163/500/3988 4171/3992/3995 4170/3990/3994 4162/498/3987
f 4164/501/3986 4172/3993/3996 4171/3992/3995 4163/500/3988
f 4165/502/3989 4173/3994/3997 4172/3993/3996 4164/501/3986
f 4166/503/3990 4174/3995/3998 4173/3994/3997 4165/502/3989
f 4167/504/3991 4175/3996/3999 4174/3995/3998 4166/503/3990
f 4168/497/3986 4176/3989/3993 4175/3996/3999 4167/504/3991
f 4169/3988/3992 4177/3997/4000 4184/3998/4001 4176/3989/3993
f 4170/3990/3994 4178/3999/4002 4177/4000/4000 4169/3991/3992
f 4171/3992/3995 4179/4001/4003 4178/3999/4002 4170/3990/3994
f 4172/3993/3996 4180/4002/4004 4179/4001/4003 4171/3992/3995
f 4173/3994/3997 4181/4003/4005 4180/4002/4004 4172/3993/3996
f 4174/3995/3998 4182/4004/4006 4181/4003/4005 4173/3994/3997
f 4175/3996/3999 4183/4005/4007 4182/4004/4006 4174/3995/3998
f 4176/3989/3993 4184/3998/4001 4183/4005/4007 4175/3996/3999
f 4177/3997/4000 4185/4006/4008 4192/4007/4009 4184/3998/4001
f 4178/3999/4002 4186/4008/4010 4185/4009/4008 4177/4000/4000
f 4179/4001/4003 4187/4010/4011 4186/4008/4010 4178/3999/4002
f 4180/4002/4004 4188/4011/4012 4187/4010/4011 4179/4001/4003
f 4181/4003/4005 4189/4012/4013 4188/4011/4012 4180/4002/4004
f 4182/4004/4006 4190/4013/4014 4189/4012/4013 4181/4003/4005
f 4183/4005/4007 4191/4014/4015 4190/4013/4014 4182/4004/4006
f 4184/3998/4001 4192/4007/4009 4191/4014/4015 4183/4005/4007
f 4185/4006/4008 4193/4015/4016 4200/4016/4017 4192/4007/4009
f 4186/4008/4010 4194/4017/4018 4193/4018/4016 4185/4009/4008
f 4187/4010/4011 4195/4019/4019 4194/4017/4018 4186/4008/4010
f 4188/4011/4012 4196/4020/4020 4195/4019/4019 4187/4010/4011
f 4189/4012/4013 4197/4021/4021 4196/4020/4020 4188/4011/4012
f 4190/4013/4014 4198/4022/4022 4197/4021/4021 4189/4012/4013
f 4191/4014/4015 4199/4023/4023 4198/4022/4022 4190/4013/4014
f 4192/4007/4009 4200/4016/4017 4199/4023/4023 4191/4014/4015
f 4193/4015/4016 4201/4024/4024 4208/4025/4025 4200/4016/4017
f 4194/4017/4018 4202/4026/4026 4201/4027/4024 4193/4018/4016
f 4195/4019/4019 4203/4028/4027 4202/4026/4026 4194/4017/4018
f 4196/4020/4020 4204/4029/3494 4203/4028/4027 4195/4019/4019
f 4197/4021/4021 4205/4030/4028 4204/4029/3494 4196/4020/4020
f 4198/4022/4022 4206/4031/4029 4205/4030/4028 4197/4021/4021
f 4199/4023/4023 4207/4032/4030 4206/4031/4029 4198/4022/4022
f 4200/4016/4017 4208/4025/4025 4207/4032/4030 4199/4023/4023
f 4201/4024/4024 4209/4033/4031 4216/4034/4032 4208/4025/4025
f 4202/4026/4026 4210/4035/4033 4209/4036/4031 4201/4027/4024
f 4203/4028/4027 4211/4037/4034 4210/4035/4033 4202/4026/4026
f 4204/4029/3494 4212/4038/4035 4211/4037/4034 4203/4028/4027
f 4205/4030/4028 4213/4039/4036 4212/4038/4035 4204/4029/3494
f 4206/4031/4029 4214/4040/4037 4213/4039/4036 4205/4030/4028
f 4207/4032/4030 4215/4041/4038 4214/4040/4037 4206/4031/4029
f 4208/4025/4025 4216/4034/4032 4215/4041/4038 4207/4032/4030
f 4209/4033/4031 4217/4042/4039 4224/4043/4040 4216/4034/4032
f 4210/4035/4033 4218/4044/4041 4217/4045/4039 4209/4036/4031
f 4211/4037/4034 4219/4046/4042 4218/4044/4041 4210/4035/4033
f 4212/4038/4035 4220/4047/4043 4219/4046/4042 4211/4037/4034
f 4213/4039/4036 4221/4048/4044 4220/4047/4043 4212/4038/4035
f 4214/4040/4037 4222/4049/4045 4221/4048/4044 4213/4039/4036
f 4215/4041/4038 4223/4050/4046 4222/4049/4045 4214/4040/4037
f 4216/4034/4032 4224/4043/4040 4223/4050/4046 4215/4041/4038
f 4217/4042/4039 4225/4051/4047 4232/4052/4048 4224/4043/4040
f 4218/4044/4041 4226/4053/4049 4225/4054/4047 4217/4045/4039
f 4219/4046/4042 4227/4055/4050 4226/4053/4049 4218/4044/4041
f 4220/4047/4043 4228/4056/4051 4227/4055/4050 4219/4046/4042
f 4221/4048/4044 4229/4057/4052 4228/4056/4051 4220/4047/4043
f 4222/4049/4045 4230/4058/4053 4229/4057/4052 4221/4048/4044
f 4223/4050/4046 4231/4059/4054 4230/4058/4053 4222/4049/4045
f 4224/4043/4040 4232/4052/4048 4231/4059/4054 4223/4050/4046
f 4225/4051/4047 4233/4060/4055 4240/4061/4056 4232/4052/4048
f 4226/4053/4049 4234/4062/4057 4233/4063/4055 4225/4054/4047
f 4227/4055/4050 4235/4064/4058 4234/4062/4057 4226/4053/4049
f 4228/4056/4051 4236/4065/4059 4235/4064/4058 4227/4055/4050
f 4229/4057/4052 4237/4066/4060 4236/4065/4059 4228/4056/4051
f 4230/4058/4053 4238/4067/4061 4237/4066/4060 4229/4057/4052
f 4231/4059/4054 4239/4068/4062 4238/4067/4061 4230/4058/4053
f 4232/4052/4048 4240/4061/4056 4239/4068/4062 4231/4059/4054
f 4233/4060/4055 4241/4069/4063 4248/4070/4064 4240/4061/4056
f 4234/4062/4057 4242/4071/4065 4241/4072/4063 4233/4063/4055
f 4235/4064/4058 4243/4073/4066 4242/4071/4065 4234/4062/4057
f 4236/4065/4059 4244/4074/4067 4243/4073/4066 4235/4064/4058
f 4237/4066/4060 4245/4075/4068 4244/4074/4067 4236/4065/4059
f 4238/4067/4061 4246/4076/4069 4245/4075/4068 4237/4066/4060
f 4239/4068/4062 4247/4077/4070 4246/4076/4069 4238/4067/4061
f 4240/4061/4056 4248/4070/4064 4247/4077/4070 4239/4068/4062
f 4241/4069/4063 4249/874/4071 4256/875/4072 4248/4070/4064
f 4242/4071/4065 4250/876/4073 4249/877/4071 4241/4072/4063
f 4243/4073/4066 4251/878/4074 4250/876/4073 4242/4071/4065
f 4244/4074/4067 4252/879/4075 4251/878/4074 4243/4073/4066
f 4245/4075/4068 4253/880/4076 4252/879/4075 4244/4074/4067
f 4246/4076/4069 4254/881/4077 4253/880/4076 4245/4075/4068
f 4247/4077/4070 4255/882/4078 4254/881/4077 4246/4076/4069
f 4248/4070/4064 4256/875/4072 4255/882/4078 4247/4077/4070
f 4249/874/4071 4257/4078/4079 4264/4079/4080 4256/875/4072
f 4250/876/4073 4258/4080/4081 4257/4081/4079 4249/877/4071
f 4251/878/4074 4259/4082/4082 4258/4080/4081 4250/876/4073
f 4252/879/4075 4260/4083/4083 4259/4082/4082 4251/878/4074
f 4253/880/4076 4261/4084/4084 4260/4083/4083 4252/879/4075
f 4254/881/4077 4262/4085/4085 4261/4084/4084 4253/880/4076
f 4255/882/4078 4263/4086/4086 4262/4085/4085 4254/881/4077
f 4256/875/4072 4264/4079/4080 4263/4086/4086 4255/882/4078
f 4257/4078/4079 4265/4087/4087 4272/4088/4088 4264/4079/4080
f 4258/4080/4081 4266/4089/4089 4265/4090/4087 4257/4081/4079
f 4259/4082/4082 4267/4091/4090 4266/4089/4089 4258/4080/4081
f 4260/4083/4083 4268/4092/4091 4267/4091/4090 4259/4082/4082
f 4261/4084/4084 4269/4093/4092 4268/4092/4091 4260/4083/4083
f 4262/4085/4085 4270/4094/4093 4269/4093/4092 4261/4084/4084
f 4263/4086/4086 4271/4095/4094 4270/4094/4093 4262/4085/4085
f 4264/4079/4080 4272/4088/4088 4271/4095/4094 4263/4086/4086
f 4265/4087/4087 4273/4096/4095 4280/4097/4096 4272/4088/4088
f 4266/4089/4089 4274/4098/4097 4273/4099/4095 4265/4090/4087
f 4267/4091/4090 4275/4100/4098 4274/4098/4097 4266/4089/4089
f 4268/4092/4091 4276/4101/4099 4275/4100/4098 4267/4091/4090
f 4269/4093/4092 4277/4102/4100 4276/4101/4099 4268/4092/4091
f 4270/4094/4093 4278/4103/4101 4277/4102/4100 4269/4093/4092
f 4271/4095/4094 4279/4104/4102 4278/4103/4101 4270/4094/4093
f 4272/4088/4088 4280/4097/4096 4279/4104/4102 4271/4095/4094
f 4273/4096/4095 4281/4105/4103 4288/4106/4104 4280/4097/4096
f 4274/4098/4097 4282/4107/4105 4281/4108/4103 4273/4099/4095
f 4275/4100/4098 4283/4109/4106 4282/4107/4105 4274/4098/4097
f 4276/4101/4099 4284/4110/4107 4283/4109/4106 4275/4100/4098
f 4277/4102/4100 4285/4111/4108 4284/4110/4107 4276/4101/4099
f 4278/4103/4101 4286/4112/4109 4285/4111/4108 4277/4102/4100
f 4279/4104/4102 4287/4113/4110 4286/4112/4109 4278/4103/4101
f 4280/4097/4096 4288/4106/4104 4287/4113/4110 4279/4104/4102
f 4281/4105/4103 4289/4114/4111 4296/4115/4112 4288/4106/4104
f 4282/4107/4105 4290/4116/4113 4289/4117/4111 4281/4108/4103
f 4283/4109/4106 4291/4118/4114 4290/4116/4113 4282/4107/4105
f 4284/4110/4107 4292/4119/4115 4291/4118/4114 4283/4109/4106
f 4285/4111/4108 4293/4120/4116 4292/4119/4115 4284/4110/4107
f 4286/4112/4109 4294/4121/4117 4293/4120/4116 4285/4111/4108
f 4287/4113/4110 4295/4122/4118 4294/4121/4117 4286/4112/4109
f 4288/4106/4104 4296/4115/4112 4295/4122/4118 4287/4113/4110
f 4289/4114/4111 4297/4123/4119 4304/4124/4120 4296/4115/4112
f 4290/4116/4113 4298/4125/4121 4297/4126/4119 4289/4117/4111
f 4291/4118/4114 4299/4127/4122 4298/4125/4121 4290/4116/4113
f 4292/4119/4115 4300/4128/4123 4299/4127/4122 4291/4118/4114
f 4293/4120/4116 4301/4129/4124 4300/4128/4123 4292/4119/4115
f 4294/4121/4117 4302/4130/4125 4301/4129/4124 4293/4120/4116
f 4295/4122/4118 4303/4131/4126 4302/4130/4125 4294/4121/4117
f 4296/4115/4112 4304/4124/4120 4303/4131/4126 4295/4122/4118
f 4297/4123/4119 4305/4132/4127 4312/4133/3601 4304/4124/4120
f 4298/4125/4121 4306/4134/4128 4305/4135/4127 4297/4126/4119
f 4299/4127/4122 4307/4136/4129 4306/4134/4128 4298/4125/4121
f 4300/4128/4123 4308/4137/4130 4307/4136/4129 4299/4127/4122
f 4301/4129/4124 4309/4138/4131 4308/4137/4130 4300/4128/4123
f 4302/4130/4125 4310/4139/4132 4309/4138/4131 4301/4129/4124
f 4303/4131/4126 4311/4140/4133 4310/4139/4132 4302/4130/4125
f 4304/4124/4120 4312/4133/3601 4311/4140/4133 4303/4131/4126
f 4305/4132/4127 4313/4141/4134 4320/4142/4135 4312/4133/3601
f 4306/4134/4128 4314/4143/4136 4313/4144/4134 4305/4135/4127
f 4307/4136/4129 4315/4145/4137 4314/4143/4136 4306/4134/4128
f 4308/4137/4130 4316/4146/4138 4315/4145/4137 4307/4136/4129
f 4309/4138/4131 4317/4147/4139 4316/4146/4138 4308/4137/4130
f 4310/4139/4132 4318/4148/4140 4317/4147/4139 4309/4138/4131
f 4311/4140/4133 4319/4149/4141 4318/4148/4140 4310/4139/4132
f 4312/4133/3601 4320/4142/4135 4319/4149/4141 4311/4140/4133
f 4313/4141/4134 4321/4150/4142 4328/4151/4143 4320/4142/4135
f 4314/4143/4136 4322/4152/4144 4321/4153/4142 4313/4144/4134
f 4315/4145/4137 4323/4154/4145 4322/4152/4144 4314/4143/4136
f 4316/4146/4138 4324/4155/4146 4323/4154/4145 4315/4145/4137
f 4317/4147/4139 4325/4156/4147 4324/4155/4146 4316/4146/4138
f 4318/4148/4140 4326/4157/4148 4325/4156/4147 4317/4147/4139
f 4319/4149/4141 4327/4158/4149 4326/4157/4148 4318/4148/4140
f 4320/4142/4135 4328/4151/4143 4327/4158/4149 4319/4149/4141
f 4321/4150/4142 4329/4159/4150 4336/4160/4151 4328/4151/4143
f 4322/4152/4144 4330/4161/4152 4329/4162/4150 4321/4153/4142
f 4323/4154/4145 4331/4163/4153 4330/4161/4152 4322/4152/4144
f 4324/4155/4146 4332/4164/4154 4331/4163/4153 4323/4154/4145
f 4325/4156/4147 4333/4165/4155 4332/4164/4154 4324/4155/4146
f 4326/4157/4148 4334/4166/4156 4333/4165/4155 4325/4156/4147
f 4327/4158/4149 4335/4167/4157 4334/4166/4156 4326/4157/4148
f 4328/4151/4143 4336/4160/4151 4335/4167/4157 4327/4158/4149
f 4329/4159/4150 4337/892/4158 4344/893/4159 4336/4160/4151
f 4330/4161/4152 4338/894/4160 4337/895/4158 4329/4162/4150
f 4331/4163/4153 4339/896/4161 4338/894/4160 4330/4161/4152
f 4332/4164/4154 4340/897/4159 4339/896/4161 4331/4163/4153
f 4333/4165/4155 4341/898/4162 4340/897/4159 4332/4164/4154
f 4334/4166/4156 4342/899/4163 4341/898/4162 4333/4165/4155
f 4335/4167/4157 4343/900/4164 4342/899/4163 4334/4166/4156
f 4336/4160/4151 4344/893/4159 4343/900/4164 4335/4167/4157
f 4337/892/4158 4345/4168/4165 4352/4169/4166 4344/893/4159
f 4338/894/4160 4346/4170/4167 4345/4171/4165 4337/895/4158
f 4339/896/4161 4347/4172/4168 4346/4170/4167 4338/894/4160
f 4340/897/4159 4348/4173/4169 4347/4172/4168 4339/896/4161
f 4341/898/4162 4349/4174/4170 4348/4173/4169 4340/897/4159
f 4342/899/4163 4350/4175/4171 4349/4174/4170 4341/898/4162
f 4343/900/4164 4351/4176/4172 4350/4175/4171 4342/899/4163
f 4344/893/4159 4352/4169/4166 4351/4176/4172 4343/900/4164
f 4345/4168/4165 4353/4177/4173 4360/4178/4174 4352/4169/4166
f 4346/4170/4167 4354/4179/4175 4353/4180/4173 4345/4171/4165
f 4347/4172/4168 4355/4181/4176 4354/4179/4175 4346/4170/4167
f 4348/4173/4169 4356/4182/4177 4355/4181/4176 4347/4172/4168
f 4349/4174/4170 4357/4183/4178 4356/4182/4177 4348/4173/4169
f 4350/4175/4171 4358/4184/4179 4357/4183/4178 4349/4174/4170
f 4351/4176/4172 4359/4185/4180 4358/4184/4179 4350/4175/4171
f 4352/4169/4166 4360/4178/4174 4359/4185/4180 4351/4176/4172
f 4353/4177/4173 4361/4186/4181 4368/4187/4182 4360/4178/4174
f 4354/4179/4175 4362/4188/4183 4361/4189/4181 4353/4180/4173
f 4355/4181/4176 4363/4190/4184 4362/4188/4183 4354/4179/4175
f 4356/4182/4177 4364/4191/4185 4363/4190/4184 4355/4181/4176
f 4357/4183/4178 4365/4192/4186 4364/4191/4185 4356/4182/4177
f 4358/4184/4179 4366/4193/4187 4365/4192/4186 4357/4183/4178
f 4359/4185/4180 4367/4194/4188 4366/4193/4187 4358/4184/4179
f 4360/4178/4174 4368/4187/4182 4367/4194/4188 4359/4185/4180
f 4361/4186/4181 4369/4195/4189 4376/4196/4190 4368/4187/4182
f 4362/4188/4183 4370/4197/4191 4369/4198/4189 4361/4189/4181
f 4363/4190/4184 4371/4199/4192 4370/4197/4191 4362/4188/4183
f 4364/4191/4185 4372/4200/4193 4371/4199/4192 4363/4190/4184
f 4365/4192/4186 4373/4201/4194 4372/4200/4193 4364/4191/4185
f 4366/4193/4187 4374/4202/4195 4373/4201/4194 4365/4192/4186
f 4367/4194/4188 4375/4203/4196 4374/4202/4195 4366/4193/4187
f 4368/4187/4182 4376/4196/4190 4375/4203/4196 4367/4194/4188
f 4369/4195/4189 4377/4204/4197 4384/4205/4198 4376/4196/4190
f 4370/4197/4191 4378/4206/4199 4377/4207/4197 4369/4198/4189
f 4371/4199/4192 4379/4208/4200 4378/4206/4199 4370/4197/4191
f 4372/4200/4193 4380/4209/4201 4379/4208/4200 4371/4199/4192
f 4373/4201/4194 4381/4210/4202 4380/4209/4201 4372/4200/4193
f 4374/4202/4195 4382/4211/4203 4381/4210/4202 4373/4201/4194
f 4375/4203/4196 4383/4212/4204 4382/4211/4203 4374/4202/4195
f 4376/4196/4190 4384/4205/4198 4383/4212/4204 4375/4203/4196
f 4377/4204/4197 4385/4213/4205 4392/4214/4206 4384/4205/4198
f 4378/4206/4199 4386/4215/4207 4385/4216/4205 4377/4207/4197
f 4379/4208/4200 4387/4217/4208 4386/4215/4207 4378/4206/4199
f 4380/4209/4201 4388/4218/287 4387/4217/4208 4379/4208/4200
f 4381/4210/4202 4389/4219/4209 4388/4218/287 4380/4209/4201
f 4382/4211/4203 4390/4220/4210 4389/4219/4209 4381/4210/4202
f 4383/4212/4204 4391/4221/4211 4390/4220/4210 4382/4211/4203
f 4384/4205/4198 4392/4214/4206 4391/4221/4211 4383/4212/4204
f 4385/4213/4205 4393/4222/4212 4400/4223/4213 4392/4214/4206
f 4386/4215/4207 4394/4224/4214 4393/4225/4212 4385/4216/4205
f 4387/4217/4208 4395/4226/4215 4394/4224/4214 4386/4215/4207
f 4388/4218/287 4396/4227/4216 4395/4226/4215 4387/4217/4208
f 4389/4219/4209 4397/4228/4217 4396/4227/4216 4388/4218/287
f 4390/4220/4210 4398/4229/4218 4397/4228/4217 4389/4219/4209
f 4391/4221/4211 4399/4230/4219 4398/4229/4218 4390/4220/4210
f 4392/4214/4206 4400/4223/4213 4399/4230/4219 4391/4221/4211
f 4393/4222/4212 4401/4231/4220 4408/4232/4221 4400/4223/4213
f 4394/4224/4214 4402/4233/4222 4401/4234/4220 4393/4225/4212
f 4395/4226/4215 4403/4235/4223 4402/4233/4222 4394/4224/4214
f 4396/4227/4216 4404/4236/4224 4403/4235/4223 4395/4226/4215
f 4397/4228/4217 4405/4237/4225 4404/4236/4224 4396/4227/4216
f 4398/4229/4218 4406/4238/4226 4405/4237/4225 4397/4228/4217
f 4399/4230/4219 4407/4239/4227 4406/4238/4226 4398/4229/4218
f 4400/4223/4213 4408/4232/4221 4407/4239/4227 4399/4230/4219
f 4401/4231/4220 4409/4240/4228 4416/4241/4229 4408/4232/4221
f 4402/4233/4222 4410/4242/4230 4409/4243/4228 4401/4234/4220
f 4403/4235/4223 4411/4244/4231 4410/4242/4230 4402/4233/4222
f 4404/4236/4224 4412/4245/4232 4411/4244/4231 4403/4235/4223
f 4405/4237/4225 4413/4246/4233 4412/4245/4232 4404/4236/4224
f 4406/4238/4226 4414/4247/4234 4413/4246/4233 4405/4237/4225
f 4407/4239/4227 4415/4248/4235 4414/4247/4234 4406/4238/4226
f 4408/4232/4221 4416/4241/4229 4415/4248/4235 4407/4239/4227
f 4409/4240/4228 4417/4249/4236 4424/4250/4237 4416/4241/4229
f 4410/4242/4230 4418/4251/4238 4417/4252/4236 4409/4243/4228
f 4411/4244/4231 4419/4253/4239 4418/4251/4238 4410/4242/4230
f 4412/4245/4232 4420/4254/3132 4419/4253/4239 4411/4244/4231
f 4413/4246/4233 4421/4255/4240 4420/4254/3132 4412/4245/4232
f 4414/4247/4234 4422/4256/4241 4421/4255/4240 4413/4246/4233
f 4415/4248/4235 4423/4257/4242 4422/4256/4241 4414/4247/4234
f 4416/4241/4229 4424/4250/4237 4423/4257/4242 4415/4248/4235
f 4417/4249/4236 4425/910/4243 4432/911/4244 4424/4250/4237
f 4418/4251/4238 4426/912/4245 4425/913/4243 4417/4252/4236
f 4419/4253/4239 4427/914/4246 4426/912/4245 4418/4251/4238
f 4420/4254/3132 4428/915/4247 4427/914/4246 4419/4253/4239
f 4421/4255/4240 4429/916/4248 4428/915/4247 4420/4254/3132
f 4422/4256/4241 4430/917/4249 4429/916/4248 4421/4255/4240
f 4423/4257/4242 4431/918/4250 4430/917/4249 4422/4256/4241
f 4424/4250/4237 4432/911/4244 4431/918/4250 4423/4257/4242
f 4425/910/4243 4433/4258/4251 4440/4259/4252 4432/911/4244
f 4426/912/4245 4434/4260/4253 4433/4261/4251 4425/913/4243
f 4427/914/4246 4435/4262/4254 4434/4260/4253 4426/912/4245
f 4428/915/4247 4436/4263/4255 4435/4262/4254 4427/914/4246
f 4429/916/4248 4437/4264/4256 4436/4263/4255 4428/915/4247
f 4430/917/4249 4438/4265/4257 4437/4264/4256 4429/916/4248
f 4431/918/4250 4439/4266/4258 4438/4265/4257 4430/917/4249
f 4432/911/4244 4440/4259/4252 4439/4266/4258 4431/918/4250
f 4433/4258/4251 4441/4267/4259 4448/4268/4260 4440/4259/4252
f 4434/4260/4253 4442/4269/4261 4441/4270/4259 4433/4261/4251
f 4435/4262/4254 4443/4271/4262 4442/4269/4261 4434/4260/4253
f 4436/4263/4255 4444/4272/4263 4443/4271/4262 4435/4262/4254
f 4437/4264/4256 4445/4273/4264 4444/4272/4263 4436/4263/4255
f 4438/4265/4257 4446/4274/4265 4445/4273/4264 4437/4264/4256
f 4439/4266/4258 4447/4275/4266 4446/4274/4265 4438/4265/4257
f 4440/4259/4252 4448/4268/4260 4447/4275/4266 4439/4266/4258
f 4441/4267/4259 4449/4276/4267 4456/4277/4268 4448/4268/4260
f 4442/4269/4261 4450/4278/4269 4449/4279/4267 4441/4270/4259
f 4443/4271/4262 4451/4280/4270 4450/4278/4269 4442/4269/4261
f 4444/4272/4263 4452/4281/4271 4451/4280/4270 4443/4271/4262
f 4445/4273/4264 4453/4282/4272 4452/4281/4271 4444/4272/4263
f 4446/4274/4265 4454/4283/4273 4453/4282/4272 4445/4273/4264
f 4447/4275/4266 4455/4284/4274 4454/4283/4273 4446/4274/4265
f 4448/4268/4260 4456/4277/4268 4455/4284/4274 4447/4275/4266
f 4449/4276/4267 4457/4285/4275 4464/4286/4276 4456/4277/4268
f 4450/4278/4269 4458/4287/4277 4457/4288/4275 4449/4279/4267
f 4451/4280/4270 4459/4289/4278 4458/4287/4277 4450/4278/4269
f 4452/4281/4271 4460/4290/4279 4459/4289/4278 4451/4280/4270
f 4453/4282/4272 4461/4291/4280 4460/4290/4279 4452/4281/4271
f 4454/4283/4273 4462/4292/4281 4461/4291/4280 4453/4282/4272
f 4455/4284/4274 4463/4293/4282 4462/4292/4281 4454/4283/4273
f 4456/4277/4268 4464/4286/4276 4463/4293/4282 4455/4284/4274
f 4457/4285/4275 4465/4294/4283 4472/4295/4284 4464/4286/4276
f 4458/4287/4277 4466/4296/4285 4465/4297/4283 4457/4288/4275
f 4459/4289/4278 4467/4298/4286 4466/4296/4285 4458/4287/4277
f 4460/4290/4279 4468/4299/4287 4467/4298/4286 4459/4289/4278
f 4461/4291/4280 4469/4300/4288 4468/4299/4287 4460/4290/4279
f 4462/4292/4281 4470/4301/4289 4469/4300/4288 4461/4291/4280
f 4463/4293/4282 4471/4302/4290 4470/4301/4289 4462/4292/4281
f 4464/4286/4276 4472/4295/4284 4471/4302/4290 4463/4293/4282
f 4465/4294/4283 4473/4303/4291 4480/4304/4292 4472/4295/4284
f 4466/4296/4285 4474/4305/4293 4473/4306/4291 4465/4297/4283
f 4467/4298/4286 4475/4307/4294 4474/4305/4293 4466/4296/4285
f 4468/4299/4287 4476/4308/4295 4475/4307/4294 4467/4298/4286
f 4469/4300/4288 4477/4309/4296 4476/4308/4295 4468/4299/4287
f 4470/4301/4289 4478/4310/4297 4477/4309/4296 4469/4300/4288
f 4471/4302/4290 4479/4311/4298 4478/4310/4297 4470/4301/4289
f 4472/4295/4284 4480/4304/4292 4479/4311/4298 4471/4302/4290
f 4473/4303/4291 4481/4312/4299 4488/4313/4300 4480/4304/4292
f 4474/4305/4293 4482/4314/4301 4481/4315/4299 4473/4306/4291
f 4475/4307/4294 4483/4316/4302 4482/4314/4301 4474/4305/4293
f 4476/4308/4295 4484/4317/4303 4483/4316/4302 4475/4307/4294
f 4477/4309/4296 4485/4318/4304 4484/4317/4303 4476/4308/4295
f 4478/4310/4297 4486/4319/4305 4485/4318/4304 4477/4309/4296
f 4479/4311/4298 4487/4320/4306 4486/4319/4305 4478/4310/4297
f 4480/4304/4292 4488/4313/4300 4487/4320/4306 4479/4311/4298
f 4481/4312/4299 4489/4321/4307 4496/4322/4308 4488/4313/4300
f 4482/4314/4301 4490/4323/4309 4489/4324/4307 4481/4315/4299
f 4483/4316/4302 4491/4325/4310 4490/4323/4309 4482/4314/4301
f 4484/4317/4303 4492/4326/4311 4491/4325/4310 4483/4316/4302
f 4485/4318/4304 4493/4327/4312 4492/4326/4311 4484/4317/4303
f 4486/4319/4305 4494/4328/4313 4493/4327/4312 4485/4318/4304
f 4487/4320/4306 4495/4329/4314 4494/4328/4313 4486/4319/4305
f 4488/4313/4300 4496/4322/4308 4495/4329/4314 4487/4320/4306
f 4489/4321/4307 4497/4330/4315 4504/4331/4316 4496/4322/4308
f 4490/4323/4309 4498/4332/4317 4497/4333/4315 4489/4324/4307
f 4491/4325/4310 4499/4334/4318 4498/4332/4317 4490/4323/4309
f 4492/4326/4311 4500/4335/4319 4499/4334/4318 4491/4325/4310
f 4493/4327/4312 4501/4336/4320 4500/4335/4319 4492/4326/4311
f 4494/4328/4313 4502/4337/4321 4501/4336/4320 4493/4327/4312
f 4495/4329/4314 4503/4338/4322 4502/4337/4321 4494/4328/4313
f 4496/4322/4308 4504/4331/4316 4503/4338/4322 4495/4329/4314
f 4497/4330/4315 4505/4339/4323 4512/4340/191 4504/4331/4316
f 4498/4332/4317 4506/4341/4324 4505/4342/4323 4497/4333/4315
f 4499/4334/4318 4507/4343/4325 4506/4341/4324 4498/4332/4317
f 4500/4335/4319 4508/4344/4326 4507/4343/4325 4499/4334/4318
f 4501/4336/4320 4509/4345/4327 4508/4344/4326 4500/4335/4319
f 4502/4337/4321 4510/4346/4328 4509/4345/4327 4501/4336/4320
f 4503/4338/4322 4511/4347/4329 4510/4346/4328 4502/4337/4321
f 4504/4331/4316 4512/4340/191 4511/4347/4329 4503/4338/4322
f 4505/4339/4323 4513/577/4330 4520/578/4331 4512/4340/191
f 4506/4341/4324 4514/579/4332 4513/580/4330 4505/4342/4323
f 4507/4343/4325 4515/581/4333 4514/579/4332 4506/4341/4324
f 4508/4344/4326 4516/582/4331 4515/581/4333 4507/4343/4325
f 4509/4345/4327 4517/583/4334 4516/582/4331 4508/4344/4326
f 4510/4346/4328 4518/584/4335 4517/583/4334 4509/4345/4327
f 4511/4347/4329 4519/585/4336 4518/584/4335 4510/4346/4328
f 4512/4340/191 4520/578/4331 4519/585/4336 4511/4347/4329
f 4513/577/4330 4521/4348/4337 4528/4349/4338 4520/578/4331
f 4514/579/4332 4522/4350/4339 4521/4351/4337 4513/580/4330
f 4515/581/4333 4523/4352/4340 4522/4350/4339 4514/579/4332
f 4516/582/4331 4524/4353/4341 4523/4352/4340 4515/581/4333
f 4517/583/4334 4525/4354/4342 4524/4353/4341 4516/582/4331
f 4518/584/4335 4526/4355/4343 4525/4354/4342 4517/583/4334
f 4519/585/4336 4527/4356/4344 4526/4355/4343 4518/584/4335
f 4520/578/4331 4528/4349/4338 4527/4356/4344 4519/585/4336
f 4521/4348/4337 4529/4357/4345 4536/4358/4346 4528/4349/4338
f 4522/4350/4339 4530/4359/4347 4529/4360/4345 4521/4351/4337
f 4523/4352/4340 4531/4361/4348 4530/4359/4347 4522/4350/4339
f 4524/4353/4341 4532/4362/4349 4531/4361/4348 4523/4352/4340
f 4525/4354/4342 4533/4363/4350 4532/4362/4349 4524/4353/4341
f 4526/4355/4343 4534/4364/4351 4533/4363/4350 4525/4354/4342
f 4527/4356/4344 4535/4365/4352 4534/4364/4351 4526/4355/4343
f 4528/4349/4338 4536/4358/4346 4535/4365/4352 4527/4356/4344
f 4529/4357/4345 4537/4366/4353 4544/4367/4354 4536/4358/4346
f 4530/4359/4347 4538/4368/4355 4537/4369/4353 4529/4360/4345
f 4531/4361/4348 4539/4370/4356 4538/4368/4355 4530/4359/4347
f 4532/4362/4349 4540/4371/4357 4539/4370/4356 4531/4361/4348
f 4533/4363/4350 4541/4372/4358 4540/4371/4357 4532/4362/4349
f 4534/4364/4351 4542/4373/4359 4541/4372/4358 4533/4363/4350
f 4535/4365/4352 4543/4374/4360 4542/4373/4359 4534/4364/4351
f 4536/4358/4346 4544/4367/4354 4543/4374/4360 4535/4365/4352
f 4537/4366/4353 4545/4375/4361 4552/4376/4362 4544/4367/4354
f 4538/4368/4355 4546/4377/4363 4545/4378/4361 4537/4369/4353
f 4539/4370/4356 4547/4379/4364 4546/4377/4363 4538/4368/4355
f 4540/4371/4357 4548/4380/4365 4547/4379/4364 4539/4370/4356
f 4541/4372/4358 4549/4381/4366 4548/4380/4365 4540/4371/4357
f 4542/4373/4359 4550/4382/4367 4549/4381/4366 4541/4372/4358
f 4543/4374/4360 4551/4383/4368 4550/4382/4367 4542/4373/4359
f 4544/4367/4354 4552/4376/4362 4551/4383/4368 4543/4374/4360
f 4545/4375/4361 4553/4384/4369 4560/4385/4370 4552/4376/4362
f 4546/4377/4363 4554/4386/4371 4553/4387/4369 4545/4378/4361
f 4547/4379/4364 4555/4388/4372 4554/4386/4371 4546/4377/4363
f 4548/4380/4365 4556/4389/3843 4555/4388/4372 4547/4379/4364
f 4549/4381/4366 4557/4390/4373 4556/4389/3843 4548/4380/4365
f 4550/4382/4367 4558/4391/4374 4557/4390/4373 4549/4381/4366
f 4551/4383/4368 4559/4392/4375 4558/4391/4374 4550/4382/4367
f 4552/4376/4362 4560/4385/4370 4559/4392/4375 4551/4383/4368
f 4553/4384/4369 4561/4393/4376 4568/4394/4377 4560/4385/4370
f 4554/4386/4371 4562/4395/4378 4561/4396/4376 4553/4387/4369
f 4555/4388/4372 4563/4397/4379 4562/4395/4378 4554/4386/4371
f 4556/4389/3843 4564/4398/4380 4563/4397/4379 4555/4388/4372
f 4557/4390/4373 4565/4399/4381 4564/4398/4380 4556/4389/3843
f 4558/4391/4374 4566/4400/4382 4565/4399/4381 4557/4390/4373
f 4559/4392/4375 4567/4401/4383 4566/4400/4382 4558/4391/4374
f 4560/4385/4370 4568/4394/4377 4567/4401/4383 4559/4392/4375
f 4561/4393/4376 4569/4402/4384 4576/4403/4385 4568/4394/4377
f 4562/4395/4378 4570/4404/4386 4569/4405/4384 4561/4396/4376
f 4563/4397/4379 4571/4406/4387 4570/4404/4386 4562/4395/4378
f 4564/4398/4380 4572/4407/4388 4571/4406/4387 4563/4397/4379
f 4565/4399/4381 4573/4408/4389 4572/4407/4388 4564/4398/4380
f 4566/4400/4382 4574/4409/4390 4573/4408/4389 4565/4399/4381
f 4567/4401/4383 4575/4410/4391 4574/4409/4390 4566/4400/4382
f 4568/4394/4377 4576/4403/4385 4575/4410/4391 4567/4401/4383
f 4569/4402/4384 4577/4411/4392 4584/4412/4393 4576/4403/4385
f 4570/4404/4386 4578/4413/4394 4577/4414/4392 4569/4405/4384
f 4571/4406/4387 4579/4415/4395 4578/4413/4394 4570/4404/4386
f 4572/4407/4388 4580/4416/4396 4579/4415/4395 4571/4406/4387
f 4573/4408/4389 4581/4417/4397 4580/4416/4396 4572/4407/4388
f 4574/4409/4390 4582/4418/4398 4581/4417/4397 4573/4408/4389
f 4575/4410/4391 4583/4419/4399 4582/4418/4398 4574/4409/4390
f 4576/4403/4385 4584/4412/4393 4583/4419/4399 4575/4410/4391
f 4577/4411/4392 4585/4420/4400 4592/4421/4401 4584/4412/4393
f 4578/4413/4394 4586/4422/4402 4585/4423/4400 4577/4414/4392
f 4579/4415/4395 4587/4424/4403 4586/4422/4402 4578/4413/4394
f 4580/4416/4396 4588/4425/4404 4587/4424/4403 4579/4415/4395
f 4581/4417/4397 4589/4426/4405 4588/4425/4404 4580/4416/4396
f 4582/4418/4398 4590/4427/4406 4589/4426/4405 4581/4417/4397
f 4583/4419/4399 4591/4428/4407 4590/4427/4406 4582/4418/4398
f 4584/4412/4393 4592/4421/4401 4591/4428/4407 4583/4419/4399
f 4585/4420/4400 4593/4429/4408 4600/4430/4409 4592/4421/4401
f 4586/4422/4402 4594/4431/4410 4593/4432/4408 4585/4423/4400
f 4587/4424/4403 4595/4433/4411 4594/4431/4410 4586/4422/4402
f 4588/4425/4404 4596/4434/4412 4595/4433/4411 4587/4424/4403
f 4589/4426/4405 4597/4435/4413 4596/4434/4412 4588/4425/4404
f 4590/4427/4406 4598/4436/4414 4597/4435/4413 4589/4426/4405
f 4591/4428/4407 4599/4437/4415 4598/4436/4414 4590/4427/4406
f 4592/4421/4401 4600/4430/4409 4599/4437/4415 4591/4428/4407
f 4593/4429/4408 4601/937/4416 4608/938/4417 4600/4430/4409
f 4594/4431/4410 4602/939/4418 4601/940/4416 4593/4432/4408
f 4595/4433/4411 4603/941/4419 4602/939/4418 4594/4431/4410
f 4596/4434/4412 4604/942/4420 4603/941/4419 4595/4433/4411
f 4597/4435/4413 4605/943/4421 4604/942/4420 4596/4434/4412
f 4598/4436/4414 4606/944/4422 4605/943/4421 4597/4435/4413
f 4599/4437/4415 4607/945/4423 4606/944/4422 4598/4436/4414
f 4600/4430/4409 4608/938/4417 4607/945/4423 4599/4437/4415
f 4601/937/4416 4609/4438/4424 4616/4439/4425 4608/938/4417
f 4602/939/4418 4610/4440/4426 4609/4441/4424 4601/940/4416
f 4603/941/4419 4611/4442/4427 4610/4440/4426 4602/939/4418
f 4604/942/4420 4612/4443/4428 4611/4442/4427 4603/941/4419
f 4605/943/4421 4613/4444/4429 4612/4443/4428 4604/942/4420
f 4606/944/4422 4614/4445/4430 4613/4444/4429 4605/943/4421
f 4607/945/4423 4615/4446/4431 4614/4445/4430 4606/944/4422
f 4608/938/4417 4616/4439/4425 4615/4446/4431 4607/945/4423
f 4609/4438/4424 4617/4447/4432 4624/4448/4433 4616/4439/4425
f 4610/4440/4426 4618/4449/4434 4617/4450/4432 4609/4441/4424
f 4611/4442/4427 4619/4451/4435 4618/4449/4434 4610/4440/4426
f 4612/4443/4428 4620/4452/4436 4619/4451/4435 4611/4442/4427
f 4613/4444/4429 4621/4453/4437 4620/4452/4436 4612/4443/4428
f 4614/4445/4430 4622/4454/4438 4621/4453/4437 4613/4444/4429
f 4615/4446/4431 4623/4455/4439 4622/4454/4438 4614/4445/4430
f 4616/4439/4425 4624/4448/4433 4623/4455/4439 4615/4446/4431
f 4617/4447/4432 4625/4456/4440 4632/4457/4441 4624/4448/4433
f 4618/4449/4434 4626/4458/4442 4625/4459/4440 4617/4450/4432
f 4619/4451/4435 4627/4460/4443 4626/4458/4442 4618/4449/4434
f 4620/4452/4436 4628/4461/4444 4627/4460/4443 4619/4451/4435
f 4621/4453/4437 4629/4462/4445 4628/4461/4444 4620/4452/4436
f 4622/4454/4438 4630/4463/4446 4629/4462/4445 4621/4453/4437
f 4623/4455/4439 4631/4464/4447 4630/4463/4446 4622/4454/4438
f 4624/4448/4433 4632/4457/4441 4631/4464/4447 4623/4455/4439
f 4625/4456/4440 4633/4465/4448 4640/4466/4449 4632/4457/4441
f 4626/4458/4442 4634/4467/4450 4633/4468/4448 4625/4459/4440
f 4627/4460/4443 4635/4469/4451 4634/4467/4450 4626/4458/4442
f 4628/4461/4444 4636/4470/4452 4635/4469/4451 4627/4460/4443
f 4629/4462/4445 4637/4471/4453 4636/4470/4452 4628/4461/4444
f 4630/4463/4446 4638/4472/4454 4637/4471/4453 4629/4462/4445
f 4631/4464/4447 4639/4473/4455 4638/4472/4454 4630/4463/4446
f 4632/4457/4441 4640/4466/4449 4639/4473/4455 4631/4464/4447
f 4633/4465/4448 4641/4474/4456 4648/4475/4457 4640/4466/4449
f 4634/4467/4450 4642/4476/4458 4641/4477/4456 4633/4468/4448
f 4635/4469/4451 4643/4478/4459 4642/4476/4458 4634/4467/4450
f 4636/4470/4452 4644/4479/4460 4643/4478/4459 4635/4469/4451
f 4637/4471/4453 4645/4480/4461 4644/4479/4460 4636/4470/4452
f 4638/4472/4454 4646/4481/4462 4645/4480/4461 4637/4471/4453
f 4639/4473/4455 4647/4482/4463 4646/4481/4462 4638/4472/4454
f 4640/4466/4449 4648/4475/4457 4647/4482/4463 4639/4473/4455
f 4641/4474/4456 4649/4483/4464 4656/4484/4465 4648/4475/4457
f 4642/4476/4458 4650/4485/4466 4649/4486/4464 4641/4477/4456
f 4643/4478/4459 4651/4487/4467 4650/4485/4466 4642/4476/4458
f 4644/4479/4460 4652/4488/4468 4651/4487/4467 4643/4478/4459
f 4645/4480/4461 4653/4489/4469 4652/4488/4468 4644/4479/4460
f 4646/4481/4462 4654/4490/4470 4653/4489/4469 4645/4480/4461
f 4647/4482/4463 4655/4491/4471 4654/4490/4470 4646/4481/4462
f 4648/4475/4457 4656/4484/4465 4655/4491/4471 4647/4482/4463
f 4649/4483/4464 4657/4492/4472 4664/4493/3950 4656/4484/4465
f 4650/4485/4466 4658/4494/4473 4657/4495/4472 4649/4486/4464
f 4651/4487/4467 4659/4496/4474 4658/4494/4473 4650/4485/4466
f 4652/4488/4468 4660/4497/4475 4659/4496/4474 4651/4487/4467
f 4653/4489/4469 4661/4498/4476 4660/4497/4475 4652/4488/4468
f 4654/4490/4470 4662/4499/4477 4661/4498/4476 4653/4489/4469
f 4655/4491/4471 4663/4500/4478 4662/4499/4477 4654/4490/4470
f 4656/4484/4465 4664/4493/3950 4663/4500/4478 4655/4491/4471
f 4657/4492/4472 4665/4501/4479 4672/4502/4480 4664/4493/3950
f 4658/4494/4473 4666/4503/4481 4665/4504/4479 4657/4495/4472
f 4659/4496/4474 4667/4505/4482 4666/4503/4481 4658/4494/4473
f 4660/4497/4475 4668/4506/4483 4667/4505/4482 4659/4496/4474
f 4661/4498/4476 4669/4507/4484 4668/4506/4483 4660/4497/4475
f 4662/4499/4477 4670/4508/4485 4669/4507/4484 4661/4498/4476
f 4663/4500/4478 4671/4509/4486 4670/4508/4485 4662/4499/4477
f 4664/4493/3950 4672/4502/4480 4671/4509/4486 4663/4500/4478
f 4665/4501/4479 4673/4510/4487 4680/4511/4488 4672/4502/4480
f 4666/4503/4481 4674/4512/4489 4673/4513/4487 4665/4504/4479
f 4667/4505/4482 4675/4514/4490 4674/4512/4489 4666/4503/4481
f 4668/4506/4483 4676/4515/4491 4675/4514/4490 4667/4505/4482
f 4669/4507/4484 4677/4516/4492 4676/4515/4491 4668/4506/4483
f 4670/4508/4485 4678/4517/4493 4677/4516/4492 4669/4507/4484
f 4671/4509/4486 4679/4518/4494 4678/4517/4493 4670/4508/4485
f 4672/4502/4480 4680/4511/4488 4679/4518/4494 4671/4509/4486
f 4673/4510/4487 4681/4519/4495 4688/4520/4496 4680/4511/4488
f 4674/4512/4489 4682/4521/4497 4681/4522/4495 4673/4513/4487
f 4675/4514/4490 4683/4523/4498 4682/4521/4497 4674/4512/4489
f 4676/4515/4491 4684/4524/4499 4683/4523/4498 4675/4514/4490
f 4677/4516/4492 4685/4525/4500 4684/4524/4499 4676/4515/4491
f 4678/4517/4493 4686/4526/4501 4685/4525/4500 4677/4516/4492
f 4679/4518/4494 4687/4527/4502 4686/4526/4501 4678/4517/4493
f 4680/4511/4488 4688/4520/4496 4687/4527/4502 4679/4518/4494
f 4681/4519/4495 4689/955/4503 4696/956/4504 4688/4520/4496
f 4682/4521/4497 4690/957/4505 4689/958/4503 4681/4522/4495
f 4683/4523/4498 4691/959/4506 4690/957/4505 4682/4521/4497
f 4684/4524/4499 4692/960/4504 4691/959/4506 4683/4523/4498
f 4685/4525/4500 4693/961/4507 4692/960/4504 4684/4524/4499
f 4686/4526/4501 4694/962/4508 4693/961/4507 4685/4525/4500
f 4687/4527/4502 4695/963/4509 4694/962/4508 4686/4526/4501
f 4688/4520/4496 4696/956/4504 4695/963/4509 4687/4527/4502
f 4689/955/4503 4697/4528/4510 4704/4529/4511 4696/956/4504
f 4690/957/4505 4698/4530/4512 4697/4531/4510 4689/958/4503
f 4691/959/4506 4699/4532/4513 4698/4530/4512 4690/957/4505
f 4692/960/4504 4700/4533/4514 4699/4532/4513 4691/959/4506
f 4693/961/4507 4701/4534/4515 4700/4533/4514 4692/960/4504
f 4694/962/4508 4702/4535/4516 4701/4534/4515 4693/961/4507
f 4695/963/4509 4703/4536/4517 4702/4535/4516 4694/962/4508
f 4696/956/4504 4704/4529/4511 4703/4536/4517 4695/963/4509
f 4697/4528/4510 4705/4537/4518 4712/4538/4519 4704/4529/4511
f 4698/4530/4512 4706/4539/4520 4705/4540/4518 4697/4531/4510
f 4699/4532/4513 4707/4541/4521 4706/4539/4520 4698/4530/4512
f 4700/4533/4514 4708/4542/4522 4707/4541/4521 4699/4532/4513
f 4701/4534/4515 4709/4543/4523 4708/4542/4522 4700/4533/4514
f 4702/4535/4516 4710/4544/4524 4709/4543/4523 4701/4534/4515
f 4703/4536/4517 4711/4545/4525 4710/4544/4524 4702/4535/4516
f 4704/4529/4511 4712/4538/4519 4711/4545/4525 4703/4536/4517
f 4705/4537/4518 4713/4546/4526 4720/4547/4527 4712/4538/4519
f 4706/4539/4520 4714/4548/4528 4713/4549/4526 4705/4540/4518
f 4707/4541/4521 4715/4550/4529 4714/4548/4528 4706/4539/4520
f 4708/4542/4522 4716/4551/4530 4715/4550/4529 4707/4541/4521
f 4709/4543/4523 4717/4552/4531 4716/4551/4530 4708/4542/4522
f 4710/4544/4524 4718/4553/4532 4717/4552/4531 4709/4543/4523
f 4711/4545/4525 4719/4554/4533 4718/4553/4532 4710/4544/4524
f 4712/4538/4519 4720/4547/4527 4719/4554/4533 4711/4545/4525
f 4713/4546/4526 4721/4555/4534 4728/4556/3330 4720/4547/4527
f 4714/4548/4528 4722/4557/4535 4721/4558/4534 4713/4549/4526
f 4715/4550/4529 4723/4559/4536 4722/4557/4535 4714/4548/4528
f 4716/4551/4530 4724/4560/4537 4723/4559/4536 4715/4550/4529
f 4717/4552/4531 4725/4561/4538 4724/4560/4537 4716/4551/4530
f 4718/4553/4532 4726/4562/4539 4725/4561/4538 4717/4552/4531
f 4719/4554/4533 4727/4563/4540 4726/4562/4539 4718/4553/4532
f 4720/4547/4527 4728/4556/3330 4727/4563/4540 4719/4554/4533
f 4721/4555/4534 4729/4564/4541 4736/4565/4542 4728/4556/3330
f 4722/4557/4535 4730/4566/4543 4729/4567/4541 4721/4558/4534
f 4723/4559/4536 4731/4568/4544 4730/4566/4543 4722/4557/4535
f 4724/4560/4537 4732/4569/4545 4731/4568/4544 4723/4559/4536
f 4725/4561/4538 4733/4570/4546 4732/4569/4545 4724/4560/4537
f 4726/4562/4539 4734/4571/4547 4733/4570/4546 4725/4561/4538
f 4727/4563/4540 4735/4572/4548 4734/4571/4547 4726/4562/4539
f 4728/4556/3330 4736/4565/4542 4735/4572/4548 4727/4563/4540
f 4729/4564/4541 4737/4573/4549 4744/4574/4550 4736/4565/4542
f 4730/4566/4543 4738/4575/4551 4737/4576/4549 4729/4567/4541
f 4731/4568/4544 4739/4577/4552 4738/4575/4551 4730/4566/4543
f 4732/4569/4545 4740/4578/4553 4739/4577/4552 4731/4568/4544
f 4733/4570/4546 4741/4579/4554 4740/4578/4553 4732/4569/4545
f 4734/4571/4547 4742/4580/4555 4741/4579/4554 4733/4570/4546
f 4735/4572/4548 4743/4581/4556 4742/4580/4555 4734/4571/4547
f 4736/4565/4542 4744/4574/4550 4743/4581/4556 4735/4572/4548
f 4737/4573/4549 4745/4582/4557 4752/4583/4558 4744/4574/4550
f 4738/4575/4551 4746/4584/4559 4745/4585/4557 4737/4576/4549
f 4739/4577/4552 4747/4586/4560 4746/4584/4559 4738/4575/4551
f 4740/4578/4553 4748/4587/4561 4747/4586/4560 4739/4577/4552
f 4741/4579/4554 4749/4588/4562 4748/4587/4561 4740/4578/4553
f 4742/4580/4555 4750/4589/4563 4749/4588/4562 4741/4579/4554
f 4743/4581/4556 4751/4590/4564 4750/4589/4563 4742/4580/4555
f 4744/4574/4550 4752/4583/4558 4751/4590/4564 4743/4581/4556
f 4745/4582/4557 4753/4591/4565 4760/4592/4566 4752/4583/4558
f 4746/4584/4559 4754/4593/4567 4753/4594/4565 4745/4585/4557
f 4747/4586/4560 4755/4595/4568 4754/4593/4567 4746/4584/4559
f 4748/4587/4561 4756/4596/4569 4755/4595/4568 4747/4586/4560
f 4749/4588/4562 4757/4597/4570 4756/4596/4569 4748/4587/4561
f 4750/4589/4563 4758/4598/4571 4757/4597/4570 4749/4588/4562
f 4751/4590/4564 4759/4599/4572 4758/4598/4571 4750/4589/4563
f 4752/4583/4558 4760/4592/4566 4759/4599/4572 4751/4590/4564
f 4753/4591/4565 4761/4600/4573 4768/4601/4574 4760/4592/4566
f 4754/4593/4567 4762/4602/4575 4761/4603/4573 4753/4594/4565
f 4755/4595/4568 4763/4604/4576 4762/4602/4575 4754/4593/4567
f 4756/4596/4569 4764/4605/4577 4763/4604/4576 4755/4595/4568
f 4757/4597/4570 4765/4606/4578 4764/4605/4577 4756/4596/4569
f 4758/4598/4571 4766/4607/4579 4765/4606/4578 4757/4597/4570
f 4759/4599/4572 4767/4608/4580 4766/4607/4579 4758/4598/4571
f 4760/4592/4566 4768/4601/4574 4767/4608/4580 4759/4599/4572
f 4761/4600/4573 4769/4609/4581 4776/4610/4582 4768/4601/4574
f 4762/4602/4575 4770/4611/4583 4769/4612/4581 4761/4603/4573
f 4763/4604/4576 4771/4613/4584 4770/4611/4583 4762/4602/4575
f 4764/4605/4577 4772/4614/4585 4771/4613/4584 4763/4604/4576
f 4765/4606/4578 4773/4615/4586 4772/4614/4585 4764/4605/4577
f 4766/4607/4579 4774/4616/4587 4773/4615/4586 4765/4606/4578
f 4767/4608/4580 4775/4617/4588 4774/4616/4587 4766/4607/4579
f 4768/4601/4574 4776/4610/4582 4775/4617/4588 4767/4608/4580
f 4769/4609/4581 4777/973/4589 4784/974/4590 4776/4610/4582
f 4770/4611/4583 4778/975/4591 4777/976/4589 4769/4612/4581
f 4771/4613/4584 4779/977/4592 4778/975/4591 4770/4611/4583
f 4772/4614/4585 4780/978/4593 4779/977/4592 4771/4613/4584
f 4773/4615/4586 4781/979/4594 4780/978/4593 4772/4614/4585
f 4774/4616/4587 4782/980/4595 4781/979/4594 4773/4615/4586
f 4775/4617/4588 4783/981/4596 4782/980/4595 4774/4616/4587
f 4776/4610/4582 4784/974/4590 4783/981/4596 4775/4617/4588
f 4777/973/4589 4785/4618/4597 4792/4619/4598 4784/974/4590
f 4778/975/4591 4786/4620/4599 4785/4621/4597 4777/976/4589
f 4779/977/4592 4787/4622/4600 4786/4620/4599 4778/975/4591
f 4780/978/4593 4788/4623/4601 4787/4622/4600 4779/977/4592
f 4781/979/4594 4789/4624/4602 4788/4623/4601 4780/978/4593
f 4782/980/4595 4790/4625/4603 4789/4624/4602 4781/979/4594
f 4783/981/4596 4791/4626/4604 4790/4625/4603 4782/980/4595
f 4784/974/4590 4792/4619/4598 4791/4626/4604 4783/981/4596
f 4785/4618/4597 4793/4627/4605 4800/4628/4606 4792/4619/4598
f 4786/4620/4599 4794/4629/4607 4793/4630/4605 4785/4621/4597
f 4787/4622/4600 4795/4631/4608 4794/4629/4607 4786/4620/4599
f 4788/4623/4601 4796/4632/4609 4795/4631/4608 4787/4622/4600
f 4789/4624/4602 4797/4633/4610 4796/4632/4609 4788/4623/4601
f 4790/4625/4603 4798/4634/4611 4797/4633/4610 4789/4624/4602
f 4791/4626/4604 4799/4635/4612 4798/4634/4611 4790/4625/4603
f 4792/4619/4598 4800/4628/4606 4799/4635/4612 4791/4626/4604
f 4793/4627/4605 4801/4636/4613 4808/4637/4614 4800/4628/4606
f 4794/4629/4607 4802/4638/4615 4801/4639/4613 4793/4630/4605
f 4795/4631/4608 4803/4640/4616 4802/4638/4615 4794/4629/4607
f 4796/4632/4609 4804/4641/4617 4803/4640/4616 4795/4631/4608
f 4797/4633/4610 4805/4642/4618 4804/4641/4617 4796/4632/4609
f 4798/4634/4611 4806/4643/4619 4805/4642/4618 4797/4633/4610
f 4799/4635/4612 4807/4644/4620 4806/4643/4619 4798/4634/4611
f 4800/4628/4606 4808/4637/4614 4807/4644/4620 4799/4635/4612
f 4801/4636/4613 4809/4645/4621 4816/4646/4622 4808/4637/4614
f 4802/4638/4615 4810/4647/4623 4809/4648/4621 4801/4639/4613
f 4803/4640/4616 4811/4649/4624 4810/4647/4623 4802/4638/4615
f 4804/4641/4617 4812/4650/4625 4811/4649/4624 4803/4640/4616
f 4805/4642/4618 4813/4651/4626 4812/4650/4625 4804/4641/4617
f 4806/4643/4619 4814/4652/4627 4813/4651/4626 4805/4642/4618
f 4807/4644/4620 4815/4653/4628 4814/4652/4627 4806/4643/4619
f 4808/4637/4614 4816/4646/4622 4815/4653/4628 4807/4644/4620
f 4809/4645/4621 4817/4654/4629 4824/4655/4630 4816/4646/4622
f 4810/4647/4623 4818/4656/4631 4817/4657/4629 4809/4648/4621
f 4811/4649/4624 4819/4658/4632 4818/4656/4631 4810/4647/4623
f 4812/4650/4625 4820/4659/4633 4819/4658/4632 4811/4649/4624
f 4813/4651/4626 4821/4660/4634 4820/4659/4633 4812/4650/4625
f 4814/4652/4627 4822/4661/4635 4821/4660/4634 4813/4651/4626
f 4815/4653/4628 4823/4662/4636 4822/4661/4635 4814/4652/4627
f 4816/4646/4622 4824/4655/4630 4823/4662/4636 4815/4653/4628
f 4817/4654/4629 4825/4663/4637 4832/4664/4638 4824/4655/4630
f 4818/4656/4631 4826/4665/4639 4825/4666/4637 4817/4657/4629
f 4819/4658/4632 4827/4667/4640 4826/4665/4639 4818/4656/4631
f 4820/4659/4633 4828/4668/3431 4827/4667/4640 4819/4658/4632
f 4821/4660/4634 4829/4669/4641 4828/4668/3431 4820/4659/4633
f 4822/4661/4635 4830/4670/4642 4829/4669/4641 4821/4660/4634
f 4823/4662/4636 4831/4671/4643 4830/4670/4642 4822/4661/4635
f 4824/4655/4630 4832/4664/4638 4831/4671/4643 4823/4662/4636
f 4825/4663/4637 4833/4672/4644 4840/4673/4645 4832/4664/4638
f 4826/4665/4639 4834/4674/4646 4833/4675/4644 4825/4666/4637
f 4827/4667/4640 4835/4676/4647 4834/4674/4646 4826/4665/4639
f 4828/4668/3431 4836/4677/4648 4835/4676/4647 4827/4667/4640
f 4829/4669/4641 4837/4678/4649 4836/4677/4648 4828/4668/3431
f 4830/4670/4642 4838/4679/4650 4837/4678/4649 4829/4669/4641
f 4831/4671/4643 4839/4680/4651 4838/4679/4650 4830/4670/4642
f 4832/4664/4638 4840/4673/4645 4839/4680/4651 4831/4671/4643
f 4833/4672/4644 4841/4681/4652 4848/4682/4653 4840/4673/4645
f 4834/4674/4646 4842/4683/4654 4841/4684/4652 4833/4675/4644
f 4835/4676/4647 4843/4685/4655 4842/4683/4654 4834/4674/4646
f 4836/4677/4648 4844/4686/4656 4843/4685/4655 4835/4676/4647
f 4837/4678/4649 4845/4687/4657 4844/4686/4656 4836/4677/4648
f 4838/4679/4650 4846/4688/4658 4845/4687/4657 4837/4678/4649
f 4839/4680/4651 4847/4689/4659 4846/4688/4658 4838/4679/4650
f 4840/4673/4645 4848/4682/4653 4847/4689/4659 4839/4680/4651
f 4841/4681/4652 4849/4690/4660 4856/4691/4661 4848/4682/4653
f 4842/4683/4654 4850/4692/4662 4849/4693/4660 4841/4684/4652
f 4843/4685/4655 4851/4694/4663 4850/4692/4662 4842/4683/4654
f 4844/4686/4656 4852/4695/4664 4851/4694/4663 4843/4685/4655
f 4845/4687/4657 4853/4696/4665 4852/4695/4664 4844/4686/4656
f 4846/4688/4658 4854/4697/4666 4853/4696/4665 4845/4687/4657
f 4847/4689/4659 4855/4698/4667 4854/4697/4666 4846/4688/4658
f 4848/4682/4653 4856/4691/4661 4855/4698/4667 4847/4689/4659
f 4849/4690/4660 4857/4699/4668 4864/4700/4669 4856/4691/4661
f 4850/4692/4662 4858/4701/4670 4857/4702/4668 4849/4693/4660
f 4851/4694/4663 4859/4703/4671 4858/4701/4670 4850/4692/4662
f 4852/4695/4664 4860/4704/4672 4859/4703/4671 4851/4694/4663
f 4853/4696/4665 4861/4705/4673 4860/4704/4672 4852/4695/4664
f 4854/4697/4666 4862/4706/4674 4861/4705/4673 4853/4696/4665
f 4855/4698/4667 4863/4707/4675 4862/4706/4674 4854/4697/4666
f 4856/4691/4661 4864/4700/4669 4863/4707/4675 4855/4698/4667
f 4857/4699/4668 4865/658/4676 4872/659/4677 4864/4700/4669
f 4858/4701/4670 4866/660/4678 4865/661/4676 4857/4702/4668
f 4859/4703/4671 4867/662/4679 4866/660/4678 4858/4701/4670
f 4860/4704/4672 4868/663/4677 4867/662/4679 4859/4703/4671
f 4861/4705/4673 4869/664/4680 4868/663/4677 4860/4704/4672
f 4862/4706/4674 4870/665/4681 4869/664/4680 4861/4705/4673
f 4863/4707/4675 4871/666/4682 4870/665/4681 4862/4706/4674
f 4864/4700/4669 4872/659/4677 4871/666/4682 4863/4707/4675
f 4865/658/4676 4873/4708/4683 4880/4709/4684 4872/659/4677
f 4866/660/4678 4874/4710/4685 4873/4711/4683 4865/661/4676
f 4867/662/4679 4875/4712/4686 4874/4710/4685 4866/660/4678
f 4868/663/4677 4876/4713/4687 4875/4712/4686 4867/662/4679
f 4869/664/4680 4877/4714/4688 4876/4713/4687 4868/663/4677
f 4870/665/4681 4878/4715/4689 4877/4714/4688 4869/664/4680
f 4871/666/4682 4879/4716/4690 4878/4715/4689 4870/665/4681
f 4872/659/4677 4880/4709/4684 4879/4716/4690 4871/666/4682
f 4873/4708/4683 4881/4717/4691 4888/4718/4692 4880/4709/4684
f 4874/4710/4685 4882/4719/4693 4881/4720/4691 4873/4711/4683
f 4875/4712/4686 4883/4721/4694 4882/4719/4693 4874/4710/4685
f 4876/4713/4687 4884/4722/4695 4883/4721/4694 4875/4712/4686
f 4877/4714/4688 4885/4723/4696 4884/4722/4695 4876/4713/4687
f 4878/4715/4689 4886/4724/4697 4885/4723/4696 4877/4714/4688
f 4879/4716/4690 4887/4725/4698 4886/4724/4697 4878/4715/4689
f 4880/4709/4684 4888/4718/4692 4887/4725/4698 4879/4716/4690
f 4881/4717/4691 4889/4726/4699 4896/4727/4700 4888/4718/4692
f 4882/4719/4693 4890/4728/4701 4889/4729/4699 4881/4720/4691
f 4883/4721/4694 4891/4730/4702 4890/4728/4701 4882/4719/4693
f 4884/4722/4695 4892/4731/4703 4891/4730/4702 4883/4721/4694
f 4885/4723/4696 4893/4732/4704 4892/4731/4703 4884/4722/4695
f 4886/4724/4697 4894/4733/4705 4893/4732/4704 4885/4723/4696
f 4887/4725/4698 4895/4734/4706 4894/4733/4705 4886/4724/4697
f 4888/4718/4692 4896/4727/4700 4895/4734/4706 4887/4725/4698
f 4889/4726/4699 4897/4735/4707 4904/4736/4708 4896/4727/4700
f 4890/4728/4701 4898/4737/4709 4897/4738/4707 4889/4729/4699
f 4891/4730/4702 4899/4739/4710 4898/4737/4709 4890/4728/4701
f 4892/4731/4703 4900/4740/4711 4899/4739/4710 4891/4730/4702
f 4893/4732/4704 4901/4741/4712 4900/4740/4711 4892/4731/4703
f 4894/4733/4705 4902/4742/4713 4901/4741/4712 4893/4732/4704
f 4895/4734/4706 4903/4743/4714 4902/4742/4713 4894/4733/4705
f 4896/4727/4700 4904/4736/4708 4903/4743/4714 4895/4734/4706
f 4897/4735/4707 4905/4744/4715 4912/4745/4716 4904/4736/4708
f 4898/4737/4709 4906/4746/4717 4905/4747/4715 4897/4738/4707
f 4899/4739/4710 4907/4748/4718 4906/4746/4717 4898/4737/4709
f 4900/4740/4711 4908/4749/4719 4907/4748/4718 4899/4739/4710
f 4901/4741/4712 4909/4750/4720 4908/4749/4719 4900/4740/4711
f 4902/4742/4713 4910/4751/4721 4909/4750/4720 4901/4741/4712
f 4903/4743/4714 4911/4752/4722 4910/4751/4721 4902/4742/4713
f 4904/4736/4708 4912/4745/4716 4911/4752/4722 4903/4743/4714
f 4905/4744/4715 4913/4753/4723 4920/4754/4724 4912/4745/4716
f 4906/4746/4717 4914/4755/4725 4913/4756/4723 4905/4747/4715
f 4907/4748/4718 4915/4757/4726 4914/4755/4725 4906/4746/4717
f 4908/4749/4719 4916/4758/4727 4915/4757/4726 4907/4748/4718
f 4909/4750/4720 4917/4759/4728 4916/4758/4727 4908/4749/4719
f 4910/4751/4721 4918/4760/4729 4917/4759/4728 4909/4750/4720
f 4911/4752/4722 4919/4761/4730 4918/4760/4729 4910/4751/4721
f 4912/4745/4716 4920/4754/4724 4919/4761/4730 4911/4752/4722
f 4913/4753/4723 4921/4762/4731 4928/4763/4732 4920/4754/4724
f 4914/4755/4725 4922/4764/4733 4921/4765/4731 4913/4756/4723
f 4915/4757/4726 4923/4766/4734 4922/4764/4733 4914/4755/4725
f 4916/4758/4727 4924/4767/4735 4923/4766/4734 4915/4757/4726
f 4917/4759/4728 4925/4768/4736 4924/4767/4735 4916/4758/4727
f 4918/4760/4729 4926/4769/4737 4925/4768/4736 4917/4759/4728
f 4919/4761/4730 4927/4770/4738 4926/4769/4737 4918/4760/4729
f 4920/4754/4724 4928/4763/4732 4927/4770/4738 4919/4761/4730
f 4921/4762/4731 4929/4771/4739 4936/4772/4740 4928/4763/4732
f 4922/4764/4733 4930/4773/4741 4929/4774/4739 4921/4765/4731
f 4923/4766/4734 4931/4775/4742 4930/4773/4741 4922/4764/4733
f 4924/4767/4735 4932/4776/4743 4931/4775/4742 4923/4766/4734
f 4925/4768/4736 4933/4777/4744 4932/4776/4743 4924/4767/4735
f 4926/4769/4737 4934/4778/4745 4933/4777/4744 4925/4768/4736
f 4927/4770/4738 4935/4779/4746 4934/4778/4745 4926/4769/4737
f 4928/4763/4732 4936/4772/4740 4935/4779/4746 4927/4770/4738
f 4929/4771/4739 4937/4780/4747 4944/4781/4748 4936/4772/4740
f 4930/4773/4741 4938/4782/4749 4937/4783/4747 4929/4774/4739
f 4931/4775/4742 4939/4784/4750 4938/4782/4749 4930/4773/4741
f 4932/4776/4743 4940/4785/4751 4939/4784/4750 4931/4775/4742
f 4933/4777/4744 4941/4786/4752 4940/4785/4751 4932/4776/4743
f 4934/4778/4745 4942/4787/4753 4941/4786/4752 4933/4777/4744
f 4935/4779/4746 4943/4788/4754 4942/4787/4753 4934/4778/4745
f 4936/4772/4740 4944/4781/4748 4943/4788/4754 4935/4779/4746
f 4937/4780/4747 4945/4789/4755 4952/4790/4756 4944/4781/4748
f 4938/4782/4749 4946/4791/4757 4945/4792/4755 4937/4783/4747
f 4939/4784/4750 4947/4793/4758 4946/4791/4757 4938/4782/4749
f 4940/4785/4751 4948/4794/4759 4947/4793/4758 4939/4784/4750
f 4941/4786/4752 4949/4795/4760 4948/4794/4759 4940/4785/4751
f 4942/4787/4753 4950/4796/4761 4949/4795/4760 4941/4786/4752
f 4943/4788/4754 4951/4797/4762 4950/4796/4761 4942/4787/4753
f 4944/4781/4748 4952/4790/4756 4951/4797/4762 4943/4788/4754
f 4945/4789/4755 4953/1000/4763 4960/1001/4764 4952/4790/4756
f 4946/4791/4757 4954/1002/4765 4953/1003/4763 4945/4792/4755
f 4947/4793/4758 4955/1004/4766 4954/1002/4765 4946/4791/4757
f 4948/4794/4759 4956/1005/4767 4955/1004/4766 4947/4793/4758
f 4949/4795/4760 4957/1006/4768 4956/1005/4767 4948/4794/4759
f 4950/4796/4761 4958/1007/4769 4957/1006/4768 4949/4795/4760
f 4951/4797/4762 4959/1008/4770 4958/1007/4769 4950/4796/4761
f 4952/4790/4756 4960/1001/4764 4959/1008/4770 4951/4797/4762
f 4953/1000/4763 4961/4798/4771 4968/4799/4772 4960/1001/4764
f 4954/1002/4765 4962/4800/4773 4961/4801/4771 4953/1003/4763
f 4955/1004/4766 4963/4802/4774 4962/4800/4773 4954/1002/4765
f 4956/1005/4767 4964/4803/4775 4963/4802/4774 4955/1004/4766
f 4957/1006/4768 4965/4804/4776 4964/4803/4775 4956/1005/4767
f 4958/1007/4769 4966/4805/4777 4965/4804/4776 4957/1006/4768
f 4959/1008/4770 4967/4806/4778 4966/4805/4777 4958/1007/4769
f 4960/1001/4764 4968/4799/4772 4967/4806/4778 4959/1008/4770
f 4961/4798/4771 4969/4807/4779 4976/4808/4780 4968/4799/4772
f 4962/4800/4773 4970/4809/4781 4969/4810/4779 4961/4801/4771
f 4963/4802/4774 4971/4811/4782 4970/4809/4781 4962/4800/4773
f 4964/4803/4775 4972/4812/95 4971/4811/4782 4963/4802/4774
f 4965/4804/4776 4973/4813/4783 4972/4812/95 4964/4803/4775
f 4966/4805/4777 4974/4814/4784 4973/4813/4783 4965/4804/4776
f 4967/4806/4778 4975/4815/4785 4974/4814/4784 4966/4805/4777
f 4968/4799/4772 4976/4808/4780 4975/4815/4785 4967/4806/4778
f 4969/4807/4779 4977/4816/4786 4984/4817/4787 4976/4808/4780
f 4970/4809/4781 4978/4818/4788 4977/4819/4786 4969/4810/4779
f 4971/4811/4782 4979/4820/4789 4978/4818/4788 4970/4809/4781
f 4972/4812/95 4980/4821/4790 4979/4820/4789 4971/4811/4782
f 4973/4813/4783 4981/4822/4791 4980/4821/4790 4972/4812/95
f 4974/4814/4784 4982/4823/4792 4981/4822/4791 4973/4813/4783
f 4975/4815/4785 4983/4824/4793 4982/4823/4792 4974/4814/4784
f 4976/4808/4780 4984/4817/4787 4983/4824/4793 4975/4815/4785
f 4977/4816/4786 4985/4825/4794 4992/4826/4795 4984/4817/4787
f 4978/4818/4788 4986/4827/4796 4985/4828/4794 4977/4819/4786
f 4979/4820/4789 4987/4829/4797 4986/4827/4796 4978/4818/4788
f 4980/4821/4790 4988/4830/4798 4987/4829/4797 4979/4820/4789
f 4981/4822/4791 4989/4831/4799 4988/4830/4798 4980/4821/4790
f 4982/4823/4792 4990/4832/4800 4989/4831/4799 4981/4822/4791
f 4983/4824/4793 4991/4833/4801 4990/4832/4800 4982/4823/4792
f 4984/4817/4787 4992/4826/4795 4991/4833/4801 4983/4824/4793
f 4985/4825/4794 4993/4834/4802 5000/4835/4803 4992/4826/4795
f 4986/4827/4796 4994/4836/4804 4993/4837/4802 4985/4828/4794
f 4987/4829/4797 4995/4838/4805 4994/4836/4804 4986/4827/4796
f 4988/4830/4798 4996/4839/4806 4995/4838/4805 4987/4829/4797
f 4989/4831/4799 4997/4840/4807 4996/4839/4806 4988/4830/4798
f 4990/4832/4800 4998/4841/4808 4997/4840/4807 4989/4831/4799
f 4991/4833/4801 4999/4842/4809 4998/4841/4808 4990/4832/4800
f 4992/4826/4795 5000/4835/4803 4999/4842/4809 4991/4833/4801
f 4993/4834/4802 5001/4843/4810 5008/4844/4811 5000/4835/4803
f 4994/4836/4804 5002/4845/4812 5001/4846/4810 4993/4837/4802
f 4995/4838/4805 5003/4847/4813 5002/4845/4812 4994/4836/4804
f 4996/4839/4806 5004/4848/4814 5003/4847/4813 4995/4838/4805
f 4997/4840/4807 5005/4849/4815 5004/4848/4814 4996/4839/4806
f 4998/4841/4808 5006/4850/4816 5005/4849/4815 4997/4840/4807
f 4999/4842/4809 5007/4851/4817 5006/4850/4816 4998/4841/4808
f 5000/4835/4803 5008/4844/4811 5007/4851/4817 4999/4842/4809
f 5001/4843/4810 5009/4852/4818 5016/4853/4295 5008/4844/4811
f 5002/4845/4812 5010/4854/4819 5009/4855/4818 5001/4846/4810
f 5003/4847/4813 5011/4856/4820 5010/4854/4819 5002/4845/4812
f 5004/4848/4814 5012/4857/4821 5011/4856/4820 5003/4847/4813
f 5005/4849/4815 5013/4858/4822 5012/4857/4821 5004/4848/4814
f 5006/4850/4816 5014/4859/4823 5013/4858/4822 5005/4849/4815
f 5007/4851/4817 5015/4860/4824 5014/4859/4823 5006/4850/4816
f 5008/4844/4811 5016/4853/4295 5015/4860/4824 5007/4851/4817
f 5009/4852/4818 5017/4861/4825 5024/4862/4826 5016/4853/4295
f 5010/4854/4819 5018/4863/4827 5017/4864/4825 5009/4855/4818
f 5011/4856/4820 5019/4865/4828 5018/4863/4827 5010/4854/4819
f 5012/4857/4821 5020/4866/4829 5019/4865/4828 5011/4856/4820
f 5013/4858/4822 5021/4867/4830 5020/4866/4829 5012/4857/4821
f 5014/4859/4823 5022/4868/4831 5021/4867/4830 5013/4858/4822
f 5015/4860/4824 5023/4869/4832 5022/4868/4831 5014/4859/4823
f 5016/4853/4295 5024/4862/4826 5023/4869/4832 5015/4860/4824
f 5017/4861/4825 5025/4870/4833 5032/4871/4834 5024/4862/4826
f 5018/4863/4827 5026/4872/4835 5025/4873/4833 5017/4864/4825
f 5019/4865/4828 5027/4874/4836 5026/4872/4835 5018/4863/4827
f 5020/4866/4829 5028/4875/4837 5027/4874/4836 5019/4865/4828
f 5021/4867/4830 5029/4876/4838 5028/4875/4837 5020/4866/4829
f 5022/4868/4831 5030/4877/4839 5029/4876/4838 5021/4867/4830
f 5023/4869/4832 5031/4878/4840 5030/4877/4839 5022/4868/4831
f 5024/4862/4826 5032/4871/4834 5031/4878/4840 5023/4869/4832
f 5025/4870/4833 5033/4879/4841 5040/4880/583 5032/4871/4834
f 5026/4872/4835 5034/4881/4842 5033/4882/4841 5025/4873/4833
f 5027/4874/4836 5035/4883/4843 5034/4881/4842 5026/4872/4835
f 5028/4875/4837 5036/4884/4844 5035/4883/4843 5027/4874/4836
f 5029/4876/4838 5037/4885/4845 5036/4884/4844 5028/4875/4837
f 5030/4877/4839 5038/4886/4846 5037/4885/4845 5029/4876/4838
f 5031/4878/4840 5039/4887/4847 5038/4886/4846 5030/4877/4839
f 5032/4871/4834 5040/4880/583 5039/4887/4847 5031/4878/4840
f 5033/4879/4841 5041/1018/4848 5048/1019/4849 5040/4880/583
f 5034/4881/4842 5042/1020/4850 5041/1021/4848 5033/4882/4841
f 5035/4883/4843 5043/1022/4851 5042/1020/4850 5034/4881/4842
f 5036/4884/4844 5044/1023/4849 5043/1022/4851 5035/4883/4843
f 5037/4885/4845 5045/1024/4852 5044/1023/4849 5036/4884/4844
f 5038/4886/4846 5046/1025/4853 5045/1024/4852 5037/4885/4845
f 5039/4887/4847 5047/1026/4854 5046/1025/4853 5038/4886/4846
f 5040/4880/583 5048/1019/4849 5047/1026/4854 5039/4887/4847
f 5041/1018/4848 5049/4888/4855 5056/4889/4856 5048/1019/4849
f 5042/1020/4850 5050/4890/4857 5049/4891/4855 5041/1021/4848
f 5043/1022/4851 5051/4892/4858 5050/4890/4857 5042/1020/4850
f 5044/1023/4849 5052/4893/4859 5051/4892/4858 5043/1022/4851
f 5045/1024/4852 5053/4894/4860 5052/4893/4859 5044/1023/4849
f 5046/1025/4853 5054/4895/4861 5053/4894/4860 5045/1024/4852
f 5047/1026/4854 5055/4896/4862 5054/4895/4861 5046/1025/4853
f 5048/1019/4849 5056/4889/4856 5055/4896/4862 5047/1026/4854
f 5049/4888/4855 5057/4897/4863 5064/4898/4864 5056/4889/4856
f 5050/4890/4857 5058/4899/4865 5057/4900/4863 5049/4891/4855
f 5051/4892/4858 5059/4901/4866 5058/4899/4865 5050/4890/4857
f 5052/4893/4859 5060/4902/4867 5059/4901/4866 5051/4892/4858
f 5053/4894/4860 5061/4903/4868 5060/4902/4867 5052/4893/4859
f 5054/4895/4861 5062/4904/4869 5061/4903/4868 5053/4894/4860
f 5055/4896/4862 5063/4905/4870 5062/4904/4869 5054/4895/4861
f 5056/4889/4856 5064/4898/4864 5063/4905/4870 5055/4896/4862
f 5057/4897/4863 5065/4906/4871 5072/4907/4872 5064/4898/4864
f 5058/4899/4865 5066/4908/4873 5065/4909/4871 5057/4900/4863
f 5059/4901/4866 5067/4910/4874 5066/4908/4873 5058/4899/4865
f 5060/4902/4867 5068/4911/4875 5067/4910/4874 5059/4901/4866
f 5061/4903/4868 5069/4912/4876 5068/4911/4875 5060/4902/4867
f 5062/4904/4869 5070/4913/4877 5069/4912/4876 5061/4903/4868
f 5063/4905/4870 5071/4914/4878 5070/4913/4877 5062/4904/4869
f 5064/4898/4864 5072/4907/4872 5071/4914/4878 5063/4905/4870
f 5065/4906/4871 5073/4915/4879 5080/4916/3680 5072/4907/4872
f 5066/4908/4873 5074/4917/4880 5073/4918/4879 5065/4909/4871
f 5067/4910/4874 5075/4919/4881 5074/4917/4880 5066/4908/4873
f 5068/4911/4875 5076/4920/4882 5075/4919/4881 5067/4910/4874
f 5069/4912/4876 5077/4921/4883 5076/4920/4882 5068/4911/4875
f 5070/4913/4877 5078/4922/4884 5077/4921/4883 5069/4912/4876
f 5071/4914/4878 5079/4923/4885 5078/4922/4884 5070/4913/4877
f 5072/4907/4872 5080/4916/3680 5079/4923/4885 5071/4914/4878
f 5073/4915/4879 5081/4924/4886 5088/4925/4887 5080/4916/3680
f 5074/4917/4880 5082/4926/4888 5081/4927/4886 5073/4918/4879
f 5075/4919/4881 5083/4928/4889 5082/4926/4888 5074/4917/4880
f 5076/4920/4882 5084/4929/4890 5083/4928/4889 5075/4919/4881
f 5077/4921/4883 5085/4930/4891 5084/4929/4890 5076/4920/4882
f 5078/4922/4884 5086/4931/4892 5085/4930/4891 5077/4921/4883
f 5079/4923/4885 5087/4932/4893 5086/4931/4892 5078/4922/4884
f 5080/4916/3680 5088/4925/4887 5087/4932/4893 5079/4923/4885
f 5081/4924/4886 5089/4933/4894 5096/4934/4895 5088/4925/4887
f 5082/4926/4888 5090/4935/4896 5089/4936/4894 5081/4927/4886
f 5083/4928/4889 5091/4937/4897 5090/4935/4896 5082/4926/4888
f 5084/4929/4890 5092/4938/4898 5091/4937/4897 5083/4928/4889
f 5085/4930/4891 5093/4939/4899 5092/4938/4898 5084/4929/4890
f 5086/4931/4892 5094/4940/4900 5093/4939/4899 5085/4930/4891
f 5087/4932/4893 5095/4941/4901 5094/4940/4900 5086/4931/4892
f 5088/4925/4887 5096/4934/4895 5095/4941/4901 5087/4932/4893
f 5089/4933/4894 5097/4942/4902 5104/4943/4903 5096/4934/4895
f 5090/4935/4896 5098/4944/4904 5097/4945/4902 5089/4936/4894
f 5091/4937/4897 5099/4946/4905 5098/4944/4904 5090/4935/4896
f 5092/4938/4898 5100/4947/4906 5099/4946/4905 5091/4937/4897
f 5093/4939/4899 5101/4948/4907 5100/4947/4906 5092/4938/4898
f 5094/4940/4900 5102/4949/4908 5101/4948/4907 5093/4939/4899
f 5095/4941/4901 5103/4950/4909 5102/4949/4908 5094/4940/4900
f 5096/4934/4895 5104/4943/4903 5103/4950/4909 5095/4941/4901
f 5097/4942/4902 5105/4951/4910 5112/4952/4911 5104/4943/4903
f 5098/4944/4904 5106/4953/4912 5105/4954/4910 5097/4945/4902
f 5099/4946/4905 5107/4955/4913 5106/4953/4912 5098/4944/4904
f 5100/4947/4906 5108/4956/4914 5107/4955/4913 5099/4946/4905
f 5101/4948/4907 5109/4957/4915 5108/4956/4914 5100/4947/4906
f 5102/4949/4908 5110/4958/4916 5109/4957/4915 5101/4948/4907
f 5103/4950/4909 5111/4959/4917 5110/4958/4916 5102/4949/4908
f 5104/4943/4903 5112/4952/4911 5111/4959/4917 5103/4950/4909
f 5105/4951/4910 5113/4960/4918 5120/4961/4919 5112/4952/4911
f 5106/4953/4912 5114/4962/4920 5113/4963/4918 5105/4954/4910
f 5107/4955/4913 5115/4964/4921 5114/4962/4920 5106/4953/4912
f 5108/4956/4914 5116/4965/4922 5115/4964/4921 5107/4955/4913
f 5109/4957/4915 5117/4966/4923 5116/4965/4922 5108/4956/4914
f 5110/4958/4916 5118/4967/4924 5117/4966/4923 5109/4957/4915
f 5111/4959/4917 5119/4968/4925 5118/4967/4924 5110/4958/4916
f 5112/4952/4911 5120/4961/4919 5119/4968/4925 5111/4959/4917
f 5113/4960/4918 5121/4969/4926 5128/4970/4927 5120/4961/4919
f 5114/4962/4920 5122/4971/4928 5121/4972/4926 5113/4963/4918
f 5115/4964/4921 5123/4973/4929 5122/4971/4928 5114/4962/4920
f 5116/4965/4922 5124/4974/4930 5123/4973/4929 5115/4964/4921
f 5117/4966/4923 5125/4975/4931 5124/4974/4930 5116/4965/4922
f 5118/4967/4924 5126/4976/4932 5125/4975/4931 5117/4966/4923
f 5119/4968/4925 5127/4977/4933 5126/4976/4932 5118/4967/4924
f 5120/4961/4919 5128/4970/4927 5127/4977/4933 5119/4968/4925
f 5121/4969/4926 5129/1036/4934 5136/1037/4935 5128/4970/4927
f 5122/4971/4928 5130/1038/4936 5129/1039/4934 5121/4972/4926
f 5123/4973/4929 5131/1040/4937 5130/1038/4936 5122/4971/4928
f 5124/4974/4930 5132/1041/4938 5131/1040/4937 5123/4973/4929
f 5125/4975/4931 5133/1042/4939 5132/1041/4938 5124/4974/4930
f 5126/4976/4932 5134/1043/4940 5133/1042/4939 5125/4975/4931
f 5127/4977/4933 5135/1044/4941 5134/1043/4940 5126/4976/4932
f 5128/4970/4927 5136/1037/4935 5135/1044/4941 5127/4977/4933
f 5129/1036/4934 5137/4978/4942 5144/4979/4943 5136/1037/4935
f 5130/1038/4936 5138/4980/4944 5137/4981/4942 5129/1039/4934
f 5131/1040/4937 5139/4982/4945 5138/4980/4944 5130/1038/4936
f 5132/1041/4938 5140/4983/4946 5139/4982/4945 5131/1040/4937
f 5133/1042/4939 5141/4984/4947 5140/4983/4946 5132/1041/4938
f 5134/1043/4940 5142/4985/4948 5141/4984/4947 5133/1042/4939
f 5135/1044/4941 5143/4986/4949 5142/4985/4948 5134/1043/4940
f 5136/1037/4935 5144/4979/4943 5143/4986/4949 5135/1044/4941
f 5137/4978/4942 5145/4987/4950 5152/4988/4951 5144/4979/4943
f 5138/4980/4944 5146/4989/4952 5145/4990/4950 5137/4981/4942
f 5139/4982/4945 5147/4991/4953 5146/4989/4952 5138/4980/4944
f 5140/4983/4946 5148/4992/4954 5147/4991/4953 5139/4982/4945
f 5141/4984/4947 5149/4993/4955 5148/4992/4954 5140/4983/4946
f 5142/4985/4948 5150/4994/4956 5149/4993/4955 5141/4984/4947
f 5143/4986/4949 5151/4995/4957 5150/4994/4956 5142/4985/4948
f 5144/4979/4943 5152/4988/4951 5151/4995/4957 5143/4986/4949
f 5145/4987/4950 5153/4996/4958 5160/4997/4959 5152/4988/4951
f 5146/4989/4952 5154/4998/4960 5153/4999/4958 5145/4990/4950
f 5147/4991/4953 5155/5000/4961 5154/4998/4960 5146/4989/4952
f 5148/4992/4954 5156/5001/4962 5155/5000/4961 5147/4991/4953
f 5149/4993/4955 5157/5002/4963 5156/5001/4962 5148/4992/4954
f 5150/4994/4956 5158/5003/4964 5157/5002/4963 5149/4993/4955
f 5151/4995/4957 5159/5004/4965 5158/5003/4964 5150/4994/4956
f 5152/4988/4951 5160/4997/4959 5159/5004/4965 5151/4995/4957
f 5153/4996/4958 5161/5005/4966 5168/5006/4967 5160/4997/4959
f 5154/4998/4960 5162/5007/4968 5161/5008/4966 5153/4999/4958
f 5155/5000/4961 5163/5009/4969 5162/5007/4968 5154/4998/4960
f 5156/5001/4962 5164/5010/4970 5163/5009/4969 5155/5000/4961
f 5157/5002/4963 5165/5011/4971 5164/5010/4970 5156/5001/4962
f 5158/5003/4964 5166/5012/4972 5165/5011/4971 5157/5002/4963
f 5159/5004/4965 5167/5013/4973 5166/5012/4972 5158/5003/4964
f 5160/4997/4959 5168/5006/4967 5167/5013/4973 5159/5004/4965
f 5161/5005/4966 5169/5014/4974 5176/5015/4975 5168/5006/4967
f 5162/5007/4968 5170/5016/4976 5169/5017/4974 5161/5008/4966
f 5163/5009/4969 5171/5018/4977 5170/5016/4976 5162/5007/4968
f 5164/5010/4970 5172/5019/4978 5171/5018/4977 5163/5009/4969
f 5165/5011/4971 5173/5020/4979 5172/5019/4978 5164/5010/4970
f 5166/5012/4972 5174/5021/4980 5173/5020/4979 5165/5011/4971
f 5167/5013/4973 5175/5022/4981 5174/5021/4980 5166/5012/4972
f 5168/5006/4967 5176/5015/4975 5175/5022/4981 5167/5013/4973
f 5169/5014/4974 5177/5023/4982 5184/5024/4983 5176/5015/4975
f 5170/5016/4976 5178/5025/4984 5177/5026/4982 5169/5017/4974
f 5171/5018/4977 5179/5027/4985 5178/5025/4984 5170/5016/4976
f 5172/5019/4978 5180/5028/3781 5179/5027/4985 5171/5018/4977
f 5173/5020/4979 5181/5029/4986 5180/5028/3781 5172/5019/4978
f 5174/5021/4980 5182/5030/4987 5181/5029/4986 5173/5020/4979
f 5175/5022/4981 5183/5031/4988 5182/5030/4987 5174/5021/4980
f 5176/5015/4975 5184/5024/4983 5183/5031/4988 5175/5022/4981
f 5177/5023/4982 5185/5032/4989 5192/5033/4990 5184/5024/4983
f 5178/5025/4984 5186/5034/4991 5185/5035/4989 5177/5026/4982
f 5179/5027/4985 5187/5036/4992 5186/5034/4991 5178/5025/4984
f 5180/5028/3781 5188/5037/4993 5187/5036/4992 5179/5027/4985
f 5181/5029/4986 5189/5038/4994 5188/5037/4993 5180/5028/3781
f 5182/5030/4987 5190/5039/4995 5189/5038/4994 5181/5029/4986
f 5183/5031/4988 5191/5040/4996 5190/5039/4995 5182/5030/4987
f 5184/5024/4983 5192/5033/4990 5191/5040/4996 5183/5031/4988
f 5185/5032/4989 5193/5041/4997 5200/5042/4998 5192/5033/4990
f 5186/5034/4991 5194/5043/4999 5193/5044/4997 5185/5035/4989
f 5187/5036/4992 5195/5045/5000 5194/5043/4999 5186/5034/4991
f 5188/5037/4993 5196/5046/5001 5195/5045/5000 5187/5036/4992
f 5189/5038/4994 5197/5047/5002 5196/5046/5001 5188/5037/4993
f 5190/5039/4995 5198/5048/5003 5197/5047/5002 5189/5038/4994
f 5191/5040/4996 5199/5049/5004 5198/5048/5003 5190/5039/4995
f 5192/5033/4990 5200/5042/4998 5199/5049/5004 5191/5040/4996
f 5193/5041/4997 5201/5050/5005 5208/5051/5006 5200/5042/4998
f 5194/5043/4999 5202/5052/5007 5201/5053/5005 5193/5044/4997
f 5195/5045/5000 5203/5054/5008 5202/5052/5007 5194/5043/4999
f 5196/5046/5001 5204/5055/5009 5203/5054/5008 5195/5045/5000
f 5197/5047/5002 5205/5056/5010 5204/5055/5009 5196/5046/5001
f 5198/5048/5003 5206/5057/5011 5205/5056/5010 5197/5047/5002
f 5199/5049/5004 5207/5058/5012 5206/5057/5011 5198/5048/5003
f 5200/5042/4998 5208/5051/5006 5207/5058/5012 5199/5049/5004
f 5201/5050/5005 5209/5059/5013 5216/5060/380 5208/5051/5006
f 5202/5052/5007 5210/5061/5014 5209/5062/5013 5201/5053/5005
f 5203/5054/5008 5211/5063/5015 5210/5061/5014 5202/5052/5007
f 5204/5055/5009 5212/5064/5016 5211/5063/5015 5203/5054/5008
f 5205/5056/5010 5213/5065/5017 5212/5064/5016 5204/5055/5009
f 5206/5057/5011 5214/5066/5018 5213/5065/5017 5205/5056/5010
f 5207/5058/5012 5215/5067/5019 5214/5066/5018 5206/5057/5011
f 5208/5051/5006 5216/5060/380 5215/5067/5019 5207/5058/5012
f 5209/5059/5013 3457/334/3287 3464/335/3290 5216/5060/380
f 5210/5061/5014 3458/336/3291 3457/337/3287 5209/5062/5013
f 5211/5063/5015 3459/338/3293 3458/336/3291 5210/5061/5014
f 5212/5064/5016 3460/339/3290 3459/338/3293 5211/5063/5015
f 5213/5065/5017 3461/340/3296 3460/339/3290 5212/5064/5016
f 5214/5066/5018 3462/341/3298 3461/340/3296 5213/5065/5017
f 5215/5067/5019 3463/342/3300 3462/341/3298 5214/5066/5018
f 5216/5060/380 3464/335/3290 3463/342/3300 5215/5067/5019
f 5217/1/5020 5225/5068/5021 5232/5069/5022 5224/4/5023
f 5218/5/5024 5226/5070/5025 5225/5071/5021 5217/8/5020
f 5219/9/5026 5227/5072/5027 5226/5070/5025 5218/5/5024
f 5220/11/535 5228/5073/5028 5227/5072/5027 5219/9/5026
f 5221/13/5029 5229/5074/5030 5228/5073/5028 5220/11/535
f 5222/15/5031 5230/5075/5032 5229/5074/5030 5221/13/5029
f 5223/17/5033 5231/5076/5034 5230/5075/5032 5222/15/5031
f 5224/4/5023 5232/5069/5022 5231/5076/5034 5223/17/5033
f 5225/5068/5021 5233/1990/5035 5240/1991/5036 5232/5069/5022
f 5226/5070/5025 5234/1992/5037 5233/1993/5035 5225/5071/5021
f 5227/5072/5027 5235/1994/5038 5234/1992/5037 5226/5070/5025
f 5228/5073/5028 5236/1995/5039 5235/1994/5038 5227/5072/5027
f 5229/5074/5030 5237/1996/5040 5236/1995/5039 5228/5073/5028
f 5230/5075/5032 5238/1997/5041 5237/1996/5040 5229/5074/5030
f 5231/5076/5034 5239/1998/5042 5238/1997/5041 5230/5075/5032
f 5232/5069/5022 5240/1991/5036 5239/1998/5042 5231/5076/5034
f 5233/1990/5035 5241/775/5043 5248/776/220 5240/1991/5036
f 5234/1992/5037 5242/777/5044 5241/778/5043 5233/1993/5035
f 5235/1994/5038 5243/779/5045 5242/777/5044 5234/1992/5037
f 5236/1995/5039 5244/780/223 5243/779/5045 5235/1994/5038
f 5237/1996/5040 5245/781/5046 5244/780/223 5236/1995/5039
f 5238/1997/5041 5246/782/5047 5245/781/5046 5237/1996/5040
f 5239/1998/5042 5247/783/5048 5246/782/5047 5238/1997/5041
f 5240/1991/5036 5248/776/220 5247/783/5048 5239/1998/5042
f 5241/775/5043 5249/1279/5049 5256/1280/5050 5248/776/220
f 5242/777/5044 5250/1281/5051 5249/1282/5049 5241/778/5043
f 5243/779/5045 5251/1283/5052 5250/1281/5051 5242/777/5044
f 5244/780/223 5252/1284/5053 5251/1283/5052 5243/779/5045
f 5245/781/5046 5253/1285/5054 5252/1284/5053 5244/780/223
f 5246/782/5047 5254/1286/5055 5253/1285/5054 5245/781/5046
f 5247/783/5048 5255/1287/5056 5254/1286/5055 5246/782/5047
f 5248/776/220 5256/1280/5050 5255/1287/5056 5247/783/5048
f 5249/1279/5049 5257/5077/5057 5264/5078/5058 5256/1280/5050
f 5250/1281/5051 5258/5079/5059 5257/5080/5057 5249/1282/5049
f 5251/1283/5052 5259/5081/5060 5258/5079/5059 5250/1281/5051
f 5252/1284/5053 5260/5082/5061 5259/5081/5060 5251/1283/5052
f 5253/1285/5054 5261/5083/5062 5260/5082/5061 5252/1284/5053
f 5254/1286/5055 5262/5084/5063 5261/5083/5062 5253/1285/5054
f 5255/1287/5056 5263/5085/5064 5262/5084/5063 5254/1286/5055
f 5256/1280/5050 5264/5078/5058 5263/5085/5064 5255/1287/5056
f 5257/5077/5057 5265/811/5065 5272/812/3290 5264/5078/5058
f 5258/5079/5059 5266/813/5066 5265/814/5065 5257/5080/5057
f 5259/5081/5060 5267/815/5067 5266/813/5066 5258/5079/5059
f 5260/5082/5061 5268/816/4159 5267/815/5067 5259/5081/5060
f 5261/5083/5062 5269/817/5068 5268/816/4159 5260/5082/5061
f 5262/5084/5063 5270/818/5069 5269/817/5068 5261/5083/5062
f 5263/5085/5064 5271/819/5070 5270/818/5069 5262/5084/5063
f 5264/5078/5058 5272/812/3290 5271/819/5070 5263/5085/5064
f 5265/811/5065 5273/5086/5071 5280/5087/5072 5272/812/3290
f 5266/813/5066 5274/5088/5073 5273/5089/5071 5265/814/5065
f 5267/815/5067 5275/5090/5074 5274/5088/5073 5266/813/5066
f 5268/816/4159 5276/5091/5075 5275/5090/5074 5267/815/5067
f 5269/817/5068 5277/5092/5076 5276/5091/5075 5268/816/4159
f 5270/818/5069 5278/5093/5077 5277/5092/5076 5269/817/5068
f 5271/819/5070 5279/5094/5078 5278/5093/5077 5270/818/5069
f 5272/812/3290 5280/5087/5072 5279/5094/5078 5271/819/5070
f 5273/5086/5071 5281/469/5079 5288/470/5080 5280/5087/5072
f 5274/5088/5073 5282/471/5081 5281/472/5079 5273/5089/5071
f 5275/5090/5074 5283/473/5082 5282/471/5081 5274/5088/5073
f 5276/5091/5075 5284/474/5083 5283/473/5082 5275/5090/5074
f 5277/5092/5076 5285/475/5084 5284/474/5083 5276/5091/5075
f 5278/5093/5077 5286/476/5085 5285/475/5084 5277/5092/5076
f 5279/5094/5078 5287/477/5086 5286/476/5085 5278/5093/5077
f 5280/5087/5072 5288/470/5080 5287/477/5086 5279/5094/5078
f 5281/469/5079 5289/856/5087 5296/857/4 5288/470/5080
f 5282/471/5081 5290/858/5088 5289/859/5087 5281/472/5079
f 5283/473/5082 5291/860/5089 5290/858/5088 5282/471/5081
f 5284/474/5083 5292/861/9 5291/860/5089 5283/473/5082
f 5285/475/5084 5293/862/5090 5292/861/9 5284/474/5083
f 5286/476/5085 5294/863/5091 5293/862/5090 5285/475/5084
f 5287/477/5086 5295/864/5092 5294/863/5091 5286/476/5085
f 5288/470/5080 5296/857/4 5295/864/5092 5287/477/5086
f 5289/856/5087 5297/1999/5093 5304/2000/5094 5296/857/4
f 5290/858/5088 5298/2001/5095 5297/2002/5093 5289/859/5087
f 5291/860/5089 5299/2003/5096 5298/2001/5095 5290/858/5088
f 5292/861/9 5300/2004/5097 5299/2003/5096 5291/860/5089
f 5293/862/5090 5301/2005/5098 5300/2004/5097 5292/861/9
f 5294/863/5091 5302/2006/5099 5301/2005/5098 5293/862/5090
f 5295/864/5092 5303/2007/5100 5302/2006/5099 5294/863/5091
f 5296/857/4 5304/2000/5094 5303/2007/5100 5295/864/5092
f 5297/1999/5093 5305/5095/5101 5312/5096/5102 5304/2000/5094
f 5298/2001/5095 5306/5097/5103 5305/5098/5101 5297/2002/5093
f 5299/2003/5096 5307/5099/5104 5306/5097/5103 5298/2001/5095
f 5300/2004/5097 5308/5100/5105 5307/5099/5104 5299/2003/5096
f 5301/2005/5098 5309/5101/5106 5308/5100/5105 5300/2004/5097
f 5302/2006/5099 5310/5102/5107 5309/5101/5106 5301/2005/5098
f 5303/2007/5100 5311/5103/5108 5310/5102/5107 5302/2006/5099
f 5304/2000/5094 5312/5096/5102 5311/5103/5108 5303/2007/5100
f 5305/5095/5101 5313/892/5109 5320/893/535 5312/5096/5102
f 5306/5097/5103 5314/894/5110 5313/895/5109 5305/5098/5101
f 5307/5099/5104 5315/896/5111 5314/894/5110 5306/5097/5103
f 5308/5100/5105 5316/897/5023 5315/896/5111 5307/5099/5104
f 5309/5101/5106 5317/898/5112 5316/897/5023 5308/5100/5105
f 5310/5102/5107 5318/899/5113 5317/898/5112 5309/5101/5106
f 5311/5103/5108 5319/900/5114 5318/899/5113 5310/5102/5107
f 5312/5096/5102 5320/893/535 5319/900/5114 5311/5103/5108
f 5313/892/5109 5321/5104/5115 5328/5105/5028 5320/893/535
f 5314/894/5110 5322/5106/5116 5321/5107/5115 5313/895/5109
f 5315/896/5111 5323/5108/5117 5322/5106/5116 5314/894/5110
f 5316/897/5023 5324/5109/5022 5323/5108/5117 5315/896/5111
f 5317/898/5112 5325/5110/5118 5324/5109/5022 5316/897/5023
f 5318/899/5113 5326/5111/5119 5325/5110/5118 5317/898/5112
f 5319/900/5114 5327/5112/5120 5326/5111/5119 5318/899/5113
f 5320/893/535 5328/5105/5028 5327/5112/5120 5319/900/5114
f 5321/5104/5115 5329/2008/5121 5336/2009/5039 5328/5105/5028
f 5322/5106/5116 5330/2010/5122 5329/2011/5121 5321/5107/5115
f 5323/5108/5117 5331/2012/5123 5330/2010/5122 5322/5106/5116
f 5324/5109/5022 5332/2013/5036 5331/2012/5123 5323/5108/5117
f 5325/5110/5118 5333/2014/5124 5332/2013/5036 5324/5109/5022
f 5326/5111/5119 5334/2015/5125 5333/2014/5124 5325/5110/5118
f 5327/5112/5120 5335/2016/5126 5334/2015/5125 5326/5111/5119
f 5328/5105/5028 5336/2009/5039 5335/2016/5126 5327/5112/5120
f 5329/2008/5121 5337/928/5127 5344/929/223 5336/2009/5039
f 5330/2010/5122 5338/930/5128 5337/931/5127 5329/2011/5121
f 5331/2012/5123 5339/932/5129 5338/930/5128 5330/2010/5122
f 5332/2013/5036 5340/933/220 5339/932/5129 5331/2012/5123
f 5333/2014/5124 5341/934/5130 5340/933/220 5332/2013/5036
f 5334/2015/5125 5342/935/5131 5341/934/5130 5333/2014/5124
f 5335/2016/5126 5343/936/5132 5342/935/5131 5334/2015/5125
f 5336/2009/5039 5344/929/223 5343/936/5132 5335/2016/5126
f 5337/928/5127 5345/604/5133 5352/605/5053 5344/929/223
f 5338/930/5128 5346/606/5134 5345/607/5133 5337/931/5127
f 5339/932/5129 5347/608/5135 5346/606/5134 5338/930/5128
f 5340/933/220 5348/609/5050 5347/608/5135 5339/932/5129
f 5341/934/5130 5349/610/5136 5348/609/5050 5340/933/220
f 5342/935/5131 5350/611/5137 5349/610/5136 5341/934/5130
f 5343/936/5132 5351/612/5138 5350/611/5137 5342/935/5131
f 5344/929/223 5352/605/5053 5351/612/5138 5343/936/5132
f 5345/604/5133 5353/5113/5139 5360/5114/5061 5352/605/5053
f 5346/606/5134 5354/5115/5140 5353/5116/5139 5345/607/5133
f 5347/608/5135 5355/5117/5141 5354/5115/5140 5346/606/5134
f 5348/609/5050 5356/5118/5058 5355/5117/5141 5347/608/5135
f 5349/610/5136 5357/5119/5142 5356/5118/5058 5348/609/5050
f 5350/611/5137 5358/5120/5143 5357/5119/5142 5349/610/5136
f 5351/612/5138 5359/5121/5144 5358/5120/5143 5350/611/5137
f 5352/605/5053 5360/5114/5061 5359/5121/5144 5351/612/5138
f 5353/5113/5139 5361/973/5145 5368/974/4159 5360/5114/5061
f 5354/5115/5140 5362/975/5146 5361/976/5145 5353/5116/5139
f 5355/5117/5141 5363/977/5147 5362/975/5146 5354/5115/5140
f 5356/5118/5058 5364/978/3290 5363/977/5147 5355/5117/5141
f 5357/5119/5142 5365/979/5148 5364/978/3290 5356/5118/5058
f 5358/5120/5143 5366/980/5149 5365/979/5148 5357/5119/5142
f 5359/5121/5144 5367/981/5150 5366/980/5149 5358/5120/5143
f 5360/5114/5061 5368/974/4159 5367/981/5150 5359/5121/5144
f 5361/973/5145 5369/5122/5151 5376/5123/5075 5368/974/4159
f 5362/975/5146 5370/5124/5152 5369/5125/5151 5361/976/5145
f 5363/977/5147 5371/5126/5153 5370/5124/5152 5362/975/5146
f 5364/978/3290 5372/5127/5072 5371/5126/5153 5363/977/5147
f 5365/979/5148 5373/5128/5154 5372/5127/5072 5364/978/3290
f 5366/980/5149 5374/5129/5155 5373/5128/5154 5365/979/5148
f 5367/981/5150 5375/5130/5156 5374/5129/5155 5366/980/5149
f 5368/974/4159 5376/5123/5075 5375/5130/5156 5367/981/5150
f 5369/5122/5151 5377/1324/5157 5384/1325/5083 5376/5123/5075
f 5370/5124/5152 5378/1326/5158 5377/1327/5157 5369/5125/5151
f 5371/5126/5153 5379/1328/5159 5378/1326/5158 5370/5124/5152
f 5372/5127/5072 5380/1329/5080 5379/1328/5159 5371/5126/5153
f 5373/5128/5154 5381/1330/5160 5380/1329/5080 5372/5127/5072
f 5374/5129/5155 5382/1331/5161 5381/1330/5160 5373/5128/5154
f 5375/5130/5156 5383/1332/5162 5382/1331/5161 5374/5129/5155
f 5376/5123/5075 5384/1325/5083 5383/1332/5162 5375/5130/5156
f 5377/1324/5157 5385/1009/5163 5392/1010/9 5384/1325/5083
f 5378/1326/5158 5386/1011/5164 5385/1012/5163 5377/1327/5157
f 5379/1328/5159 5387/1013/5165 5386/1011/5164 5378/1326/5158
f 5380/1329/5080 5388/1014/4 5387/1013/5165 5379/1328/5159
f 5381/1330/5160 5389/1015/5166 5388/1014/4 5380/1329/5080
f 5382/1331/5161 5390/1016/5167 5389/1015/5166 5381/1330/5160
f 5383/1332/5162 5391/1017/5168 5390/1016/5167 5382/1331/5161
f 5384/1325/5083 5392/1010/9 5391/1017/5168 5383/1332/5162
f 5385/1009/5163 5393/2017/5169 5400/2018/5097 5392/1010/9
f 5386/1011/5164 5394/2019/5170 5393/2020/5169 5385/1012/5163
f 5387/1013/5165 5395/2021/5171 5394/2019/5170 5386/1011/5164
f 5388/1014/4 5396/2022/5094 5395/2021/5171 5387/1013/5165
f 5389/1015/5166 5397/2023/5172 5396/2022/5094 5388/1014/4
f 5390/1016/5167 5398/2024/5173 5397/2023/5172 5389/1015/5166
f 5391/1017/5168 5399/2025/5174 5398/2024/5173 5390/1016/5167
f 5392/1010/9 5400/2018/5097 5399/2025/5174 5391/1017/5168
f 5393/2017/5169 5401/5131/5175 5408/5132/5105 5400/2018/5097
f 5394/2019/5170 5402/5133/5176 5401/5134/5175 5393/2020/5169
f 5395/2021/5171 5403/5135/5177 5402/5133/5176 5394/2019/5170
f 5396/2022/5094 5404/5136/5102 5403/5135/5177 5395/2021/5171
f 5397/2023/5172 5405/5137/5178 5404/5136/5102 5396/2022/5094
f 5398/2024/5173 5406/5138/5179 5405/5137/5178 5397/2023/5172
f 5399/2025/5174 5407/5139/5180 5406/5138/5179 5398/2024/5173
f 5400/2018/5097 5408/5132/5105 5407/5139/5180 5399/2025/5174
f 5401/5131/5175 5217/334/5020 5224/335/5023 5408/5132/5105
f 5402/5133/5176 5218/336/5024 5217/337/5020 5401/5134/5175
f 5403/5135/5177 5219/338/5026 5218/336/5024 5402/5133/5176
f 5404/5136/5102 5220/339/535 5219/338/5026 5403/5135/5177
f 5405/5137/5178 5221/340/5029 5220/339/535 5404/5136/5102
f 5406/5138/5179 5222/341/5031 5221/340/5029 5405/5137/5178
f 5407/5139/5180 5223/342/5033 5222/341/5031 5406/5138/5179
f 5408/5132/5105 5224/335/5023 5223/342/5033 5407/5139/5180
s 0
usemtl acrylic
f 5410/5140/3170 5417/5141/3170 5416/5142/3170 5415/5143/3170 5414/5144/3170 5413/5145/3170 5412/5146/3170 5411/5147/3170 5409/5148/3170 5419/5149/3170 5426/5150/3170 5425/5151/3170 5424/5152/3170 5423/5153/3170 5422/5154/3170 5421/5155/3170 5420/5156/3170 5418/5157/3170 5437/5158/3170 5444/5159/3170 5443/5160/3170 5442/5161/3170 5441/5162/3170 5440/5163/3170 5439/5164/3170 5438/5165/3170 5436/5166/3170 5427/5167/3170 5429/5168/3170 5430/5169/3170 5431/5170/3170 5432/5171/3170 5433/5172/3170 5434/5173/3170 5435/5174/3170 5428/5175/3170
f 5446/5140/3174 5464/5175/3174 5471/5174/3174 5470/5173/3174 5469/5172/3174 5468/5171/3174 5467/5170/3174 5466/5169/3174 5465/5168/3174 5463/5167/3174 5472/5166/3174 5474/5165/3174 5475/5164/3174 5476/5163/3174 5477/5162/3174 5478/5161/3174 5479/5160/3174 5480/5159/3174 5473/5158/3174 5454/5157/3174 5456/5156/3174 5457/5155/3174 5458/5154/3174 5459/5153/3174 5460/5152/3174 5461/5151/3174 5462/5150/3174 5455/5149/3174 5445/5148/3174 5447/5147/3174 5448/5146/3174 5449/5145/3174 5450/5144/3174 5451/5143/3174 5452/5142/3174 5453/5141/3174
f 5410/5140/5023 5428/5175/5023 5464/5175/5023 5446/5140/5023
f 5417/5141/5181 5410/5140/5181 5446/5140/5181 5453/5141/5181
f 5416/5142/5182 5417/5141/5182 5453/5141/5182 5452/5142/5182
f 5415/5143/5183 5416/5142/5183 5452/5142/5183 5451/5143/5183
f 5414/5144/5184 5415/5143/5184 5451/5143/5184 5450/5144/5184
f 5413/5145/5185 5414/5144/5185 5450/5144/5185 5449/5145/5185
f 5412/5146/5186 5413/5145/5186 5449/5145/5186 5448/5146/5186
f 5411/5147/5187 5412/5146/5187 5448/5146/5187 5447/5147/5187
f 5409/5148/5188 5411/5147/5188 5447/5147/5188 5445/5148/5188
f 5419/5149/3290 5409/5148/3290 5445/5148/3290 5455/5149/3290
f 5426/5150/5189 5419/5149/5189 5455/5149/5189 5462/5150/5189
f 5425/5151/5190 5426/5150/5190 5462/5150/5190 5461/5151/5190
f 5424/5152/5191 5425/5151/5191 5461/5151/5191 5460/5152/5191
f 5423/5153/5192 5424/5152/5192 5460/5152/5192 5459/5153/5192
f 5422/5154/5193 5423/5153/5193 5459/5153/5193 5458/5154/5193
f 5421/5155/5194 5422/5154/5194 5458/5154/5194 5457/5155/5194
f 5420/5156/5195 5421/5155/5195 5457/5155/5195 5456/5156/5195
f 5418/5157/5196 5420/5156/5196 5456/5156/5196 5454/5157/5196
f 5437/5158/535 5418/5157/535 5454/5157/535 5473/5158/535
f 5444/5159/5197 5437/5158/5197 5473/5158/5197 5480/5159/5197
f 5443/5160/5198 5444/5159/5198 5480/5159/5198 5479/5160/5198
f 5442/5161/5199 5443/5160/5199 5479/5160/5199 5478/5161/5199
f 5441/5162/5200 5442/5161/5200 5478/5161/5200 5477/5162/5200
f 5440/5163/5201 5441/5162/5201 5477/5162/5201 5476/5163/5201
f 5439/5164/5202 5440/5163/5202 5476/5163/5202 5475/5164/5202
f 5438/5165/5203 5439/5164/5203 5475/5164/5203 5474/5165/5203
f 5436/5166/5204 5438/5165/5204 5474/5165/5204 5472/5166/5204
f 5427/5167/4159 5436/5166/4159 5472/5166/4159 5463/5167/4159
f 5429/5168/5205 5427/5167/5205 5463/5167/5205 5465/5168/5205
f 5430/5169/5206 5429/5168/5206 5465/5168/5206 5466/5169/5206
f 5431/5170/5207 5430/5169/5207 5466/5169/5207 5467/5170/5207
f 5432/5171/5208 5431/5170/5208 5467/5170/5208 5468/5171/5208
f 5433/5172/5209 5432/5171/5209 5468/5171/5209 5469/5172/5209
f 5434/5173/5210 5433/5172/5210 5469/5172/5210 5470/5173/5210
f 5435/5174/5211 5434/5173/5211 5470/5173/5211 5471/5174/5211
f 5428/5175/5212 5435/5174/5212 5471/5174/5212 5464/5175/5212
usemtl chrome
f 5481/340/5213 5482/334/5213 5484/5176/5213 5483/5177/5213
f 5483/5177/5214 5484/5176/5214 5486/1009/5214 5485/1015/5214
f 5485/1015/5215 5486/1009/5215 5488/5178/5215 5487/5179/5215
f 5487/5179/5216 5488/5178/5216 5490/973/5216 5489/979/5216
f 5489/979/5217 5490/973/5217 5492/5180/5217 5491/5181/5217
f 5491/5181/5218 5492/5180/5218 5494/928/5218 5493/934/5218
f 5493/934/5219 5494/928/5219 5496/5182/5219 5495/5183/5219
f 5495/5183/5220 5496/5182/5220 5498/892/5220 5497/898/5220
f 5497/898/5221 5498/892/5221 5500/5184/5221 5499/5185/5221
f 5499/5185/5222 5500/5184/5222 5502/856/5222 5501/862/5222
f 5501/862/5223 5502/856/5223 5504/5186/5223 5503/5187/5223
f 5503/5187/5224 5504/5186/5224 5506/811/5224 5505/817/5224
f 5505/817/5225 5506/811/5225 5508/5188/5225 5507/5189/5225
f 5507/5189/5226 5508/5188/5226 5510/775/5226 5509/781/5226
f 5484/5190/3170 5482/5191/3170 5512/5192/3170 5510/5193/3170 5508/5194/3170 5506/5195/3170 5504/5196/3170 5502/5197/3170 5500/5198/3170 5498/5199/3170 5496/5200/3170 5494/5201/3170 5492/5202/3170 5490/5203/3170 5488/5204/3170 5486/5205/3170
f 5509/781/5227 5510/775/5227 5512/5206/5227 5511/5207/5227
f 5511/5207/5228 5512/5206/5228 5482/1/5228 5481/13/5228
f 5481/5208/3174 5483/5209/3174 5485/5210/3174 5487/5211/3174 5489/5212/3174 5491/5213/3174 5493/5214/3174 5495/5215/3174 5497/5216/3174 5499/5217/3174 5501/5218/3174 5503/5219/3174 5505/5220/3174 5507/5221/3174 5509/5222/3174 5511/5223/3174
f 5513/340/5213 5514/334/5213 5516/5176/5213 5515/5177/5213
f 5515/5177/5214 5516/5176/5214 5518/1009/5214 5517/1015/5214
f 5517/1015/5215 5518/1009/5215 5520/5178/5215 5519/5179/5215
f 5519/5179/5216 5520/5178/5216 5522/973/5216 5521/979/5216
f 5521/979/5217 5522/973/5217 5524/5180/5217 5523/5181/5217
f 5523/5181/5218 5524/5180/5218 5526/928/5218 5525/934/5218
f 5525/934/5219 5526/928/5219 5528/5182/5219 5527/5183/5219
f 5527/5183/5220 5528/5182/5220 5530/892/5220 5529/898/5220
f 5529/898/5221 5530/892/5221 5532/5184/5221 5531/5185/5221
f 5531/5185/5222 5532/5184/5222 5534/856/5222 5533/862/5222
f 5533/862/5223 5534/856/5223 5536/5186/5223 5535/5187/5223
f 5535/5187/5224 5536/5186/5224 5538/811/5224 5537/817/5224
f 5537/817/5225 5538/811/5225 5540/5188/5225 5539/5189/5225
f 5539/5189/5226 5540/5188/5226 5542/775/5226 5541/781/5226
f 5516/5190/3170 5514/5191/3170 5544/5192/3170 5542/5193/3170 5540/5194/3170 5538/5224/3170 5536/5196/3170 5534/5197/3170 5532/5198/3170 5530/5225/3170 5528/5200/3170 5526/5201/3170 5524/5202/3170 5522/5203/3170 5520/5204/3170 5518/5205/3170
f 5541/781/5227 5542/775/5227 5544/5206/5227 5543/5207/5227
f 5543/5207/5228 5544/5206/5228 5514/1/5228 5513/13/5228
f 5513/5208/3174 5515/5209/3174 5517/5210/3174 5519/5211/3174 5521/5212/3174 5523/5213/3174 5525/5214/3174 5527/5215/3174 5529/5226/3174 5531/5217/3174 5533/5218/3174 5535/5219/3174 5537/5220/3174 5539/5221/3174 5541/5222/3174 5543/5223/3174
f 5545/340/5213 5546/334/5213 5548/5176/5213 5547/5177/5213
f 5547/5177/5214 5548/5176/5214 5550/1009/5214 5549/1015/5214
f 5549/1015/5215 5550/1009/5215 5552/5178/5215 5551/5179/5215
f 5551/5179/5216 5552/5178/5216 5554/973/5216 5553/979/5216
f 5553/979/5217 5554/973/5217 5556/5180/5217 5555/5181/5217
f 5555/5181/5218 5556/5180/5218 5558/928/5218 5557/934/5218
f 5557/934/5219 5558/928/5219 5560/5182/5219 5559/5183/5219
f 5559/5183/5220 5560/5182/5220 5562/892/5220 5561/898/5220
f 5561/898/5221 5562/892/5221 5564/5184/5221 5563/5185/5221
f 5563/5185/5222 5564/5184/5222 5566/856/5222 5565/862/5222
f 5565/862/5223 5566/856/5223 5568/5186/5223 5567/5187/5223
f 5567/5187/5224 5568/5186/5224 5570/811/5224 5569/817/5224
f 5569/817/5225 5570/811/5225 5572/5188/5225 5571/5189/5225
f 5571/5189/5226 5572/5188/5226 5574/775/5226 5573/781/5226
f 5548/5190/3170 5546/5191/3170 5576/5192/3170 5574/5193/3170 5572/5194/3170 5570/5195/3170 5568/5196/3170 5566/5197/3170 5564/5198/3170 5562/5199/3170 5560/5200/3170 5558/5201/3170 5556/5202/3170 5554/5203/3170 5552/5204/3170 5550/5205/3170
f 5573/781/5227 5574/775/5227 5576/5206/5227 5575/5207/5227
f 5575/5207/5228 5576/5206/5228 5546/1/5228 5545/13/5228
f 5545/5208/3174 5547/5209/3174 5549/5210/3174 5551/5211/3174 5553/5212/3174 5555/5213/3174 5557/5214/3174 5559/5215/3174 5561/5216/3174 5563/5217/3174 5565/5218/3174 5567/5219/3174 5569/5220/3174 5571/5221/3174 5573/5222/3174 5575/5223/3174
f 5577/340/5213 5578/334/5213 5580/5176/5213 5579/5177/5213
f 5579/5177/5214 5580/5176/5214 5582/1009/5214 5581/1015/5214
f 5581/1015/5215 5582/1009/5215 5584/5178/5215 5583/5179/5215
f 5583/5179/5216 5584/5178/5216 5586/973/5216 5585/979/5216
f 5585/979/5217 5586/973/5217 5588/5180/5217 5587/5181/5217
f 5587/5181/5218 5588/5180/5218 5590/928/5218 5589/934/5218
f 5589/934/5219 5590/928/5219 5592/5182/5219 5591/5183/5219
f 5591/5183/5220 5592/5182/5220 5594/892/5220 5593/898/5220
f 5593/898/5221 5594/892/5221 5596/5184/5221 5595/5185/5221
f 5595/5185/5222 5596/5184/5222 5598/856/5222 5597/862/5222
f 5597/862/5223 5598/856/5223 5600/5186/5223 5599/5187/5223
f 5599/5187/5224 5600/5186/5224 5602/811/5224 5601/817/5224
f 5601/817/5225 5602/811/5225 5604/5188/5225 5603/5189/5225
f 5603/5189/5226 5604/5188/5226 5606/775/5226 5605/781/5226
f 5580/5190/3170 5578/5191/3170 5608/5192/3170 5606/5193/3170 5604/5194/3170 5602/5224/3170 5600/5196/3170 5598/5197/3170 5596/5198/3170 5594/5225/3170 5592/5200/3170 5590/5201/3170 5588/5202/3170 5586/5203/3170 5584/5204/3170 5582/5205/3170
f 5605/781/5227 5606/775/5227 5608/5206/5227 5607/5207/5227
f 5607/5207/5228 5608/5206/5228 5578/1/5228 5577/13/5228
f 5577/5208/3174 5579/5209/3174 5581/5210/3174 5583/5211/3174 5585/5212/3174 5587/5213/3174 5589/5214/3174 5591/5215/3174 5593/5226/3174 5595/5217/3174 5597/5218/3174 5599/5219/3174 5601/5220/3174 5603/5221/3174 5605/5222/3174 5607/5223/3174
f 5609/340/5213 5610/334/5213 5612/5176/5213 5611/5177/5213
f 5611/5177/5214 5612/5176/5214 5614/1009/5214 5613/1015/5214
f 5613/1015/5215 5614/1009/5215 5616/5178/5215 5615/5179/5215
f 5615/5179/5216 5616/5178/5216 5618/973/5216 5617/979/5216
f 5617/979/5217 5618/973/5217 5620/5180/5217 5619/5181/5217
f 5619/5181/5218 5620/5180/5218 5622/928/5218 5621/934/5218
f 5621/934/5219 5622/928/5219 5624/5182/5219 5623/5183/5219
f 5623/5183/5220 5624/5182/5220 5626/892/5220 5625/898/5220
f 5625/898/5221 5626/892/5221 5628/5184/5221 5627/5185/5221
f 5627/5185/5222 5628/5184/5222 5630/856/5222 5629/862/5222
f 5629/862/5223 5630/856/5223 5632/5186/5223 5631/5187/5223
f 5631/5187/5224 5632/5186/5224 5634/811/5224 5633/817/5224
f 5633/817/5225 5634/811/5225 5636/5188/5225 5635/5189/5225
f 5635/5189/5226 5636/5188/5226 5638/775/5226 5637/781/5226
f 5612/5190/3170 5610/5191/3170 5640/5192/3170 5638/5193/3170 5636/5194/3170 5634/5195/3170 5632/5196/3170 5630/5197/3170 5628/5198/3170 5626/5199/3170 5624/5200/3170 5622/5201/3170 5620/5202/3170 5618/5203/3170 5616/5204/3170 5614/5205/3170
f 5637/781/5227 5638/775/5227 5640/5206/5227 5639/5207/5227
f 5639/5207/5228 5640/5206/5228 5610/1/5228 5609/13/5228
f 5609/5208/3174 5611/5209/3174 5613/5210/3174 5615/5211/3174 5617/5212/3174 5619/5213/3174 5621/5214/3174 5623/5215/3174 5625/5216/3174 5627/5217/3174 5629/5218/3174 5631/5219/3174 5633/5220/3174 5635/5221/3174 5637/5222/3174 5639/5223/3174
f 5641/340/5213 5642/334/5213 5644/5176/5213 5643/5177/5213
f 5643/5177/5214 5644/5176/5214 5646/1009/5214 5645/1015/5214
f 5645/1015/5215 5646/1009/5215 5648/5178/5215 5647/5179/5215
f 5647/5179/5216 5648/5178/5216 5650/973/5216 5649/979/5216
f 5649/979/5217 5650/973/5217 5652/5180/5217 5651/5181/5217
f 5651/5181/5218 5652/5180/5218 5654/928/5218 5653/934/5218
f 5653/934/5219 5654/928/5219 5656/5182/5219 5655/5183/5219
f 5655/5183/5220 5656/5182/5220 5658/892/5220 5657/898/5220
f 5657/898/5221 5658/892/5221 5660/5184/5221 5659/5185/5221
f 5659/5185/5222 5660/5184/5222 5662/856/5222 5661/862/5222
f 5661/862/5223 5662/856/5223 5664/5186/5223 5663/5187/5223
f 5663/5187/5224 5664/5186/5224 5666/811/5224 5665/817/5224
f 5665/817/5225 5666/811/5225 5668/5188/5225 5667/5189/5225
f 5667/5189/5226 5668/5188/5226 5670/775/5226 5669/781/5226
f 5644/5190/3170 5642/5191/3170 5672/5192/3170 5670/5193/3170 5668/5194/3170 5666/5224/3170 5664/5196/3170 5662/5197/3170 5660/5198/3170 5658/5225/3170 5656/5200/3170 5654/5201/3170 5652/5202/3170 5650/5203/3170 5648/5204/3170 5646/5205/3170
f 5669/781/5227 5670/775/5227 5672/5206/5227 5671/5207/5227
f 5671/5207/5228 5672/5206/5228 5642/1/5228 5641/13/5228
f 5641/5208/3174 5643/5209/3174 5645/5210/3174 5647/5211/3174 5649/5212/3174 5651/5213/3174 5653/5214/3174 5655/5215/3174 5657/5226/3174 5659/5217/3174 5661/5218/3174 5663/5219/3174 5665/5220/3174 5667/5221/3174 5669/5222/3174 5671/5223/3174
f 5673/340/5213 5674/334/5213 5676/5176/5213 5675/5177/5213
f 5675/5177/5214 5676/5176/5214 5678/1009/5214 5677/1015/5214
f 5677/1015/5215 5678/1009/5215 5680/5178/5215 5679/5179/5215
f 5679/5179/5216 5680/5178/5216 5682/973/5216 5681/979/5216
f 5681/979/5217 5682/973/5217 5684/5180/5217 5683/5181/5217
f 5683/5181/5218 5684/5180/5218 5686/928/5218 5685/934/5218
f 5685/934/5219 5686/928/5219 5688/5182/5219 5687/5183/5219
f 5687/5183/5220 5688/5182/5220 5690/892/5220 5689/898/5220
f 5689/898/5221 5690/892/5221 5692/5184/5221 5691/5185/5221
f 5691/5185/5222 5692/5184/5222 5694/856/5222 5693/862/5222
f 5693/862/5223 5694/856/5223 5696/5186/5223 5695/5187/5223
f 5695/5187/5224 5696/5186/5224 5698/811/5224 5697/817/5224
f 5697/817/5225 5698/811/5225 5700/5188/5225 5699/5189/5225
f 5699/5189/5226 5700/5188/5226 5702/775/5226 5701/781/5226
f 5676/5190/3170 5674/5191/3170 5704/5192/3170 5702/5193/3170 5700/5194/3170 5698/5195/3170 5696/5196/3170 5694/5197/3170 5692/5198/3170 5690/5199/3170 5688/5200/3170 5686/5201/3170 5684/5202/3170 5682/5203/3170 5680/5204/3170 5678/5205/3170
f 5701/781/5227 5702/775/5227 5704/5206/5227 5703/5207/5227
f 5703/5207/5228 5704/5206/5228 5674/1/5228 5673/13/5228
f 5673/5208/3174 5675/5209/3174 5677/5210/3174 5679/5211/3174 5681/5212/3174 5683/5213/3174 5685/5214/3174 5687/5215/3174 5689/5216/3174 5691/5217/3174 5693/5218/3174 5695/5219/3174 5697/5220/3174 5699/5221/3174 5701/5222/3174 5703/5223/3174
f 5705/340/5213 5706/334/5213 5708/5176/5213 5707/5177/5213
f 5707/5177/5214 5708/5176/5214 5710/1009/5214 5709/1015/5214
f 5709/1015/5215 5710/1009/5215 5712/5178/5215 5711/5179/5215
f 5711/5179/5216 5712/5178/5216 5714/973/5216 5713/979/5216
f 5713/979/5217 5714/973/5217 5716/5180/5217 5715/5181/5217
f 5715/5181/5218 5716/5180/5218 5718/928/5218 5717/934/5218
f 5717/934/5219 5718/928/5219 5720/5182/5219 5719/5183/5219
f 5719/5183/5220 5720/5182/5220 5722/892/5220 5721/898/5220
f 5721/898/5221 5722/892/5221 5724/5184/5221 5723/5185/5221
f 5723/5185/5222 5724/5184/5222 5726/856/5222 5725/862/5222
f 5725/862/5223 5726/856/5223 5728/5186/5223 5727/5187/5223
f 5727/5187/5224 5728/5186/5224 5730/811/5224 5729/817/5224
f 5729/817/5225 5730/811/5225 5732/5188/5225 5731/5189/5225
f 5731/5189/5226 5732/5188/5226 5734/775/5226 5733/781/5226
f 5708/5190/3170 5706/5191/3170 5736/5192/3170 5734/5193/3170 5732/5194/3170 5730/5224/3170 5728/5196/3170 5726/5197/3170 5724/5198/3170 5722/5225/3170 5720/5200/3170 5718/5201/3170 5716/5202/3170 5714/5203/3170 5712/5204/3170 5710/5205/3170
f 5733/781/5227 5734/775/5227 5736/5206/5227 5735/5207/5227
f 5735/5207/5228 5736/5206/5228 5706/1/5228 5705/13/5228
f 5705/5208/3174 5707/5209/3174 5709/5210/3174 5711/5211/3174 5713/5212/3174 5715/5213/3174 5717/5214/3174 5719/5215/3174 5721/5226/3174 5723/5217/3174 5725/5218/3174 5727/5219/3174 5729/5220/3174 5731/5221/3174 5733/5222/3174 5735/5223/3174
s 1
usemtl cable
f 5737/1/5229 5745/5068/5230 5752/5069/5231 5744/4/5232
f 5738/5/5233 5746/5070/5234 5745/5071/5230 5737/8/5229
f 5739/9/5235 5747/5072/5236 5746/5070/5234 5738/5/5233
f 5740/11/5237 5748/5073/5238 5747/5072/5236 5739/9/5235
f 5741/13/5239 5749/5074/5240 5748/5073/5238 5740/11/5237
f 5742/15/5241 5750/5075/5242 5749/5074/5240 5741/13/5239
f 5743/17/5243 5751/5076/5244 5750/5075/5242 5742/15/5241
f 5744/4/5232 5752/5069/5231 5751/5076/5244 5743/17/5243
f 5745/5068/5230 5753/1990/5245 5760/1991/5246 5752/5069/5231
f 5746/5070/5234 5754/1992/5247 5753/1993/5245 5745/5071/5230
f 5747/5072/5236 5755/1994/5248 5754/1992/5247 5746/5070/5234
f 5748/5073/5238 5756/1995/5249 5755/1994/5248 5747/5072/5236
f 5749/5074/5240 5757/1996/5250 5756/1995/5249 5748/5073/5238
f 5750/5075/5242 5758/1997/5251 5757/1996/5250 5749/5074/5240
f 5751/5076/5244 5759/1998/5252 5758/1997/5251 5750/5075/5242
f 5752/5069/5231 5760/1991/5246 5759/1998/5252 5751/5076/5244
f 5753/1990/5245 5761/775/5253 5768/776/5254 5760/1991/5246
f 5754/1992/5247 5762/777/5255 5761/778/5253 5753/1993/5245
f 5755/1994/5248 5763/779/5256 5762/777/5255 5754/1992/5247
f 5756/1995/5249 5764/780/5257 5763/779/5256 5755/1994/5248
f 5757/1996/5250 5765/781/5258 5764/780/5257 5756/1995/5249
f 5758/1997/5251 5766/782/5259 5765/781/5258 5757/1996/5250
f 5759/1998/5252 5767/783/5260 5766/782/5259 5758/1997/5251
f 5760/1991/5246 5768/776/5254 5767/783/5260 5759/1998/5252
f 5761/775/5253 5769/1279/5261 5776/1280/5262 5768/776/5254
f 5762/777/5255 5770/1281/5263 5769/1282/5261 5761/778/5253
f 5763/779/5256 5771/1283/5264 5770/1281/5263 5762/777/5255
f 5764/780/5257 5772/1284/5265 5771/1283/5264 5763/779/5256
f 5765/781/5258 5773/1285/5266 5772/1284/5265 5764/780/5257
f 5766/782/5259 5774/1286/5267 5773/1285/5266 5765/781/5258
f 5767/783/5260 5775/1287/5268 5774/1286/5267 5766/782/5259
f 5768/776/5254 5776/1280/5262 5775/1287/5268 5767/783/5260
f 5769/1279/5261 5777/5077/5269 5784/5078/5270 5776/1280/5262
f 5770/1281/5263 5778/5079/5271 5777/5080/5269 5769/1282/5261
f 5771/1283/5264 5779/5081/5272 5778/5079/5271 5770/1281/5263
f 5772/1284/5265 5780/5082/5273 5779/5081/5272 5771/1283/5264
f 5773/1285/5266 5781/5083/5274 5780/5082/5273 5772/1284/5265
f 5774/1286/5267 5782/5084/5275 5781/5083/5274 5773/1285/5266
f 5775/1287/5268 5783/5085/5276 5782/5084/5275 5774/1286/5267
f 5776/1280/5262 5784/5078/5270 5783/5085/5276 5775/1287/5268
f 5777/5077/5269 5785/811/5277 5792/812/5278 5784/5078/5270
f 5778/5079/5271 5786/813/5279 5785/814/5277 5777/5080/5269
f 5779/5081/5272 5787/815/5280 5786/813/5279 5778/5079/5271
f 5780/5082/5273 5788/816/5281 5787/815/5280 5779/5081/5272
f 5781/5083/5274 5789/817/5282 5788/816/5281 5780/5082/5273
f 5782/5084/5275 5790/818/5283 5789/817/5282 5781/5083/5274
f 5783/5085/5276 5791/819/5284 5790/818/5283 5782/5084/5275
f 5784/5078/5270 5792/812/5278 5791/819/5284 5783/5085/5276
f 5785/811/5277 5793/5086/5285 5800/5087/5286 5792/812/5278
f 5786/813/5279 5794/5088/5287 5793/5089/5285 5785/814/5277
f 5787/815/5280 5795/5090/5288 5794/5088/5287 5786/813/5279
f 5788/816/5281 5796/5091/5289 5795/5090/5288 5787/815/5280
f 5789/817/5282 5797/5092/5290 5796/5091/5289 5788/816/5281
f 5790/818/5283 5798/5093/5291 5797/5092/5290 5789/817/5282
f 5791/819/5284 5799/5094/5292 5798/5093/5291 5790/818/5283
f 5792/812/5278 5800/5087/5286 5799/5094/5292 5791/819/5284
f 5793/5086/5285 5801/469/5293 5808/470/5294 5800/5087/5286
f 5794/5088/5287 5802/471/5295 5801/472/5293 5793/5089/5285
f 5795/5090/5288 5803/473/5296 5802/471/5295 5794/5088/5287
f 5796/5091/5289 5804/474/5297 5803/473/5296 5795/5090/5288
f 5797/5092/5290 5805/475/5298 5804/474/5297 5796/5091/5289
f 5798/5093/5291 5806/476/5299 5805/475/5298 5797/5092/5290
f 5799/5094/5292 5807/477/5300 5806/476/5299 5798/5093/5291
f 5800/5087/5286 5808/470/5294 5807/477/5300 5799/5094/5292
f 5801/469/5293 5809/856/5301 5816/857/5302 5808/470/5294
f 5802/471/5295 5810/858/5303 5809/859/5301 5801/472/5293
f 5803/473/5296 5811/860/5304 5810/858/5303 5802/471/5295
f 5804/474/5297 5812/861/5305 5811/860/5304 5803/473/5296
f 5805/475/5298 5813/862/5306 5812/861/5305 5804/474/5297
f 5806/476/5299 5814/863/5307 5813/862/5306 5805/475/5298
f 5807/477/5300 5815/864/5308 5814/863/5307 5806/476/5299
f 5808/470/5294 5816/857/5302 5815/864/5308 5807/477/5300
f 5809/856/5301 5817/1999/5309 5824/2000/5310 5816/857/5302
f 5810/858/5303 5818/2001/5311 5817/2002/5309 5809/859/5301
f 5811/860/5304 5819/2003/5312 5818/2001/5311 5810/858/5303
f 5812/861/5305 5820/2004/5313 5819/2003/5312 5811/860/5304
f 5813/862/5306 5821/2005/5314 5820/2004/5313 5812/861/5305
f 5814/863/5307 5822/2006/5315 5821/2005/5314 5813/862/5306
f 5815/864/5308 5823/2007/5316 5822/2006/5315 5814/863/5307
f 5816/857/5302 5824/2000/5310 5823/2007/5316 5815/864/5308
f 5817/1999/5309 5825/5095/5317 5832/5096/5318 5824/2000/5310
f 5818/2001/5311 5826/5097/5319 5825/5098/5317 5817/2002/5309
f 5819/2003/5312 5827/5099/5320 5826/5097/5319 5818/2001/5311
f 5820/2004/5313 5828/5100/5321 5827/5099/5320 5819/2003/5312
f 5821/2005/5314 5829/5101/5322 5828/5100/5321 5820/2004/5313
f 5822/2006/5315 5830/5102/5323 5829/5101/5322 5821/2005/5314
f 5823/2007/5316 5831/5103/5324 5830/5102/5323 5822/2006/5315
f 5824/2000/5310 5832/5096/5318 5831/5103/5324 5823/2007/5316
f 5825/5095/5317 5833/892/5325 5840/893/5326 5832/5096/5318
f 5826/5097/5319 5834/894/5327 5833/895/5325 5825/5098/5317
f 5827/5099/5320 5835/896/5328 5834/894/5327 5826/5097/5319
f 5828/5100/5321 5836/897/5329 5835/896/5328 5827/5099/5320
f 5829/5101/5322 5837/898/5330 5836/897/5329 5828/5100/5321
f 5830/5102/5323 5838/899/5331 5837/898/5330 5829/5101/5322
f 5831/5103/5324 5839/900/5332 5838/899/5331 5830/5102/5323
f 5832/5096/5318 5840/893/5326 5839/900/5332 5831/5103/5324
f 5833/892/5325 5841/5104/5333 5848/5105/5334 5840/893/5326
f 5834/894/5327 5842/5106/5335 5841/5107/5333 5833/895/5325
f 5835/896/5328 5843/5108/5336 5842/5106/5335 5834/894/5327
f 5836/897/5329 5844/5109/5337 5843/5108/5336 5835/896/5328
f 5837/898/5330 5845/5110/5338 5844/5109/5337 5836/897/5329
f 5838/899/5331 5846/5111/5339 5845/5110/5338 5837/898/5330
f 5839/900/5332 5847/5112/5340 5846/5111/5339 5838/899/5331
f 5840/893/5326 5848/5105/5334 5847/5112/5340 5839/900/5332
f 5841/5104/5333 5849/2008/5341 5856/2009/5342 5848/5105/5334
f 5842/5106/5335 5850/2010/5343 5849/2011/5341 5841/5107/5333
f 5843/5108/5336 5851/2012/5344 5850/2010/5343 5842/5106/5335
f 5844/5109/5337 5852/2013/5345 5851/2012/5344 5843/5108/5336
f 5845/5110/5338 5853/2014/5346 5852/2013/5345 5844/5109/5337
f 5846/5111/5339 5854/2015/5347 5853/2014/5346 5845/5110/5338
f 5847/5112/5340 5855/2016/5348 5854/2015/5347 5846/5111/5339
f 5848/5105/5334 5856/2009/5342 5855/2016/5348 5847/5112/5340
f 5849/2008/5341 5857/928/5349 5864/929/5350 5856/2009/5342
f 5850/2010/5343 5858/930/5351 5857/931/5349 5849/2011/5341
f 5851/2012/5344 5859/932/5352 5858/930/5351 5850/2010/5343
f 5852/2013/5345 5860/933/5353 5859/932/5352 5851/2012/5344
f 5853/2014/5346 5861/934/5354 5860/933/5353 5852/2013/5345
f 5854/2015/5347 5862/935/5355 5861/934/5354 5853/2014/5346
f 5855/2016/5348 5863/936/5356 5862/935/5355 5854/2015/5347
f 5856/2009/5342 5864/929/5350 5863/936/5356 5855/2016/5348
f 5857/928/5349 5865/604/5357 5872/605/5358 5864/929/5350
f 5858/930/5351 5866/606/5359 5865/607/5357 5857/931/5349
f 5859/932/5352 5867/608/5360 5866/606/5359 5858/930/5351
f 5860/933/5353 5868/609/5361 5867/608/5360 5859/932/5352
f 5861/934/5354 5869/610/5362 5868/609/5361 5860/933/5353
f 5862/935/5355 5870/611/5363 5869/610/5362 5861/934/5354
f 5863/936/5356 5871/612/5364 5870/611/5363 5862/935/5355
f 5864/929/5350 5872/605/5358 5871/612/5364 5863/936/5356
f 5865/604/5357 5873/5113/5365 5880/5114/5366 5872/605/5358
f 5866/606/5359 5874/5115/5367 5873/5116/5365 5865/607/5357
f 5867/608/5360 5875/5117/5368 5874/5115/5367 5866/606/5359
f 5868/609/5361 5876/5118/5369 5875/5117/5368 5867/608/5360
f 5869/610/5362 5877/5119/5370 5876/5118/5369 5868/609/5361
f 5870/611/5363 5878/5120/5371 5877/5119/5370 5869/610/5362
f 5871/612/5364 5879/5121/5372 5878/5120/5371 5870/611/5363
f 5872/605/5358 5880/5114/5366 5879/5121/5372 5871/612/5364
f 5873/5113/5365 5881/973/5373 5888/974/5374 5880/5114/5366
f 5874/5115/5367 5882/975/5375 5881/976/5373 5873/5116/5365
f 5875/5117/5368 5883/977/5376 5882/975/5375 5874/5115/5367
f 5876/5118/5369 5884/978/5377 5883/977/5376 5875/5117/5368
f 5877/5119/5370 5885/979/5378 5884/978/5377 5876/5118/5369
f 5878/5120/5371 5886/980/5379 5885/979/5378 5877/5119/5370
f 5879/5121/5372 5887/981/5380 5886/980/5379 5878/5120/5371
f 5880/5114/5366 5888/974/5374 5887/981/5380 5879/5121/5372
f 5881/973/5373 5889/5122/5381 5896/5123/5382 5888/974/5374
f 5882/975/5375 5890/5124/5383 5889/5125/5381 5881/976/5373
f 5883/977/5376 5891/5126/5384 5890/5124/5383 5882/975/5375
f 5884/978/5377 5892/5127/5385 5891/5126/5384 5883/977/5376
f 5885/979/5378 5893/5128/5386 5892/5127/5385 5884/978/5377
f 5886/980/5379 5894/5129/5387 5893/5128/5386 5885/979/5378
f 5887/981/5380 5895/5130/5388 5894/5129/5387 5886/980/5379
f 5888/974/5374 5896/5123/5382 5895/5130/5388 5887/981/5380
f 5889/5122/5381 5897/1324/5389 5904/1325/5390 5896/5123/5382
f 5890/5124/5383 5898/1326/5391 5897/1327/5389 5889/5125/5381
f 5891/5126/5384 5899/1328/5392 5898/1326/5391 5890/5124/5383
f 5892/5127/5385 5900/1329/5393 5899/1328/5392 5891/5126/5384
f 5893/5128/5386 5901/1330/5394 5900/1329/5393 5892/5127/5385
f 5894/5129/5387 5902/1331/5395 5901/1330/5394 5893/5128/5386
f 5895/5130/5388 5903/1332/5396 5902/1331/5395 5894/5129/5387
f 5896/5123/5382 5904/1325/5390 5903/1332/5396 5895/5130/5388
f 5897/1324/5389 5905/1009/5397 5912/1010/5398 5904/1325/5390
f 5898/1326/5391 5906/1011/5399 5905/1012/5397 5897/1327/5389
f 5899/1328/5392 5907/1013/5400 5906/1011/5399 5898/1326/5391
f 5900/1329/5393 5908/1014/5401 5907/1013/5400 5899/1328/5392
f 5901/1330/5394 5909/1015/5402 5908/1014/5401 5900/1329/5393
f 5902/1331/5395 5910/1016/5403 5909/1015/5402 5901/1330/5394
f 5903/1332/5396 5911/1017/5404 5910/1016/5403 5902/1331/5395
f 5904/1325/5390 5912/1010/5398 5911/1017/5404 5903/1332/5396
f 5905/1009/5397 5913/2017/5405 5920/2018/5406 5912/1010/5398
f 5906/1011/5399 5914/2019/5407 5913/2020/5405 5905/1012/5397
f 5907/1013/5400 5915/2021/5408 5914/2019/5407 5906/1011/5399
f 5908/1014/5401 5916/2022/5409 5915/2021/5408 5907/1013/5400
f 5909/1015/5402 5917/2023/5410 5916/2022/5409 5908/1014/5401
f 5910/1016/5403 5918/2024/5411 5917/2023/5410 5909/1015/5402
f 5911/1017/5404 5919/2025/5412 5918/2024/5411 5910/1016/5403
f 5912/1010/5398 5920/2018/5406 5919/2025/5412 5911/1017/5404
f 5913/2017/5405 5921/5131/5413 5928/5132/5414 5920/2018/5406
f 5914/2019/5407 5922/5133/5415 5921/5134/5413 5913/2020/5405
f 5915/2021/5408 5923/5135/5416 5922/5133/5415 5914/2019/5407
f 5916/2022/5409 5924/5136/5417 5923/5135/5416 5915/2021/5408
f 5917/2023/5410 5925/5137/5418 5924/5136/5417 5916/2022/5409
f 5918/2024/5411 5926/5138/5419 5925/5137/5418 5917/2023/5410
f 5919/2025/5412 5927/5139/5420 5926/5138/5419 5918/2024/5411
f 5920/2018/5406 5928/5132/5414 5927/5139/5420 5919/2025/5412
f 5921/5131/5413 5929/334/5421 5936/335/5422 5928/5132/5414
f 5922/5133/5415 5930/336/5423 5929/337/5421 5921/5134/5413
f 5923/5135/5416 5931/338/5424 5930/336/5423 5922/5133/5415
f 5924/5136/5417 5932/339/5425 5931/338/5424 5923/5135/5416
f 5925/5137/5418 5933/340/5426 5932/339/5425 5924/5136/5417
f 5926/5138/5419 5934/341/5427 5933/340/5426 5925/5137/5418
f 5927/5139/5420 5935/342/5428 5934/341/5427 5926/5138/5419
f 5928/5132/5414 5936/335/5422 5935/342/5428 5927/5139/5420
